#
# A fatal error has been detected by the Java Runtime Environment:
#
#  EXCEPTION_ACCESS_VIOLATION (0xc0000005) at pc=0x00007ffb559169cb, pid=47208, tid=47252
#
# JRE version: OpenJDK Runtime Environment Microsoft-11369865 (17.0.15+6) (build 17.0.15+6-LTS)
# Java VM: OpenJDK 64-Bit Server VM Microsoft-11369865 (17.0.15+6-LTS, mixed mode, sharing, tiered, compressed oops, compressed class ptrs, g1 gc, windows-amd64)
# Problematic frame:
# V  [jvm.dll+0x3969cb]
#
# No core dump will be written. Minidumps are not enabled by default on client versions of Windows
#
# If you would like to submit a bug report, please visit:
#   https://github.com/microsoft/openjdk/issues
#

---------------  S U M M A R Y ------------

Command Line: --add-opens=java.base/java.util=ALL-UNNAMED --add-opens=java.base/java.lang=ALL-UNNAMED --add-opens=java.base/java.lang.invoke=ALL-UNNAMED --add-opens=java.base/java.util=ALL-UNNAMED --add-opens=java.prefs/java.util.prefs=ALL-UNNAMED --add-opens=java.prefs/java.util.prefs=ALL-UNNAMED --add-opens=java.base/java.nio.charset=ALL-UNNAMED --add-opens=java.base/java.net=ALL-UNNAMED --add-opens=java.base/java.util.concurrent.atomic=ALL-UNNAMED -Xmx2048m -Dfile.encoding=UTF-8 -Duser.country=US -Duser.language=en -Duser.variant org.gradle.launcher.daemon.bootstrap.GradleDaemon 7.5

Host: Intel(R) Core(TM) i9-14900HX, 32 cores, 15G,  Windows 11 , 64 bit Build 22621 (10.0.22621.5124)
Time: Tue Apr 29 21:36:42 2025 Eastern Daylight Time elapsed time: 2.200260 seconds (0d 0h 0m 2s)

---------------  T H R E A D  ---------------

Current thread (0x0000024fc2884290):  JavaThread "Daemon worker" [_thread_in_vm, id=47252, stack(0x0000005142700000,0x0000005142800000)]

Stack: [0x0000005142700000,0x0000005142800000],  sp=0x00000051427ed660,  free space=949k
Native frames: (J=compiled Java code, j=interpreted, Vv=VM code, C=native code)
V  [jvm.dll+0x3969cb]
V  [jvm.dll+0x39669e]
V  [jvm.dll+0x41fb69]
C  [java.dll+0x6f02]

Java frames: (J=compiled Java code, j=interpreted, Vv=VM code)
J 647  java.lang.Throwable.fillInStackTrace(I)Ljava/lang/Throwable; java.base@17.0.15 (0 bytes) @ 0x0000024fe996b663 [0x0000024fe996b620+0x0000000000000043]
J 2308 c2 java.lang.ClassNotFoundException.<init>(Ljava/lang/String;)V java.base@17.0.15 (7 bytes) @ 0x0000024fe9a48e7c [0x0000024fe9a48d20+0x000000000000015c]
J 2798 c1 java.net.URLClassLoader.findClass(Ljava/lang/String;)Ljava/lang/Class; java.base@17.0.15 (47 bytes) @ 0x0000024fe22fa354 [0x0000024fe22f9ca0+0x00000000000006b4]
J 3324 c1 java.lang.ClassLoader.loadClass(Ljava/lang/String;Z)Ljava/lang/Class; java.base@17.0.15 (121 bytes) @ 0x0000024fe242c5cc [0x0000024fe242c040+0x000000000000058c]
J 3324 c1 java.lang.ClassLoader.loadClass(Ljava/lang/String;Z)Ljava/lang/Class; java.base@17.0.15 (121 bytes) @ 0x0000024fe242c3ac [0x0000024fe242c040+0x000000000000036c]
J 3007 c2 java.lang.ClassLoader.loadClass(Ljava/lang/String;)Ljava/lang/Class; java.base@17.0.15 (7 bytes) @ 0x0000024fe9ae85c0 [0x0000024fe9ae8580+0x0000000000000040]
v  ~StubRoutines::call_stub
J 667  java.lang.ClassLoader.defineClass1(Ljava/lang/ClassLoader;Ljava/lang/String;[BIILjava/security/ProtectionDomain;Ljava/lang/String;)Ljava/lang/Class; java.base@17.0.15 (0 bytes) @ 0x0000024fe996d0e3 [0x0000024fe996d020+0x00000000000000c3]
J 4149 c2 java.security.SecureClassLoader.defineClass(Ljava/lang/String;[BIILjava/security/CodeSource;)Ljava/lang/Class; java.base@17.0.15 (16 bytes) @ 0x0000024fe9b93400 [0x0000024fe9b92e40+0x00000000000005c0]
J 4077 c1 java.net.URLClassLoader.defineClass(Ljava/lang/String;Ljdk/internal/loader/Resource;)Ljava/lang/Class; java.base@17.0.15 (224 bytes) @ 0x0000024fe2588124 [0x0000024fe2586aa0+0x0000000000001684]
J 3984 c1 java.net.URLClassLoader$1.run()Ljava/lang/Class; java.base@17.0.15 (81 bytes) @ 0x0000024fe25486ec [0x0000024fe2547ac0+0x0000000000000c2c]
J 694 c1 java.net.URLClassLoader$1.run()Ljava/lang/Object; java.base@17.0.15 (5 bytes) @ 0x0000024fe1e5e8c4 [0x0000024fe1e5e840+0x0000000000000084]
J 2768 c1 java.security.AccessController.doPrivileged(Ljava/security/PrivilegedExceptionAction;Ljava/security/AccessControlContext;)Ljava/lang/Object; java.base@17.0.15 (26 bytes) @ 0x0000024fe22f06f4 [0x0000024fe22f0520+0x00000000000001d4]
J 2798 c1 java.net.URLClassLoader.findClass(Ljava/lang/String;)Ljava/lang/Class; java.base@17.0.15 (47 bytes) @ 0x0000024fe22f9e3c [0x0000024fe22f9ca0+0x000000000000019c]
J 3324 c1 java.lang.ClassLoader.loadClass(Ljava/lang/String;Z)Ljava/lang/Class; java.base@17.0.15 (121 bytes) @ 0x0000024fe242c5cc [0x0000024fe242c040+0x000000000000058c]
J 3007 c2 java.lang.ClassLoader.loadClass(Ljava/lang/String;)Ljava/lang/Class; java.base@17.0.15 (7 bytes) @ 0x0000024fe9ae85c0 [0x0000024fe9ae8580+0x0000000000000040]
v  ~StubRoutines::call_stub
J 667  java.lang.ClassLoader.defineClass1(Ljava/lang/ClassLoader;Ljava/lang/String;[BIILjava/security/ProtectionDomain;Ljava/lang/String;)Ljava/lang/Class; java.base@17.0.15 (0 bytes) @ 0x0000024fe996d0e3 [0x0000024fe996d020+0x00000000000000c3]
J 4149 c2 java.security.SecureClassLoader.defineClass(Ljava/lang/String;[BIILjava/security/CodeSource;)Ljava/lang/Class; java.base@17.0.15 (16 bytes) @ 0x0000024fe9b93400 [0x0000024fe9b92e40+0x00000000000005c0]
J 4077 c1 java.net.URLClassLoader.defineClass(Ljava/lang/String;Ljdk/internal/loader/Resource;)Ljava/lang/Class; java.base@17.0.15 (224 bytes) @ 0x0000024fe2588124 [0x0000024fe2586aa0+0x0000000000001684]
J 3984 c1 java.net.URLClassLoader$1.run()Ljava/lang/Class; java.base@17.0.15 (81 bytes) @ 0x0000024fe25486ec [0x0000024fe2547ac0+0x0000000000000c2c]
J 694 c1 java.net.URLClassLoader$1.run()Ljava/lang/Object; java.base@17.0.15 (5 bytes) @ 0x0000024fe1e5e8c4 [0x0000024fe1e5e840+0x0000000000000084]
J 2768 c1 java.security.AccessController.doPrivileged(Ljava/security/PrivilegedExceptionAction;Ljava/security/AccessControlContext;)Ljava/lang/Object; java.base@17.0.15 (26 bytes) @ 0x0000024fe22f06f4 [0x0000024fe22f0520+0x00000000000001d4]
J 2798 c1 java.net.URLClassLoader.findClass(Ljava/lang/String;)Ljava/lang/Class; java.base@17.0.15 (47 bytes) @ 0x0000024fe22f9e3c [0x0000024fe22f9ca0+0x000000000000019c]
J 3324 c1 java.lang.ClassLoader.loadClass(Ljava/lang/String;Z)Ljava/lang/Class; java.base@17.0.15 (121 bytes) @ 0x0000024fe242c5cc [0x0000024fe242c040+0x000000000000058c]
J 3007 c2 java.lang.ClassLoader.loadClass(Ljava/lang/String;)Ljava/lang/Class; java.base@17.0.15 (7 bytes) @ 0x0000024fe9ae85c0 [0x0000024fe9ae8580+0x0000000000000040]
v  ~StubRoutines::call_stub
J 667  java.lang.ClassLoader.defineClass1(Ljava/lang/ClassLoader;Ljava/lang/String;[BIILjava/security/ProtectionDomain;Ljava/lang/String;)Ljava/lang/Class; java.base@17.0.15 (0 bytes) @ 0x0000024fe996d0e3 [0x0000024fe996d020+0x00000000000000c3]
J 4149 c2 java.security.SecureClassLoader.defineClass(Ljava/lang/String;[BIILjava/security/CodeSource;)Ljava/lang/Class; java.base@17.0.15 (16 bytes) @ 0x0000024fe9b93400 [0x0000024fe9b92e40+0x00000000000005c0]
J 4077 c1 java.net.URLClassLoader.defineClass(Ljava/lang/String;Ljdk/internal/loader/Resource;)Ljava/lang/Class; java.base@17.0.15 (224 bytes) @ 0x0000024fe2588124 [0x0000024fe2586aa0+0x0000000000001684]
J 3984 c1 java.net.URLClassLoader$1.run()Ljava/lang/Class; java.base@17.0.15 (81 bytes) @ 0x0000024fe25486ec [0x0000024fe2547ac0+0x0000000000000c2c]
J 694 c1 java.net.URLClassLoader$1.run()Ljava/lang/Object; java.base@17.0.15 (5 bytes) @ 0x0000024fe1e5e8c4 [0x0000024fe1e5e840+0x0000000000000084]
J 2768 c1 java.security.AccessController.doPrivileged(Ljava/security/PrivilegedExceptionAction;Ljava/security/AccessControlContext;)Ljava/lang/Object; java.base@17.0.15 (26 bytes) @ 0x0000024fe22f06f4 [0x0000024fe22f0520+0x00000000000001d4]
J 2798 c1 java.net.URLClassLoader.findClass(Ljava/lang/String;)Ljava/lang/Class; java.base@17.0.15 (47 bytes) @ 0x0000024fe22f9e3c [0x0000024fe22f9ca0+0x000000000000019c]
J 3324 c1 java.lang.ClassLoader.loadClass(Ljava/lang/String;Z)Ljava/lang/Class; java.base@17.0.15 (121 bytes) @ 0x0000024fe242c5cc [0x0000024fe242c040+0x000000000000058c]
J 3007 c2 java.lang.ClassLoader.loadClass(Ljava/lang/String;)Ljava/lang/Class; java.base@17.0.15 (7 bytes) @ 0x0000024fe9ae85c0 [0x0000024fe9ae8580+0x0000000000000040]
v  ~StubRoutines::call_stub
j  org.apache.groovy.parser.antlr4.Antlr4ParserPlugin.buildAST(Lorg/codehaus/groovy/control/SourceUnit;Ljava/lang/ClassLoader;Lorg/codehaus/groovy/syntax/Reduction;)Lorg/codehaus/groovy/ast/ModuleNode;+0
j  org.codehaus.groovy.control.SourceUnit.buildAST()Lorg/codehaus/groovy/ast/ModuleNode;+21
j  org.codehaus.groovy.control.CompilationUnit$$Lambda$574+0x0000024f81533548.accept(Ljava/lang/Object;)V+4
j  java.util.Iterator.forEachRemaining(Ljava/util/function/Consumer;)V+21 java.base@17.0.15
j  java.util.Spliterators$IteratorSpliterator.forEachRemaining(Ljava/util/function/Consumer;)V+52 java.base@17.0.15
j  java.util.stream.ReferencePipeline$Head.forEach(Ljava/util/function/Consumer;)V+12 java.base@17.0.15
j  org.codehaus.groovy.control.CompilationUnit.buildASTs()V+85
j  org.codehaus.groovy.control.CompilationUnit.compile(I)V+66
j  groovy.lang.GroovyClassLoader.doParseClass(Lgroovy/lang/GroovyCodeSource;)Ljava/lang/Class;+168
j  groovy.lang.GroovyClassLoader.lambda$parseClass$3(Lgroovy/lang/GroovyCodeSource;Ljava/lang/String;)Ljava/lang/Class;+2
j  groovy.lang.GroovyClassLoader$$Lambda$552+0x0000024f8152a040.provide(Ljava/lang/Object;)Ljava/lang/Object;+12
j  org.codehaus.groovy.runtime.memoize.StampedCommonCache.compute(Ljava/lang/Object;Lorg/codehaus/groovy/runtime/memoize/MemoizeCache$ValueProvider;Z)Ljava/lang/Object;+11
j  org.codehaus.groovy.runtime.memoize.StampedCommonCache.getAndPut(Ljava/lang/Object;Lorg/codehaus/groovy/runtime/memoize/MemoizeCache$ValueProvider;Z)Ljava/lang/Object;+181
j  groovy.lang.GroovyClassLoader.parseClass(Lgroovy/lang/GroovyCodeSource;Z)Ljava/lang/Class;+19
j  org.gradle.groovy.scripts.internal.DefaultScriptCompilationHandler.compileScript(Lorg/gradle/groovy/scripts/ScriptSource;Ljava/lang/ClassLoader;Lorg/codehaus/groovy/control/CompilerConfiguration;Ljava/io/File;Lorg/gradle/groovy/scripts/internal/CompileOperation;Lorg/gradle/api/Action;)V+153
j  org.gradle.groovy.scripts.internal.DefaultScriptCompilationHandler.compileToDir(Lorg/gradle/groovy/scripts/ScriptSource;Ljava/lang/ClassLoader;Ljava/io/File;Ljava/io/File;Lorg/gradle/groovy/scripts/internal/CompileOperation;Ljava/lang/Class;Lorg/gradle/api/Action;)V+56
j  org.gradle.groovy.scripts.internal.BuildOperationBackedScriptCompilationHandler$2.run(Lorg/gradle/internal/operations/BuildOperationContext;)V+35
j  org.gradle.internal.operations.DefaultBuildOperationRunner$1.execute(Lorg/gradle/internal/operations/RunnableBuildOperation;Lorg/gradle/internal/operations/BuildOperationContext;)V+2
j  org.gradle.internal.operations.DefaultBuildOperationRunner$1.execute(Lorg/gradle/internal/operations/BuildOperation;Lorg/gradle/internal/operations/BuildOperationContext;)V+6
j  org.gradle.internal.operations.DefaultBuildOperationRunner$2.execute(Lorg/gradle/internal/operations/BuildOperationDescriptor;Lorg/gradle/internal/operations/BuildOperationState;Lorg/gradle/internal/operations/BuildOperationState;Lorg/gradle/internal/operations/DefaultBuildOperationRunner$ReadableBuildOperationContext;Lorg/gradle/internal/operations/DefaultBuildOperationRunner$BuildOperationExecutionListener;)Lorg/gradle/internal/operations/BuildOperation;+22
j  org.gradle.internal.operations.DefaultBuildOperationRunner$2.execute(Lorg/gradle/internal/operations/BuildOperationDescriptor;Lorg/gradle/internal/operations/BuildOperationState;Lorg/gradle/internal/operations/BuildOperationState;Lorg/gradle/internal/operations/DefaultBuildOperationRunner$ReadableBuildOperationContext;Lorg/gradle/internal/operations/DefaultBuildOperationRunner$BuildOperationExecutionListener;)Ljava/lang/Object;+8
j  org.gradle.internal.operations.DefaultBuildOperationRunner.execute(Lorg/gradle/internal/operations/BuildOperationDescriptor$Builder;Lorg/gradle/internal/operations/BuildOperationState;Lorg/gradle/internal/operations/DefaultBuildOperationRunner$BuildOperationExecution;)Ljava/lang/Object;+141
j  org.gradle.internal.operations.DefaultBuildOperationRunner.execute(Lorg/gradle/internal/operations/BuildOperation;Lorg/gradle/internal/operations/BuildOperationWorker;Lorg/gradle/internal/operations/BuildOperationState;)V+18
j  org.gradle.internal.operations.DefaultBuildOperationRunner.run(Lorg/gradle/internal/operations/RunnableBuildOperation;)V+9
j  org.gradle.internal.operations.DefaultBuildOperationExecutor.run(Lorg/gradle/internal/operations/RunnableBuildOperation;)V+5
j  org.gradle.groovy.scripts.internal.BuildOperationBackedScriptCompilationHandler.compileToDir(Lorg/gradle/groovy/scripts/ScriptSource;Ljava/lang/ClassLoader;Ljava/io/File;Ljava/io/File;Lorg/gradle/groovy/scripts/internal/CompileOperation;Ljava/lang/Class;Lorg/gradle/api/Action;)V+23
j  org.gradle.groovy.scripts.internal.FileCacheBackedScriptClassCompiler$CompileToCrossBuildCacheAction.execute(Lorg/gradle/cache/PersistentCache;)V+51
j  org.gradle.groovy.scripts.internal.FileCacheBackedScriptClassCompiler$CompileToCrossBuildCacheAction.execute(Ljava/lang/Object;)V+5
j  org.gradle.groovy.scripts.internal.FileCacheBackedScriptClassCompiler$ProgressReportingInitializer.execute(Lorg/gradle/cache/PersistentCache;)V+30
j  org.gradle.groovy.scripts.internal.FileCacheBackedScriptClassCompiler$ProgressReportingInitializer.execute(Ljava/lang/Object;)V+5
j  org.gradle.cache.internal.DefaultPersistentDirectoryCache$Initializer.initialize(Lorg/gradle/cache/FileLock;)V+131
j  org.gradle.cache.internal.FixedSharedModeCrossProcessCacheAccess$1.run()V+11
j  org.gradle.cache.internal.DefaultFileLockManager$DefaultFileLock.doWriteAction(Ljava/lang/Runnable;)V+36
j  org.gradle.cache.internal.DefaultFileLockManager$DefaultFileLock.writeFile(Ljava/lang/Runnable;)V+6
j  org.gradle.cache.internal.FixedSharedModeCrossProcessCacheAccess.open()V+181
j  org.gradle.cache.internal.DefaultCacheAccess.open()V+34
j  org.gradle.cache.internal.DefaultPersistentDirectoryStore.open()Lorg/gradle/cache/internal/DefaultPersistentDirectoryStore;+19
j  org.gradle.cache.internal.DefaultPersistentDirectoryStore.open()Lorg/gradle/cache/internal/ReferencablePersistentCache;+1
j  org.gradle.cache.internal.DefaultCacheFactory.doOpen(Ljava/io/File;Ljava/lang/String;Ljava/util/Map;Lorg/gradle/cache/CacheBuilder$LockTarget;Lorg/gradle/cache/LockOptions;Lorg/gradle/api/Action;Lorg/gradle/cache/CleanupAction;)Lorg/gradle/cache/PersistentCache;+109
j  org.gradle.cache.internal.DefaultCacheFactory.open(Ljava/io/File;Ljava/lang/String;Ljava/util/Map;Lorg/gradle/cache/CacheBuilder$LockTarget;Lorg/gradle/cache/LockOptions;Lorg/gradle/api/Action;Lorg/gradle/cache/CleanupAction;)Lorg/gradle/cache/PersistentCache;+21
j  org.gradle.cache.internal.DefaultCacheRepository$PersistentCacheBuilder.open()Lorg/gradle/cache/PersistentCache;+69
j  org.gradle.groovy.scripts.internal.FileCacheBackedScriptClassCompiler.compile(Lorg/gradle/groovy/scripts/ScriptSource;Lorg/gradle/api/internal/initialization/ClassLoaderScope;Lorg/gradle/groovy/scripts/internal/CompileOperation;Ljava/lang/Class;Lorg/gradle/api/Action;)Lorg/gradle/groovy/scripts/internal/CompiledScript;+297
j  org.gradle.groovy.scripts.internal.CrossBuildInMemoryCachingScriptClassCache.getOrCompile(Lorg/gradle/groovy/scripts/ScriptSource;Lorg/gradle/api/internal/initialization/ClassLoaderScope;Lorg/gradle/groovy/scripts/internal/CompileOperation;Ljava/lang/Class;Lorg/gradle/api/Action;Lorg/gradle/groovy/scripts/internal/ScriptClassCompiler;)Lorg/gradle/groovy/scripts/internal/CompiledScript;+105
j  org.gradle.groovy.scripts.internal.BuildScopeInMemoryCachingScriptClassCompiler.compile(Lorg/gradle/groovy/scripts/ScriptSource;Lorg/gradle/api/internal/initialization/ClassLoaderScope;Lorg/gradle/groovy/scripts/internal/CompileOperation;Ljava/lang/Class;Lorg/gradle/api/Action;)Lorg/gradle/groovy/scripts/internal/CompiledScript;+66
j  org.gradle.groovy.scripts.DefaultScriptCompilerFactory$ScriptCompilerImpl.compile(Ljava/lang/Class;Lorg/gradle/groovy/scripts/internal/CompileOperation;Lorg/gradle/api/internal/initialization/ClassLoaderScope;Lorg/gradle/api/Action;)Lorg/gradle/groovy/scripts/ScriptRunner;+16
j  org.gradle.configuration.DefaultScriptPluginFactory$ScriptPluginImpl.apply(Ljava/lang/Object;)V+140
j  org.gradle.configuration.BuildOperationScriptPlugin$1.run(Lorg/gradle/internal/operations/BuildOperationContext;)V+11
j  org.gradle.internal.operations.DefaultBuildOperationRunner$1.execute(Lorg/gradle/internal/operations/RunnableBuildOperation;Lorg/gradle/internal/operations/BuildOperationContext;)V+2
j  org.gradle.internal.operations.DefaultBuildOperationRunner$1.execute(Lorg/gradle/internal/operations/BuildOperation;Lorg/gradle/internal/operations/BuildOperationContext;)V+6
j  org.gradle.internal.operations.DefaultBuildOperationRunner$2.execute(Lorg/gradle/internal/operations/BuildOperationDescriptor;Lorg/gradle/internal/operations/BuildOperationState;Lorg/gradle/internal/operations/BuildOperationState;Lorg/gradle/internal/operations/DefaultBuildOperationRunner$ReadableBuildOperationContext;Lorg/gradle/internal/operations/DefaultBuildOperationRunner$BuildOperationExecutionListener;)Lorg/gradle/internal/operations/BuildOperation;+22
j  org.gradle.internal.operations.DefaultBuildOperationRunner$2.execute(Lorg/gradle/internal/operations/BuildOperationDescriptor;Lorg/gradle/internal/operations/BuildOperationState;Lorg/gradle/internal/operations/BuildOperationState;Lorg/gradle/internal/operations/DefaultBuildOperationRunner$ReadableBuildOperationContext;Lorg/gradle/internal/operations/DefaultBuildOperationRunner$BuildOperationExecutionListener;)Ljava/lang/Object;+8
j  org.gradle.internal.operations.DefaultBuildOperationRunner.execute(Lorg/gradle/internal/operations/BuildOperationDescriptor$Builder;Lorg/gradle/internal/operations/BuildOperationState;Lorg/gradle/internal/operations/DefaultBuildOperationRunner$BuildOperationExecution;)Ljava/lang/Object;+141
j  org.gradle.internal.operations.DefaultBuildOperationRunner.execute(Lorg/gradle/internal/operations/BuildOperation;Lorg/gradle/internal/operations/BuildOperationWorker;Lorg/gradle/internal/operations/BuildOperationState;)V+18
j  org.gradle.internal.operations.DefaultBuildOperationRunner.run(Lorg/gradle/internal/operations/RunnableBuildOperation;)V+9
j  org.gradle.internal.operations.DefaultBuildOperationExecutor.run(Lorg/gradle/internal/operations/RunnableBuildOperation;)V+5
j  org.gradle.configuration.BuildOperationScriptPlugin.lambda$apply$0(Ljava/lang/Object;Lorg/gradle/configuration/internal/UserCodeApplicationId;)V+14
j  org.gradle.configuration.BuildOperationScriptPlugin$$Lambda$387+0x0000024f813d4d88.execute(Ljava/lang/Object;)V+12
j  org.gradle.configuration.internal.DefaultUserCodeApplicationContext.apply(Lorg/gradle/internal/DisplayName;Lorg/gradle/api/Action;)V+37
j  org.gradle.configuration.BuildOperationScriptPlugin.apply(Ljava/lang/Object;)V+61
j  org.gradle.initialization.ScriptEvaluatingSettingsProcessor.applySettingsScript(Lorg/gradle/groovy/scripts/TextResourceScriptSource;Lorg/gradle/api/internal/SettingsInternal;)V+32
j  org.gradle.initialization.ScriptEvaluatingSettingsProcessor.process(Lorg/gradle/api/internal/GradleInternal;Lorg/gradle/initialization/SettingsLocation;Lorg/gradle/api/internal/initialization/ClassLoaderScope;Lorg/gradle/StartParameter;)Lorg/gradle/api/internal/SettingsInternal;+70
j  org.gradle.initialization.SettingsEvaluatedCallbackFiringSettingsProcessor.process(Lorg/gradle/api/internal/GradleInternal;Lorg/gradle/initialization/SettingsLocation;Lorg/gradle/api/internal/initialization/ClassLoaderScope;Lorg/gradle/StartParameter;)Lorg/gradle/api/internal/SettingsInternal;+9
j  org.gradle.initialization.RootBuildCacheControllerSettingsProcessor.process(Lorg/gradle/api/internal/GradleInternal;Lorg/gradle/initialization/SettingsLocation;Lorg/gradle/api/internal/initialization/ClassLoaderScope;Lorg/gradle/StartParameter;)Lorg/gradle/api/internal/SettingsInternal;+9
j  org.gradle.initialization.BuildOperationSettingsProcessor$2.call(Lorg/gradle/internal/operations/BuildOperationContext;)Lorg/gradle/api/internal/SettingsInternal;+23
j  org.gradle.initialization.BuildOperationSettingsProcessor$2.call(Lorg/gradle/internal/operations/BuildOperationContext;)Ljava/lang/Object;+2
j  org.gradle.internal.operations.DefaultBuildOperationRunner$CallableBuildOperationWorker.execute(Lorg/gradle/internal/operations/CallableBuildOperation;Lorg/gradle/internal/operations/BuildOperationContext;)V+3
j  org.gradle.internal.operations.DefaultBuildOperationRunner$CallableBuildOperationWorker.execute(Lorg/gradle/internal/operations/BuildOperation;Lorg/gradle/internal/operations/BuildOperationContext;)V+6
j  org.gradle.internal.operations.DefaultBuildOperationRunner$2.execute(Lorg/gradle/internal/operations/BuildOperationDescriptor;Lorg/gradle/internal/operations/BuildOperationState;Lorg/gradle/internal/operations/BuildOperationState;Lorg/gradle/internal/operations/DefaultBuildOperationRunner$ReadableBuildOperationContext;Lorg/gradle/internal/operations/DefaultBuildOperationRunner$BuildOperationExecutionListener;)Lorg/gradle/internal/operations/BuildOperation;+22
j  org.gradle.internal.operations.DefaultBuildOperationRunner$2.execute(Lorg/gradle/internal/operations/BuildOperationDescriptor;Lorg/gradle/internal/operations/BuildOperationState;Lorg/gradle/internal/operations/BuildOperationState;Lorg/gradle/internal/operations/DefaultBuildOperationRunner$ReadableBuildOperationContext;Lorg/gradle/internal/operations/DefaultBuildOperationRunner$BuildOperationExecutionListener;)Ljava/lang/Object;+8
j  org.gradle.internal.operations.DefaultBuildOperationRunner.execute(Lorg/gradle/internal/operations/BuildOperationDescriptor$Builder;Lorg/gradle/internal/operations/BuildOperationState;Lorg/gradle/internal/operations/DefaultBuildOperationRunner$BuildOperationExecution;)Ljava/lang/Object;+141
j  org.gradle.internal.operations.DefaultBuildOperationRunner.execute(Lorg/gradle/internal/operations/BuildOperation;Lorg/gradle/internal/operations/BuildOperationWorker;Lorg/gradle/internal/operations/BuildOperationState;)V+18
j  org.gradle.internal.operations.DefaultBuildOperationRunner.call(Lorg/gradle/internal/operations/CallableBuildOperation;)Ljava/lang/Object;+16
j  org.gradle.internal.operations.DefaultBuildOperationExecutor.call(Lorg/gradle/internal/operations/CallableBuildOperation;)Ljava/lang/Object;+5
j  org.gradle.initialization.BuildOperationSettingsProcessor.process(Lorg/gradle/api/internal/GradleInternal;Lorg/gradle/initialization/SettingsLocation;Lorg/gradle/api/internal/initialization/ClassLoaderScope;Lorg/gradle/StartParameter;)Lorg/gradle/api/internal/SettingsInternal;+17
j  org.gradle.initialization.DefaultSettingsLoader.findSettingsAndLoadIfAppropriate(Lorg/gradle/api/internal/GradleInternal;Lorg/gradle/StartParameter;Lorg/gradle/initialization/SettingsLocation;Lorg/gradle/api/internal/initialization/ClassLoaderScope;)Lorg/gradle/api/internal/SettingsInternal;+9
j  org.gradle.initialization.DefaultSettingsLoader.findAndLoadSettings(Lorg/gradle/api/internal/GradleInternal;)Lorg/gradle/api/internal/SettingsInternal;+33
j  org.gradle.initialization.SettingsAttachingSettingsLoader.findAndLoadSettings(Lorg/gradle/api/internal/GradleInternal;)Lorg/gradle/api/internal/SettingsInternal;+5
j  org.gradle.internal.composite.CommandLineIncludedBuildSettingsLoader.findAndLoadSettings(Lorg/gradle/api/internal/GradleInternal;)Lorg/gradle/api/internal/SettingsInternal;+5
j  org.gradle.internal.composite.ChildBuildRegisteringSettingsLoader.findAndLoadSettings(Lorg/gradle/api/internal/GradleInternal;)Lorg/gradle/api/internal/SettingsInternal;+5
j  org.gradle.internal.composite.CompositeBuildSettingsLoader.findAndLoadSettings(Lorg/gradle/api/internal/GradleInternal;)Lorg/gradle/api/internal/SettingsInternal;+5
j  org.gradle.initialization.InitScriptHandlingSettingsLoader.findAndLoadSettings(Lorg/gradle/api/internal/GradleInternal;)Lorg/gradle/api/internal/SettingsInternal;+13
j  org.gradle.initialization.GradlePropertiesHandlingSettingsLoader.findAndLoadSettings(Lorg/gradle/api/internal/GradleInternal;)Lorg/gradle/api/internal/SettingsInternal;+39
j  org.gradle.initialization.DefaultSettingsPreparer.prepareSettings(Lorg/gradle/api/internal/GradleInternal;)V+33
j  org.gradle.initialization.BuildOperationFiringSettingsPreparer$LoadBuild.doLoadBuild()V+11
j  org.gradle.initialization.BuildOperationFiringSettingsPreparer$LoadBuild.run(Lorg/gradle/internal/operations/BuildOperationContext;)V+1
j  org.gradle.internal.operations.DefaultBuildOperationRunner$1.execute(Lorg/gradle/internal/operations/RunnableBuildOperation;Lorg/gradle/internal/operations/BuildOperationContext;)V+2
j  org.gradle.internal.operations.DefaultBuildOperationRunner$1.execute(Lorg/gradle/internal/operations/BuildOperation;Lorg/gradle/internal/operations/BuildOperationContext;)V+6
j  org.gradle.internal.operations.DefaultBuildOperationRunner$2.execute(Lorg/gradle/internal/operations/BuildOperationDescriptor;Lorg/gradle/internal/operations/BuildOperationState;Lorg/gradle/internal/operations/BuildOperationState;Lorg/gradle/internal/operations/DefaultBuildOperationRunner$ReadableBuildOperationContext;Lorg/gradle/internal/operations/DefaultBuildOperationRunner$BuildOperationExecutionListener;)Lorg/gradle/internal/operations/BuildOperation;+22
j  org.gradle.internal.operations.DefaultBuildOperationRunner$2.execute(Lorg/gradle/internal/operations/BuildOperationDescriptor;Lorg/gradle/internal/operations/BuildOperationState;Lorg/gradle/internal/operations/BuildOperationState;Lorg/gradle/internal/operations/DefaultBuildOperationRunner$ReadableBuildOperationContext;Lorg/gradle/internal/operations/DefaultBuildOperationRunner$BuildOperationExecutionListener;)Ljava/lang/Object;+8
j  org.gradle.internal.operations.DefaultBuildOperationRunner.execute(Lorg/gradle/internal/operations/BuildOperationDescriptor$Builder;Lorg/gradle/internal/operations/BuildOperationState;Lorg/gradle/internal/operations/DefaultBuildOperationRunner$BuildOperationExecution;)Ljava/lang/Object;+141
j  org.gradle.internal.operations.DefaultBuildOperationRunner.execute(Lorg/gradle/internal/operations/BuildOperation;Lorg/gradle/internal/operations/BuildOperationWorker;Lorg/gradle/internal/operations/BuildOperationState;)V+18
j  org.gradle.internal.operations.DefaultBuildOperationRunner.run(Lorg/gradle/internal/operations/RunnableBuildOperation;)V+9
j  org.gradle.internal.operations.DefaultBuildOperationExecutor.run(Lorg/gradle/internal/operations/RunnableBuildOperation;)V+5
j  org.gradle.initialization.BuildOperationFiringSettingsPreparer.prepareSettings(Lorg/gradle/api/internal/GradleInternal;)V+13
j  org.gradle.initialization.VintageBuildModelController.lambda$prepareSettings$2()V+8
j  org.gradle.initialization.VintageBuildModelController$$Lambda$308+0x0000024f8132dbc8.run()V+4
j  org.gradle.internal.model.StateTransitionController.lambda$doTransition$12(Ljava/lang/Runnable;)Lorg/gradle/internal/build/ExecutionResult;+1
j  org.gradle.internal.model.StateTransitionController$$Lambda$310+0x0000024f8132e008.get()Ljava/lang/Object;+4
j  org.gradle.internal.model.StateTransitionController.doTransition(Lorg/gradle/internal/model/StateTransitionController$State;Lorg/gradle/internal/model/StateTransitionController$State;Ljava/util/function/Supplier;)Lorg/gradle/internal/build/ExecutionResult;+24
j  org.gradle.internal.model.StateTransitionController.doTransition(Lorg/gradle/internal/model/StateTransitionController$State;Lorg/gradle/internal/model/StateTransitionController$State;Ljava/lang/Runnable;)V+9
j  org.gradle.internal.model.StateTransitionController.lambda$transitionIfNotPreviously$10(Lorg/gradle/internal/model/StateTransitionController$State;Lorg/gradle/internal/model/StateTransitionController$State;Ljava/lang/Runnable;)V+16
j  org.gradle.internal.model.StateTransitionController$$Lambda$309+0x0000024f8132dde8.run()V+16
j  org.gradle.internal.work.DefaultSynchronizer.withLock(Ljava/lang/Runnable;)V+6
j  org.gradle.internal.model.StateTransitionController.transitionIfNotPreviously(Lorg/gradle/internal/model/StateTransitionController$State;Lorg/gradle/internal/model/StateTransitionController$State;Ljava/lang/Runnable;)V+13
j  org.gradle.initialization.VintageBuildModelController.prepareSettings()V+16
j  org.gradle.initialization.VintageBuildModelController.getLoadedSettings()Lorg/gradle/api/internal/SettingsInternal;+1
j  org.gradle.internal.build.DefaultBuildLifecycleController$$Lambda$306+0x0000024f8132d788.get()Ljava/lang/Object;+4
j  org.gradle.internal.model.StateTransitionController.lambda$notInState$3(Lorg/gradle/internal/model/StateTransitionController$State;Ljava/util/function/Supplier;)Ljava/lang/Object;+11
j  org.gradle.internal.model.StateTransitionController$$Lambda$307+0x0000024f8132d9a8.create()Ljava/lang/Object;+12
j  org.gradle.internal.work.DefaultSynchronizer.withLock(Lorg/gradle/internal/Factory;)Ljava/lang/Object;+6
j  org.gradle.internal.model.StateTransitionController.notInState(Lorg/gradle/internal/model/StateTransitionController$State;Ljava/util/function/Supplier;)Ljava/lang/Object;+12
j  org.gradle.internal.build.DefaultBuildLifecycleController.loadSettings()V+21
j  org.gradle.internal.build.AbstractBuildState.ensureProjectsLoaded()V+4
j  org.gradle.plugins.ide.internal.tooling.GradleBuildBuilder.create(Lorg/gradle/internal/build/BuildState;)Lorg/gradle/plugins/ide/internal/tooling/model/DefaultGradleBuild;+1
j  org.gradle.plugins.ide.internal.tooling.GradleBuildBuilder.create(Lorg/gradle/internal/build/BuildState;)Ljava/lang/Object;+2
j  org.gradle.tooling.provider.model.internal.DefaultToolingModelBuilderRegistry$BuildScopedBuilder.build(Ljava/lang/Object;)Ljava/lang/Object;+8
j  org.gradle.tooling.provider.model.internal.DefaultToolingModelBuilderRegistry$BuildOperationWrappingBuilder$1.call(Lorg/gradle/internal/operations/BuildOperationContext;)Ljava/lang/Object;+11
j  org.gradle.internal.operations.DefaultBuildOperationRunner$CallableBuildOperationWorker.execute(Lorg/gradle/internal/operations/CallableBuildOperation;Lorg/gradle/internal/operations/BuildOperationContext;)V+3
j  org.gradle.internal.operations.DefaultBuildOperationRunner$CallableBuildOperationWorker.execute(Lorg/gradle/internal/operations/BuildOperation;Lorg/gradle/internal/operations/BuildOperationContext;)V+6
j  org.gradle.internal.operations.DefaultBuildOperationRunner$2.execute(Lorg/gradle/internal/operations/BuildOperationDescriptor;Lorg/gradle/internal/operations/BuildOperationState;Lorg/gradle/internal/operations/BuildOperationState;Lorg/gradle/internal/operations/DefaultBuildOperationRunner$ReadableBuildOperationContext;Lorg/gradle/internal/operations/DefaultBuildOperationRunner$BuildOperationExecutionListener;)Lorg/gradle/internal/operations/BuildOperation;+22
j  org.gradle.internal.operations.DefaultBuildOperationRunner$2.execute(Lorg/gradle/internal/operations/BuildOperationDescriptor;Lorg/gradle/internal/operations/BuildOperationState;Lorg/gradle/internal/operations/BuildOperationState;Lorg/gradle/internal/operations/DefaultBuildOperationRunner$ReadableBuildOperationContext;Lorg/gradle/internal/operations/DefaultBuildOperationRunner$BuildOperationExecutionListener;)Ljava/lang/Object;+8
j  org.gradle.internal.operations.DefaultBuildOperationRunner.execute(Lorg/gradle/internal/operations/BuildOperationDescriptor$Builder;Lorg/gradle/internal/operations/BuildOperationState;Lorg/gradle/internal/operations/DefaultBuildOperationRunner$BuildOperationExecution;)Ljava/lang/Object;+141
j  org.gradle.internal.operations.DefaultBuildOperationRunner.execute(Lorg/gradle/internal/operations/BuildOperation;Lorg/gradle/internal/operations/BuildOperationWorker;Lorg/gradle/internal/operations/BuildOperationState;)V+18
j  org.gradle.internal.operations.DefaultBuildOperationRunner.call(Lorg/gradle/internal/operations/CallableBuildOperation;)Ljava/lang/Object;+16
j  org.gradle.internal.operations.DefaultBuildOperationExecutor.call(Lorg/gradle/internal/operations/CallableBuildOperation;)Ljava/lang/Object;+5
j  org.gradle.tooling.provider.model.internal.DefaultToolingModelBuilderRegistry$BuildOperationWrappingBuilder.build(Ljava/lang/Object;)Ljava/lang/Object;+13
j  org.gradle.internal.build.DefaultBuildToolingModelController$AbstractToolingScope.getModel(Ljava/lang/String;Ljava/util/function/Function;)Ljava/lang/Object;+11
j  org.gradle.tooling.internal.provider.runner.DefaultBuildController.getModel(Ljava/lang/Object;Lorg/gradle/tooling/internal/protocol/ModelIdentifier;Ljava/lang/Object;)Lorg/gradle/tooling/internal/protocol/BuildResult;+72
j  org.gradle.tooling.internal.consumer.connection.ParameterAwareBuildControllerAdapter.getModel(Ljava/lang/Object;Lorg/gradle/tooling/internal/protocol/ModelIdentifier;Ljava/lang/Object;)Lorg/gradle/tooling/internal/protocol/BuildResult;+7
j  org.gradle.tooling.internal.consumer.connection.UnparameterizedBuildController.getModel(Lorg/gradle/tooling/model/Model;Ljava/lang/Class;Ljava/lang/Class;Lorg/gradle/api/Action;)Ljava/lang/Object;+44
j  org.gradle.tooling.internal.consumer.connection.NestedActionAwareBuildControllerAdapter.getModel(Lorg/gradle/tooling/model/Model;Ljava/lang/Class;Ljava/lang/Class;Lorg/gradle/api/Action;)Ljava/lang/Object;+6
j  org.gradle.tooling.internal.consumer.connection.UnparameterizedBuildController.getModel(Lorg/gradle/tooling/model/Model;Ljava/lang/Class;)Ljava/lang/Object;+5
j  org.gradle.tooling.internal.consumer.connection.NestedActionAwareBuildControllerAdapter.getModel(Lorg/gradle/tooling/model/Model;Ljava/lang/Class;)Ljava/lang/Object;+3
j  org.gradle.tooling.internal.consumer.connection.UnparameterizedBuildController.getBuildModel()Lorg/gradle/tooling/model/gradle/GradleBuild;+4
j  org.gradle.tooling.internal.consumer.connection.NestedActionAwareBuildControllerAdapter.getBuildModel()Lorg/gradle/tooling/model/gradle/GradleBuild;+1
j  com.intellij.gradle.toolingExtension.impl.modelAction.GradleModelFetchAction.lambda$initAction$5(Lorg/gradle/tooling/BuildController;Lio/opentelemetry/api/trace/Span;)Lorg/gradle/tooling/model/gradle/GradleBuild;+1
j  com.intellij.gradle.toolingExtension.impl.modelAction.GradleModelFetchAction$$Lambda$303+0x0000024f8131bd10.apply(Ljava/lang/Object;)Ljava/lang/Object;+8
j  com.intellij.gradle.toolingExtension.impl.telemetry.GradleOpenTelemetry.callWithSpan(Ljava/lang/String;Ljava/util/function/Consumer;Ljava/util/function/Function;)Ljava/lang/Object;+67
j  com.intellij.gradle.toolingExtension.impl.telemetry.GradleOpenTelemetry.callWithSpan(Ljava/lang/String;Ljava/util/function/Function;)Ljava/lang/Object;+24
j  com.intellij.gradle.toolingExtension.impl.modelAction.GradleModelFetchAction.initAction(Lorg/gradle/tooling/BuildController;Ljava/util/concurrent/ExecutorService;Lcom/intellij/gradle/toolingExtension/impl/telemetry/GradleOpenTelemetry;)Lcom/intellij/gradle/toolingExtension/impl/modelAction/GradleDaemonModelHolder;+36
j  com.intellij.gradle.toolingExtension.impl.modelAction.GradleModelFetchAction.doExecute(Lorg/gradle/tooling/BuildController;Ljava/util/concurrent/ExecutorService;Lcom/intellij/gradle/toolingExtension/impl/telemetry/GradleOpenTelemetry;)Lcom/intellij/gradle/toolingExtension/impl/modelAction/GradleModelHolderState;+68
j  com.intellij.gradle.toolingExtension.impl.modelAction.GradleModelFetchAction.lambda$execute$1(Lorg/gradle/tooling/BuildController;Ljava/util/concurrent/ExecutorService;Lcom/intellij/gradle/toolingExtension/impl/telemetry/GradleOpenTelemetry;Lio/opentelemetry/api/trace/Span;)Lcom/intellij/gradle/toolingExtension/impl/modelAction/GradleModelHolderState;+4
j  com.intellij.gradle.toolingExtension.impl.modelAction.GradleModelFetchAction$$Lambda$301+0x0000024f813169c8.apply(Ljava/lang/Object;)Ljava/lang/Object;+20
j  com.intellij.gradle.toolingExtension.impl.telemetry.GradleOpenTelemetry.callWithSpan(Ljava/lang/String;Ljava/util/function/Consumer;Ljava/util/function/Function;)Ljava/lang/Object;+67
j  com.intellij.gradle.toolingExtension.impl.telemetry.GradleOpenTelemetry.callWithSpan(Ljava/lang/String;Ljava/util/function/Function;)Ljava/lang/Object;+24
j  com.intellij.gradle.toolingExtension.impl.modelAction.GradleModelFetchAction.lambda$execute$2(Lorg/gradle/tooling/BuildController;Ljava/util/concurrent/ExecutorService;Lcom/intellij/gradle/toolingExtension/impl/telemetry/GradleOpenTelemetry;)Lcom/intellij/gradle/toolingExtension/impl/modelAction/GradleModelHolderState;+13
j  com.intellij.gradle.toolingExtension.impl.modelAction.GradleModelFetchAction$$Lambda$300+0x0000024f813156d8.apply(Ljava/lang/Object;)Ljava/lang/Object;+16
j  com.intellij.gradle.toolingExtension.impl.modelAction.GradleModelFetchAction.withOpenTelemetry(Ljava/util/function/Function;)Lcom/intellij/gradle/toolingExtension/impl/modelAction/GradleModelHolderState;+27
j  com.intellij.gradle.toolingExtension.impl.modelAction.GradleModelFetchAction.lambda$execute$3(Lorg/gradle/tooling/BuildController;Ljava/util/concurrent/ExecutorService;)Lcom/intellij/gradle/toolingExtension/impl/modelAction/GradleModelHolderState;+9
j  com.intellij.gradle.toolingExtension.impl.modelAction.GradleModelFetchAction$$Lambda$299+0x0000024f81315078.apply(Ljava/lang/Object;)Ljava/lang/Object;+12
j  com.intellij.gradle.toolingExtension.impl.util.GradleExecutorServiceUtil.withSingleThreadExecutor(Ljava/lang/String;Ljava/util/function/Function;)Ljava/lang/Object;+31
j  com.intellij.gradle.toolingExtension.impl.modelAction.GradleModelFetchAction.execute(Lorg/gradle/tooling/BuildController;)Lcom/intellij/gradle/toolingExtension/impl/modelAction/GradleModelHolderState;+22
j  com.intellij.gradle.toolingExtension.impl.modelAction.GradleModelFetchAction.execute(Lorg/gradle/tooling/BuildController;)Ljava/lang/Object;+2
j  org.gradle.tooling.internal.consumer.connection.InternalBuildActionAdapter.execute(Lorg/gradle/tooling/internal/protocol/InternalBuildControllerVersion2;)Ljava/lang/Object;+11
j  org.gradle.tooling.internal.provider.runner.AbstractClientProvidedBuildActionRunner$ActionAdapter.runAction(Lorg/gradle/internal/buildtree/BuildTreeModelController;Ljava/lang/Object;Lorg/gradle/tooling/internal/protocol/PhasedActionResult$Phase;)Lorg/gradle/tooling/internal/provider/serialization/SerializedPayload;+39
j  org.gradle.tooling.internal.provider.runner.AbstractClientProvidedBuildActionRunner$ActionAdapter.beforeTasks(Lorg/gradle/internal/buildtree/BuildTreeModelController;)V+15
j  org.gradle.internal.buildtree.DefaultBuildTreeModelCreator.beforeTasks(Lorg/gradle/internal/buildtree/BuildTreeModelAction;)V+10
j  org.gradle.internal.buildtree.DefaultBuildTreeLifecycleController.lambda$fromBuildModel$1(Lorg/gradle/internal/buildtree/BuildTreeModelAction;Z)Lorg/gradle/internal/build/ExecutionResult;+5
j  org.gradle.internal.buildtree.DefaultBuildTreeLifecycleController$$Lambda$295+0x0000024f812f2980.get()Ljava/lang/Object;+12
j  org.gradle.internal.buildtree.DefaultBuildTreeLifecycleController.lambda$runBuild$4(Ljava/util/function/Supplier;)Ljava/lang/Object;+1
j  org.gradle.internal.buildtree.DefaultBuildTreeLifecycleController$$Lambda$296+0x0000024f812f2ba0.get()Ljava/lang/Object;+8
j  org.gradle.internal.model.StateTransitionController.lambda$transition$5(Ljava/util/function/Supplier;)Lorg/gradle/internal/build/ExecutionResult;+1
j  org.gradle.internal.model.StateTransitionController$$Lambda$298+0x0000024f812f2fe0.get()Ljava/lang/Object;+4
j  org.gradle.internal.model.StateTransitionController.doTransition(Lorg/gradle/internal/model/StateTransitionController$State;Lorg/gradle/internal/model/StateTransitionController$State;Ljava/util/function/Supplier;)Lorg/gradle/internal/build/ExecutionResult;+24
j  org.gradle.internal.model.StateTransitionController.lambda$transition$6(Lorg/gradle/internal/model/StateTransitionController$State;Lorg/gradle/internal/model/StateTransitionController$State;Ljava/util/function/Supplier;)Ljava/lang/Object;+9
j  org.gradle.internal.model.StateTransitionController$$Lambda$297+0x0000024f812f2dc0.create()Ljava/lang/Object;+16
j  org.gradle.internal.work.DefaultSynchronizer.withLock(Lorg/gradle/internal/Factory;)Ljava/lang/Object;+6
j  org.gradle.internal.model.StateTransitionController.transition(Lorg/gradle/internal/model/StateTransitionController$State;Lorg/gradle/internal/model/StateTransitionController$State;Ljava/util/function/Supplier;)Ljava/lang/Object;+13
j  org.gradle.internal.buildtree.DefaultBuildTreeLifecycleController.runBuild(Ljava/util/function/Supplier;)Ljava/lang/Object;+17
j  org.gradle.internal.buildtree.DefaultBuildTreeLifecycleController.fromBuildModel(ZLorg/gradle/internal/buildtree/BuildTreeModelAction;)Ljava/lang/Object;+9
j  org.gradle.tooling.internal.provider.runner.AbstractClientProvidedBuildActionRunner.runClientAction(Lorg/gradle/tooling/internal/provider/runner/AbstractClientProvidedBuildActionRunner$ClientAction;Lorg/gradle/internal/buildtree/BuildTreeLifecycleController;)Lorg/gradle/internal/buildtree/BuildActionRunner$Result;+22
j  org.gradle.tooling.internal.provider.runner.ClientProvidedPhasedActionRunner.run(Lorg/gradle/internal/invocation/BuildAction;Lorg/gradle/internal/buildtree/BuildTreeLifecycleController;)Lorg/gradle/internal/buildtree/BuildActionRunner$Result;+45
j  org.gradle.launcher.exec.ChainingBuildActionRunner.run(Lorg/gradle/internal/invocation/BuildAction;Lorg/gradle/internal/buildtree/BuildTreeLifecycleController;)Lorg/gradle/internal/buildtree/BuildActionRunner$Result;+34
j  org.gradle.internal.buildtree.ProblemReportingBuildActionRunner.run(Lorg/gradle/internal/invocation/BuildAction;Lorg/gradle/internal/buildtree/BuildTreeLifecycleController;)Lorg/gradle/internal/buildtree/BuildActionRunner$Result;+12
j  org.gradle.launcher.exec.BuildOutcomeReportingBuildActionRunner.run(Lorg/gradle/internal/invocation/BuildAction;Lorg/gradle/internal/buildtree/BuildTreeLifecycleController;)Lorg/gradle/internal/buildtree/BuildActionRunner$Result;+69
j  org.gradle.tooling.internal.provider.FileSystemWatchingBuildActionRunner.run(Lorg/gradle/internal/invocation/BuildAction;Lorg/gradle/internal/buildtree/BuildTreeLifecycleController;)Lorg/gradle/internal/buildtree/BuildActionRunner$Result;+329
j  org.gradle.launcher.exec.BuildCompletionNotifyingBuildActionRunner.run(Lorg/gradle/internal/invocation/BuildAction;Lorg/gradle/internal/buildtree/BuildTreeLifecycleController;)Lorg/gradle/internal/buildtree/BuildActionRunner$Result;+6
j  org.gradle.launcher.exec.RootBuildLifecycleBuildActionExecutor.lambda$execute$0(Lorg/gradle/internal/invocation/BuildAction;Lorg/gradle/internal/buildtree/BuildTreeLifecycleController;)Lorg/gradle/internal/buildtree/BuildActionRunner$Result;+6
j  org.gradle.launcher.exec.RootBuildLifecycleBuildActionExecutor$$Lambda$181+0x0000024f812bcae8.apply(Ljava/lang/Object;)Ljava/lang/Object;+12
j  org.gradle.composite.internal.DefaultRootBuildState.run(Ljava/util/function/Function;)Ljava/lang/Object;+87
j  org.gradle.launcher.exec.RootBuildLifecycleBuildActionExecutor.execute(Lorg/gradle/internal/invocation/BuildAction;Lorg/gradle/internal/buildtree/BuildTreeContext;)Lorg/gradle/internal/buildtree/BuildActionRunner$Result;+28
j  org.gradle.internal.buildtree.DefaultBuildTreeContext.execute(Lorg/gradle/internal/invocation/BuildAction;)Lorg/gradle/internal/buildtree/BuildActionRunner$Result;+64
j  org.gradle.launcher.exec.BuildTreeLifecycleBuildActionExecutor.lambda$execute$0(Lorg/gradle/internal/invocation/BuildAction;Lorg/gradle/internal/buildtree/BuildTreeContext;)Lorg/gradle/internal/buildtree/BuildActionRunner$Result;+2
j  org.gradle.launcher.exec.BuildTreeLifecycleBuildActionExecutor$$Lambda$122+0x0000024f811edb58.apply(Ljava/lang/Object;)Ljava/lang/Object;+8
j  org.gradle.internal.buildtree.BuildTreeState.run(Ljava/util/function/Function;)Ljava/lang/Object;+5
j  org.gradle.launcher.exec.BuildTreeLifecycleBuildActionExecutor.execute(Lorg/gradle/internal/invocation/BuildAction;Lorg/gradle/internal/session/BuildSessionContext;)Lorg/gradle/internal/buildtree/BuildActionRunner$Result;+181
j  org.gradle.launcher.exec.RunAsBuildOperationBuildActionExecutor$3.call(Lorg/gradle/internal/operations/BuildOperationContext;)Lorg/gradle/internal/buildtree/BuildActionRunner$Result;+25
j  org.gradle.launcher.exec.RunAsBuildOperationBuildActionExecutor$3.call(Lorg/gradle/internal/operations/BuildOperationContext;)Ljava/lang/Object;+2
j  org.gradle.internal.operations.DefaultBuildOperationRunner$CallableBuildOperationWorker.execute(Lorg/gradle/internal/operations/CallableBuildOperation;Lorg/gradle/internal/operations/BuildOperationContext;)V+3
j  org.gradle.internal.operations.DefaultBuildOperationRunner$CallableBuildOperationWorker.execute(Lorg/gradle/internal/operations/BuildOperation;Lorg/gradle/internal/operations/BuildOperationContext;)V+6
j  org.gradle.internal.operations.DefaultBuildOperationRunner$2.execute(Lorg/gradle/internal/operations/BuildOperationDescriptor;Lorg/gradle/internal/operations/BuildOperationState;Lorg/gradle/internal/operations/BuildOperationState;Lorg/gradle/internal/operations/DefaultBuildOperationRunner$ReadableBuildOperationContext;Lorg/gradle/internal/operations/DefaultBuildOperationRunner$BuildOperationExecutionListener;)Lorg/gradle/internal/operations/BuildOperation;+22
j  org.gradle.internal.operations.DefaultBuildOperationRunner$2.execute(Lorg/gradle/internal/operations/BuildOperationDescriptor;Lorg/gradle/internal/operations/BuildOperationState;Lorg/gradle/internal/operations/BuildOperationState;Lorg/gradle/internal/operations/DefaultBuildOperationRunner$ReadableBuildOperationContext;Lorg/gradle/internal/operations/DefaultBuildOperationRunner$BuildOperationExecutionListener;)Ljava/lang/Object;+8
j  org.gradle.internal.operations.DefaultBuildOperationRunner.execute(Lorg/gradle/internal/operations/BuildOperationDescriptor$Builder;Lorg/gradle/internal/operations/BuildOperationState;Lorg/gradle/internal/operations/DefaultBuildOperationRunner$BuildOperationExecution;)Ljava/lang/Object;+141
j  org.gradle.internal.operations.DefaultBuildOperationRunner.execute(Lorg/gradle/internal/operations/BuildOperation;Lorg/gradle/internal/operations/BuildOperationWorker;Lorg/gradle/internal/operations/BuildOperationState;)V+18
j  org.gradle.internal.operations.DefaultBuildOperationRunner.call(Lorg/gradle/internal/operations/CallableBuildOperation;)Ljava/lang/Object;+16
j  org.gradle.internal.operations.DefaultBuildOperationExecutor.call(Lorg/gradle/internal/operations/CallableBuildOperation;)Ljava/lang/Object;+5
j  org.gradle.launcher.exec.RunAsBuildOperationBuildActionExecutor.execute(Lorg/gradle/internal/invocation/BuildAction;Lorg/gradle/internal/session/BuildSessionContext;)Lorg/gradle/internal/buildtree/BuildActionRunner$Result;+23
j  org.gradle.launcher.exec.RunAsWorkerThreadBuildActionExecutor.lambda$execute$0(Lorg/gradle/internal/invocation/BuildAction;Lorg/gradle/internal/session/BuildSessionContext;)Lorg/gradle/internal/buildtree/BuildActionRunner$Result;+6
j  org.gradle.launcher.exec.RunAsWorkerThreadBuildActionExecutor$$Lambda$121+0x0000024f811dc6b8.create()Ljava/lang/Object;+12
j  org.gradle.internal.work.DefaultWorkerLeaseService.withLocks(Ljava/util/Collection;Lorg/gradle/internal/Factory;)Ljava/lang/Object;+28
j  org.gradle.internal.work.DefaultWorkerLeaseService.runAsWorkerThread(Lorg/gradle/internal/Factory;)Ljava/lang/Object;+33
j  org.gradle.launcher.exec.RunAsWorkerThreadBuildActionExecutor.execute(Lorg/gradle/internal/invocation/BuildAction;Lorg/gradle/internal/session/BuildSessionContext;)Lorg/gradle/internal/buildtree/BuildActionRunner$Result;+12
j  org.gradle.tooling.internal.provider.continuous.ContinuousBuildActionExecutor.execute(Lorg/gradle/internal/invocation/BuildAction;Lorg/gradle/internal/session/BuildSessionContext;)Lorg/gradle/internal/buildtree/BuildActionRunner$Result;+58
j  org.gradle.tooling.internal.provider.SubscribableBuildActionExecutor.execute(Lorg/gradle/internal/invocation/BuildAction;Lorg/gradle/internal/session/BuildSessionContext;)Lorg/gradle/internal/buildtree/BuildActionRunner$Result;+30
j  org.gradle.internal.session.DefaultBuildSessionContext.execute(Lorg/gradle/internal/invocation/BuildAction;)Lorg/gradle/internal/buildtree/BuildActionRunner$Result;+64
j  org.gradle.tooling.internal.provider.BuildSessionLifecycleBuildActionExecuter$ActionImpl.apply(Lorg/gradle/internal/session/BuildSessionContext;)Lorg/gradle/launcher/exec/BuildActionResult;+6
j  org.gradle.tooling.internal.provider.BuildSessionLifecycleBuildActionExecuter$ActionImpl.apply(Ljava/lang/Object;)Ljava/lang/Object;+5
j  org.gradle.internal.session.BuildSessionState.run(Ljava/util/function/Function;)Ljava/lang/Object;+5
j  org.gradle.tooling.internal.provider.BuildSessionLifecycleBuildActionExecuter.execute(Lorg/gradle/internal/invocation/BuildAction;Lorg/gradle/launcher/exec/BuildActionParameters;Lorg/gradle/initialization/BuildRequestContext;)Lorg/gradle/launcher/exec/BuildActionResult;+95
j  org.gradle.tooling.internal.provider.BuildSessionLifecycleBuildActionExecuter.execute(Lorg/gradle/internal/invocation/BuildAction;Ljava/lang/Object;Ljava/lang/Object;)Lorg/gradle/launcher/exec/BuildActionResult;+10
j  org.gradle.tooling.internal.provider.StartParamsValidatingActionExecuter.execute(Lorg/gradle/internal/invocation/BuildAction;Lorg/gradle/launcher/exec/BuildActionParameters;Lorg/gradle/initialization/BuildRequestContext;)Lorg/gradle/launcher/exec/BuildActionResult;+177
j  org.gradle.tooling.internal.provider.StartParamsValidatingActionExecuter.execute(Lorg/gradle/internal/invocation/BuildAction;Ljava/lang/Object;Ljava/lang/Object;)Lorg/gradle/launcher/exec/BuildActionResult;+10
j  org.gradle.tooling.internal.provider.SessionFailureReportingActionExecuter.execute(Lorg/gradle/internal/invocation/BuildAction;Lorg/gradle/launcher/exec/BuildActionParameters;Lorg/gradle/initialization/BuildRequestContext;)Lorg/gradle/launcher/exec/BuildActionResult;+7
j  org.gradle.tooling.internal.provider.SessionFailureReportingActionExecuter.execute(Lorg/gradle/internal/invocation/BuildAction;Ljava/lang/Object;Ljava/lang/Object;)Lorg/gradle/launcher/exec/BuildActionResult;+10
j  org.gradle.tooling.internal.provider.SetupLoggingActionExecuter.execute(Lorg/gradle/internal/invocation/BuildAction;Lorg/gradle/launcher/exec/BuildActionParameters;Lorg/gradle/initialization/BuildRequestContext;)Lorg/gradle/launcher/exec/BuildActionResult;+50
j  org.gradle.tooling.internal.provider.SetupLoggingActionExecuter.execute(Lorg/gradle/internal/invocation/BuildAction;Ljava/lang/Object;Ljava/lang/Object;)Lorg/gradle/launcher/exec/BuildActionResult;+10
j  org.gradle.launcher.daemon.server.exec.ExecuteBuild.doBuild(Lorg/gradle/launcher/daemon/server/api/DaemonCommandExecution;Lorg/gradle/launcher/daemon/protocol/Build;)V+117
j  org.gradle.launcher.daemon.server.exec.BuildCommandOnly.execute(Lorg/gradle/launcher/daemon/server/api/DaemonCommandExecution;)V+49
j  org.gradle.launcher.daemon.server.api.DaemonCommandExecution.proceed()Z+23
j  org.gradle.launcher.daemon.server.exec.WatchForDisconnection.execute(Lorg/gradle/launcher/daemon/server/api/DaemonCommandExecution;)V+19
j  org.gradle.launcher.daemon.server.api.DaemonCommandExecution.proceed()Z+23
j  org.gradle.launcher.daemon.server.exec.ResetDeprecationLogger.execute(Lorg/gradle/launcher/daemon/server/api/DaemonCommandExecution;)V+7
j  org.gradle.launcher.daemon.server.api.DaemonCommandExecution.proceed()Z+23
j  org.gradle.launcher.daemon.server.exec.RequestStopIfSingleUsedDaemon.execute(Lorg/gradle/launcher/daemon/server/api/DaemonCommandExecution;)V+33
j  org.gradle.launcher.daemon.server.api.DaemonCommandExecution.proceed()Z+23
j  org.gradle.launcher.daemon.server.exec.ForwardClientInput$2.create()Ljava/lang/Void;+4
j  org.gradle.launcher.daemon.server.exec.ForwardClientInput$2.create()Ljava/lang/Object;+1
j  org.gradle.util.internal.Swapper.swap(Ljava/lang/Object;Lorg/gradle/internal/Factory;)Ljava/lang/Object;+21
j  org.gradle.launcher.daemon.server.exec.ForwardClientInput.execute(Lorg/gradle/launcher/daemon/server/api/DaemonCommandExecution;)V+63
j  org.gradle.launcher.daemon.server.api.DaemonCommandExecution.proceed()Z+23
j  org.gradle.launcher.daemon.server.exec.LogAndCheckHealth.execute(Lorg/gradle/launcher/daemon/server/api/DaemonCommandExecution;)V+28
j  org.gradle.launcher.daemon.server.api.DaemonCommandExecution.proceed()Z+23
j  org.gradle.launcher.daemon.server.exec.LogToClient.doBuild(Lorg/gradle/launcher/daemon/server/api/DaemonCommandExecution;Lorg/gradle/launcher/daemon/protocol/Build;)V+87
j  org.gradle.launcher.daemon.server.exec.BuildCommandOnly.execute(Lorg/gradle/launcher/daemon/server/api/DaemonCommandExecution;)V+49
j  org.gradle.launcher.daemon.server.api.DaemonCommandExecution.proceed()Z+23
j  org.gradle.launcher.daemon.server.exec.EstablishBuildEnvironment.doBuild(Lorg/gradle/launcher/daemon/server/api/DaemonCommandExecution;Lorg/gradle/launcher/daemon/protocol/Build;)V+356
j  org.gradle.launcher.daemon.server.exec.BuildCommandOnly.execute(Lorg/gradle/launcher/daemon/server/api/DaemonCommandExecution;)V+49
j  org.gradle.launcher.daemon.server.api.DaemonCommandExecution.proceed()Z+23
j  org.gradle.launcher.daemon.server.exec.StartBuildOrRespondWithBusy$1.run()V+44
j  org.gradle.launcher.daemon.server.DaemonStateCoordinator$1.run()V+4
j  org.gradle.internal.concurrent.ExecutorPolicy$CatchAndRecordFailures.onExecute(Ljava/lang/Runnable;)V+1
j  org.gradle.internal.concurrent.ManagedExecutorImpl$1.run()V+25
j  java.util.concurrent.ThreadPoolExecutor.runWorker(Ljava/util/concurrent/ThreadPoolExecutor$Worker;)V+92 java.base@17.0.15
j  java.util.concurrent.ThreadPoolExecutor$Worker.run()V+5 java.base@17.0.15
j  java.lang.Thread.run()V+11 java.base@17.0.15
v  ~StubRoutines::call_stub

siginfo: EXCEPTION_ACCESS_VIOLATION (0xc0000005), reading address 0x0000000000000001


Registers:
RAX=0x000000000000027f, RBX=0x0000024fff3990b8, RCX=0x0000000000000001, RDX=0x0000000000000001
RSP=0x00000051427ed660, RBP=0x00000051427ed760, RSI=0x0000000000000280, RDI=0x0000024fe2586690
R8 =0x0000000000001684, R9 =0x00000051427ed630, R10=0x0000024fe1d40000, R11=0x000000000000027f
R12=0x0000000000000007, R13=0x0000000000000000, R14=0x0000024fe2588790, R15=0x0000024fe2586690
RIP=0x00007ffb559169cb, EFLAGS=0x0000000000010287

XMM[0]=0x00000051427f0660 0x00000051427f0bd0
XMM[1]=0x2494764800000000 0x0000024fe2547710
XMM[2]=0x0000000000000000 0x0000000080969fa8
XMM[3]=0x0000000000000000 0x000000000000000f
XMM[4]=0x0000000000000000 0x0000000086ac52a8
XMM[5]=0x722f34762f34726c 0x746e6172616a7261
XMM[6]=0x0000000000000000 0x0000000000000000
XMM[7]=0x0000000000000000 0x0000000000000001
XMM[8]=0x0000000000000000 0x0000000000000000
XMM[9]=0x0000000000000000 0x0000000000000000
XMM[10]=0x0000000000000000 0x0000000000000000
XMM[11]=0x0000000000000000 0x0000000000000000
XMM[12]=0x0000000000000000 0x0000000000000000
XMM[13]=0x0000000000000000 0x0000000000000000
XMM[14]=0x0000000000000000 0x0000000000000000
XMM[15]=0x0000000000000000 0x0000000000000000
  MXCSR=0x00001fa0


Register to memory mapping:

RIP=0x00007ffb559169cb jvm.dll
RAX=0x000000000000027f is an unknown value
RBX=0x0000024fff3990b8 points into unknown readable memory: 0x0000000086ac52e0 | e0 52 ac 86 00 00 00 00
RCX=0x0000000000000001 is an unknown value
RDX=0x0000000000000001 is an unknown value
RSP=0x00000051427ed660 is pointing into the stack for thread: 0x0000024fc2884290
RBP=0x00000051427ed760 is pointing into the stack for thread: 0x0000024fc2884290
RSI=0x0000000000000280 is an unknown value
RDI=0x0000024fe2586690 is at entry_point+-1040 in (nmethod*)0x0000024fe2586690
Compiled method (c1)    2207 4077   !   3       java.net.URLClassLoader::defineClass (224 bytes)
 total in heap  [0x0000024fe2586690,0x0000024fe2589070] = 10720
 relocation     [0x0000024fe25867e8,0x0000024fe2586a88] = 672
 main code      [0x0000024fe2586aa0,0x0000024fe2588520] = 6784
 stub code      [0x0000024fe2588520,0x0000024fe25886f8] = 472
 oops           [0x0000024fe25886f8,0x0000024fe2588700] = 8
 metadata       [0x0000024fe2588700,0x0000024fe2588790] = 144
 scopes data    [0x0000024fe2588790,0x0000024fe2588c50] = 1216
 scopes pcs     [0x0000024fe2588c50,0x0000024fe2588fe0] = 912
 dependencies   [0x0000024fe2588fe0,0x0000024fe2588ff0] = 16
 handler table  [0x0000024fe2588ff0,0x0000024fe2589038] = 72
 nul chk table  [0x0000024fe2589038,0x0000024fe2589070] = 56
R8 =0x0000000000001684 is an unknown value
R9 =0x00000051427ed630 is pointing into the stack for thread: 0x0000024fc2884290
R10=0x0000024fe1d40000 points into unknown readable memory: 0x0000000000000009 | 09 00 00 00 00 00 00 00
R11=0x000000000000027f is an unknown value
R12=0x0000000000000007 is an unknown value
R13=0x0 is NULL
R14=0x0000024fe2588790 is at entry_point+7408 in (nmethod*)0x0000024fe2586690
Compiled method (c1)    2211 4077   !   3       java.net.URLClassLoader::defineClass (224 bytes)
 total in heap  [0x0000024fe2586690,0x0000024fe2589070] = 10720
 relocation     [0x0000024fe25867e8,0x0000024fe2586a88] = 672
 main code      [0x0000024fe2586aa0,0x0000024fe2588520] = 6784
 stub code      [0x0000024fe2588520,0x0000024fe25886f8] = 472
 oops           [0x0000024fe25886f8,0x0000024fe2588700] = 8
 metadata       [0x0000024fe2588700,0x0000024fe2588790] = 144
 scopes data    [0x0000024fe2588790,0x0000024fe2588c50] = 1216
 scopes pcs     [0x0000024fe2588c50,0x0000024fe2588fe0] = 912
 dependencies   [0x0000024fe2588fe0,0x0000024fe2588ff0] = 16
 handler table  [0x0000024fe2588ff0,0x0000024fe2589038] = 72
 nul chk table  [0x0000024fe2589038,0x0000024fe2589070] = 56
R15=0x0000024fe2586690 is at entry_point+-1040 in (nmethod*)0x0000024fe2586690
Compiled method (c1)    2211 4077   !   3       java.net.URLClassLoader::defineClass (224 bytes)
 total in heap  [0x0000024fe2586690,0x0000024fe2589070] = 10720
 relocation     [0x0000024fe25867e8,0x0000024fe2586a88] = 672
 main code      [0x0000024fe2586aa0,0x0000024fe2588520] = 6784
 stub code      [0x0000024fe2588520,0x0000024fe25886f8] = 472
 oops           [0x0000024fe25886f8,0x0000024fe2588700] = 8
 metadata       [0x0000024fe2588700,0x0000024fe2588790] = 144
 scopes data    [0x0000024fe2588790,0x0000024fe2588c50] = 1216
 scopes pcs     [0x0000024fe2588c50,0x0000024fe2588fe0] = 912
 dependencies   [0x0000024fe2588fe0,0x0000024fe2588ff0] = 16
 handler table  [0x0000024fe2588ff0,0x0000024fe2589038] = 72
 nul chk table  [0x0000024fe2589038,0x0000024fe2589070] = 56


Top of Stack: (sp=0x00000051427ed660)
0x00000051427ed660:   0000024fff3990b8 00000051427ed760
0x00000051427ed670:   0000024fe2588124 00000051427ed760
0x00000051427ed680:   0000024fe9010101 0000024fc2226a50
0x00000051427ed690:   dd6427d600000400 0000024fe2586690
0x00000051427ed6a0:   0000024fc1501e10 00000051427f0660
0x00000051427ed6b0:   0000024fe25486ec 0000024fe2547710
0x00000051427ed6c0:   2494764800000000 00000051427f0bd0
0x00000051427ed6d0:   00000051427f0660 0000024fc2884290
0x00000051427ed6e0:   0000024fc1501ab0 00000000000003d8
0x00000051427ed6f0:   0000024fc1501e98 0000000086ac4ff0
0x00000051427ed700:   0000024fff3990e8 0000000086ac5308
0x00000051427ed710:   0000000086ac5330 0000000086ac5380
0x00000051427ed720:   0000000086ac5410 0000000086ac54a0
0x00000051427ed730:   00000007427ff900 00000051427ff730
0x00000051427ed740:   00000051427f0660 0000024fe25486ec
0x00000051427ed750:   0000024fe2547710 2494764800000000
0x00000051427ed760:   00000051427f0bd0 00000051427f0660
0x00000051427ed770:   b8ab9c43fc4e4350 4c144eb886c44e90
0x00000051427ed780:   805a25be19769c6a 5e20e511d6b43b1d
0x00000051427ed790:   bf477c6244a64eb5 9f334ea6fc53b330
0x00000051427ed7a0:   00000051427eeb30 0000024fe22f057c
0x00000051427ed7b0:   0000024fe22f0310 0000000000000000
0x00000051427ed7c0:   00000051427ef000 00000051427eeb30
0x00000051427ed7d0:   00000051427eebc0 0000024fe22f9e3c
0x00000051427ed7e0:   0000024fe22f9a90 0000000000000000
0x00000051427ed7f0:   00000051427ef000 00000051427eebc0
0x00000051427ed800:   0000024fc2884290 c793889886c43af8
0x00000051427ed810:   9fb8847dfc4e4388 44d2a5e2fc53b330
0x00000051427ed820:   7a4457e3fc4e42e0 1849f21686c412f8
0x00000051427ed830:   72bb9373fc4e4300 00007ffb5585061f
0x00000051427ed840:   b9e681207e25f174 00007ffb5585061f
0x00000051427ed850:   26a45bce6062e8d9 0ef92e5bfc53b330 

Instructions: (pc=0x00007ffb559169cb)
0x00007ffb559168cb:   0f 1f 44 00 00 8b 44 24 30 85 c0 74 09 41 3b c4
0x00007ffb559168db:   0f 84 0c 04 00 00 45 85 ed 0f 84 57 01 00 00 4c
0x00007ffb559168eb:   8b 7c 24 38 45 8d 5d 01 49 63 c5 4d 8b 77 78 46
0x00007ffb559168fb:   0f b6 2c 30 41 81 fd c0 00 00 00 72 55 49 63 c3
0x00007ffb5591690b:   41 ba 01 00 00 00 41 b9 06 00 00 00 45 8b c2 42
0x00007ffb5591691b:   0f b6 0c 30 4a 8d 3c 30 8b c1 c1 e0 06 44 03 e8
0x00007ffb5591692b:   81 f9 c0 00 00 00 72 27 49 83 f8 04 74 21 41 0f
0x00007ffb5591693b:   b6 14 38 49 ff c0 41 83 c1 06 8b c2 41 8b c9 41
0x00007ffb5591694b:   ff c2 d3 e0 44 03 e8 81 fa c0 00 00 00 73 d9 45
0x00007ffb5591695b:   03 da 49 63 c3 41 8d 73 01 42 0f b6 14 30 81 fa
0x00007ffb5591696b:   c0 00 00 00 72 5a 48 63 c6 41 bb 01 00 00 00 41
0x00007ffb5591697b:   ba 06 00 00 00 45 8b cb 42 0f b6 0c 30 4a 8d 3c
0x00007ffb5591698b:   30 8b c1 c1 e0 06 03 d0 81 f9 c0 00 00 00 72 2d
0x00007ffb5591699b:   0f 1f 44 00 00 49 83 f9 04 74 22 45 0f b6 04 39
0x00007ffb559169ab:   49 ff c1 41 83 c2 06 41 8b c0 41 8b ca 41 ff c3
0x00007ffb559169bb:   d3 e0 03 d0 41 81 f8 c0 00 00 00 73 d8 41 03 f3
0x00007ffb559169cb:   49 8b 07 49 8b cf ff 90 38 01 00 00 4c 63 de 4c
0x00007ffb559169db:   8b f8 4d 03 de 45 0f b6 13 41 81 fa c0 00 00 00
0x00007ffb559169eb:   72 48 41 0f b6 4b 01 41 b9 06 00 00 00 8b c1 c1
0x00007ffb559169fb:   e0 06 44 03 d0 45 8d 41 fb 81 f9 c0 00 00 00 72
0x00007ffb55916a0b:   29 0f 1f 40 00 49 83 f8 04 74 1f 43 0f b6 54 18
0x00007ffb55916a1b:   01 49 ff c0 41 83 c1 06 8b c2 41 8b c9 d3 e0 44
0x00007ffb55916a2b:   03 d0 81 fa c0 00 00 00 73 db 41 8d 72 ff 45 33
0x00007ffb55916a3b:   f6 e9 0f 01 00 00 48 8b 05 d0 85 81 00 48 39 44
0x00007ffb55916a4b:   24 50 75 12 48 8d 4c 24 48 e8 57 7b f3 ff 84 c0
0x00007ffb55916a5b:   0f 85 8c 02 00 00 48 8b 4c 24 58 48 85 c9 74 1c
0x00007ffb55916a6b:   48 8b 01 ff 50 60 84 c0 74 12 48 8d 4c 24 48 e8
0x00007ffb55916a7b:   01 9f f3 ff 84 c0 0f 85 66 02 00 00 48 8b 74 24
0x00007ffb55916a8b:   50 48 8d 4c 24 48 e8 8a 9d f3 ff 48 8d 4c 24 48
0x00007ffb55916a9b:   84 c0 74 50 e8 7c 7c f3 ff 48 8d 4c 24 48 48 8b
0x00007ffb55916aab:   f8 e8 1f 7d f3 ff 48 8b d7 48 8b c8 4c 8b f8 e8
0x00007ffb55916abb:   91 0a 2a 00 4c 8d 45 10 8b f0 48 8d 55 e0 48 8d 


Stack slot to memory mapping:
stack at sp + 0 slots: 0x0000024fff3990b8 points into unknown readable memory: 0x0000000086ac52e0 | e0 52 ac 86 00 00 00 00
stack at sp + 1 slots: 0x00000051427ed760 is pointing into the stack for thread: 0x0000024fc2884290
stack at sp + 2 slots: 0x0000024fe2588124 is at entry_point+5764 in (nmethod*)0x0000024fe2586690
Compiled method (c1)    2214 4077   !   3       java.net.URLClassLoader::defineClass (224 bytes)
 total in heap  [0x0000024fe2586690,0x0000024fe2589070] = 10720
 relocation     [0x0000024fe25867e8,0x0000024fe2586a88] = 672
 main code      [0x0000024fe2586aa0,0x0000024fe2588520] = 6784
 stub code      [0x0000024fe2588520,0x0000024fe25886f8] = 472
 oops           [0x0000024fe25886f8,0x0000024fe2588700] = 8
 metadata       [0x0000024fe2588700,0x0000024fe2588790] = 144
 scopes data    [0x0000024fe2588790,0x0000024fe2588c50] = 1216
 scopes pcs     [0x0000024fe2588c50,0x0000024fe2588fe0] = 912
 dependencies   [0x0000024fe2588fe0,0x0000024fe2588ff0] = 16
 handler table  [0x0000024fe2588ff0,0x0000024fe2589038] = 72
 nul chk table  [0x0000024fe2589038,0x0000024fe2589070] = 56
stack at sp + 3 slots: 0x00000051427ed760 is pointing into the stack for thread: 0x0000024fc2884290
stack at sp + 4 slots: 0x0000024fe9010101 is an unknown value
stack at sp + 5 slots: 0x0000024fc2226a50 points into unknown readable memory: 0x0000024f00000002 | 02 00 00 00 4f 02 00 00
stack at sp + 6 slots: 0xdd6427d600000400 is an unknown value
stack at sp + 7 slots: 0x0000024fe2586690 is at entry_point+-1040 in (nmethod*)0x0000024fe2586690
Compiled method (c1)    2217 4077   !   3       java.net.URLClassLoader::defineClass (224 bytes)
 total in heap  [0x0000024fe2586690,0x0000024fe2589070] = 10720
 relocation     [0x0000024fe25867e8,0x0000024fe2586a88] = 672
 main code      [0x0000024fe2586aa0,0x0000024fe2588520] = 6784
 stub code      [0x0000024fe2588520,0x0000024fe25886f8] = 472
 oops           [0x0000024fe25886f8,0x0000024fe2588700] = 8
 metadata       [0x0000024fe2588700,0x0000024fe2588790] = 144
 scopes data    [0x0000024fe2588790,0x0000024fe2588c50] = 1216
 scopes pcs     [0x0000024fe2588c50,0x0000024fe2588fe0] = 912
 dependencies   [0x0000024fe2588fe0,0x0000024fe2588ff0] = 16
 handler table  [0x0000024fe2588ff0,0x0000024fe2589038] = 72
 nul chk table  [0x0000024fe2589038,0x0000024fe2589070] = 56


Compiled method (n/a)    2218  647     n 0       java.lang.Throwable::fillInStackTrace (native)
 total in heap  [0x0000024fe996b490,0x0000024fe996b8e8] = 1112
 relocation     [0x0000024fe996b5e8,0x0000024fe996b620] = 56
 main code      [0x0000024fe996b620,0x0000024fe996b8e8] = 712

[Constant Pool (empty)]

[MachCode]
[Entry Point]
  # {method} {0x0000024f800221c8} 'fillInStackTrace' '(I)Ljava/lang/Throwable;' in 'java/lang/Throwable'
  # this:     rdx:rdx   = 'java/lang/Throwable'
  # parm0:    r8        = int
  #           [sp+0x70]  (sp of caller)
  0x0000024fe996b620: 448b 5208 | 49bb 0000 | 0080 4f02 | 0000 4d03 | d349 3bc2 | 0f84 0600 

  0x0000024fe996b638: ;   {runtime_call ic_miss_stub}
  0x0000024fe996b638: 0000 e941 | 5a83 ff90 
[Verified Entry Point]
  0x0000024fe996b640: 8984 2400 | 90ff ff55 | 488b ec48 | 83ec 6048 | 8954 2420 | 4883 fa00 | 488d 5424 | 2048 0f44 
  0x0000024fe996b660: 5424 20c5 

  0x0000024fe996b664: ;   {internal_word}
  0x0000024fe996b664: f877 49ba | 63b6 96e9 | 4f02 0000 | 4d89 97a0 | 0200 0049 | 89a7 9802 

  0x0000024fe996b67c: ;   {external_word}
  0x0000024fe996b67c: 0000 49ba | ad37 1156 | fb7f 0000 | 4180 3a00 | 0f84 4e00 | 0000 5241 

  0x0000024fe996b694: ;   {metadata({method} {0x0000024f800221c8} 'fillInStackTrace' '(I)Ljava/lang/Throwable;' in 'java/lang/Throwable')}
  0x0000024fe996b694: 5048 bac0 | 2102 804f | 0200 0049 | 8bcf 4883 | ec20 f7c4 | 0f00 0000 | 0f84 1a00 | 0000 4883 
  0x0000024fe996b6b4: ;   {runtime_call}
  0x0000024fe996b6b4: ec08 49ba | 90e9 c655 | fb7f 0000 | 41ff d248 | 83c4 08e9 | 0d00 0000 

  0x0000024fe996b6cc: ;   {runtime_call}
  0x0000024fe996b6cc: 49ba 90e9 | c655 fb7f | 0000 41ff | d248 83c4 | 2041 585a | 498d 8fb8 | 0200 0041 | c787 4003 
  0x0000024fe996b6ec: 0000 0400 

  0x0000024fe996b6f0: ;   {runtime_call}
  0x0000024fe996b6f0: 0000 49ba | f46e 9498 | fb7f 0000 | 41ff d2c5 | f877 41c7 | 8740 0300 | 0005 0000 | 00f0 8344 
  0x0000024fe996b710: 24c0 0049 | 3baf 4803 | 0000 0f87 | 1100 0000 | 4181 bf30 | 0300 0000 | 0000 000f | 842c 0000 
  0x0000024fe996b730: 00c5 f877 | 4889 45f8 | 498b cf4c | 8be4 4883 | ec20 4883 

  0x0000024fe996b744: ;   {runtime_call}
  0x0000024fe996b744: e4f0 49ba | 90f7 d655 | fb7f 0000 | 41ff d249 | 8be4 4d33 | e448 8b45 | f841 c787 | 4003 0000 
  0x0000024fe996b764: 0800 0000 | 4181 bfb0 | 0300 0002 | 0000 000f | 843f 0100 

  0x0000024fe996b778: ;   {external_word}
  0x0000024fe996b778: 0049 baad | 3711 56fb | 7f00 0041 | 803a 000f | 8450 0000 | 0048 8945 

  0x0000024fe996b790: ;   {metadata({method} {0x0000024f800221c8} 'fillInStackTrace' '(I)Ljava/lang/Throwable;' in 'java/lang/Throwable')}
  0x0000024fe996b790: f848 bac0 | 2102 804f | 0200 0049 | 8bcf 4883 | ec20 f7c4 | 0f00 0000 | 0f84 1a00 | 0000 4883 
  0x0000024fe996b7b0: ;   {runtime_call}
  0x0000024fe996b7b0: ec08 49ba | 90e9 c655 | fb7f 0000 | 41ff d248 | 83c4 08e9 | 0d00 0000 

  0x0000024fe996b7c8: ;   {runtime_call}
  0x0000024fe996b7c8: 49ba 90e9 | c655 fb7f | 0000 41ff | d248 83c4 | 2048 8b45 | f849 c787 | 9802 0000 | 0000 0000 
  0x0000024fe996b7e8: 49c7 87a0 | 0200 0000 | 0000 00c5 | f877 4885 | c00f 8493 | 0000 0048 | f7c0 0100 | 0000 0f84 
  0x0000024fe996b808: 8300 0000 | 488b 40ff | 4180 7f38 | 000f 846f | 0000 0048 | 83f8 000f | 8465 0000 | 0049 8b4f 
  0x0000024fe996b828: 2048 83f9 | 000f 8414 | 0000 0048 | 83e9 0849 | 894f 2049 | 034f 3048 | 8901 e943 | 0000 0050 
  0x0000024fe996b848: 498b d748 | 8bc8 4883 | ec20 f7c4 | 0f00 0000 | 0f84 1a00 | 0000 4883 

  0x0000024fe996b860: ;   {runtime_call}
  0x0000024fe996b860: ec08 49ba | a08b 8555 | fb7f 0000 | 41ff d248 | 83c4 08e9 | 0d00 0000 

  0x0000024fe996b878: ;   {runtime_call}
  0x0000024fe996b878: 49ba a08b | 8555 fb7f | 0000 41ff | d248 83c4 | 2058 e903 | 0000 0048 | 8b00 498b | 8fd8 0000 
  0x0000024fe996b898: 00c7 8100 | 0100 0000 | 0000 00c9 | 4981 7f08 | 0000 0000 | 0f85 0100 

  0x0000024fe996b8b0: ;   {runtime_call StubRoutines (1)}
  0x0000024fe996b8b0: 0000 c3e9 | 4856 7eff | c5f8 7748 | 8945 f84c | 8be4 4883 | ec20 4883 

  0x0000024fe996b8c8: ;   {runtime_call}
  0x0000024fe996b8c8: e4f0 49ba | a01a c755 | fb7f 0000 | 41ff d249 | 8be4 4d33 | e448 8b45 | f8e9 93fe | ffff f4f4 
[/MachCode]


Compiled method (c2)    2220 2308       4       java.lang.ClassNotFoundException::<init> (7 bytes)
 total in heap  [0x0000024fe9a48b90,0x0000024fe9a49518] = 2440
 relocation     [0x0000024fe9a48ce8,0x0000024fe9a48d20] = 56
 main code      [0x0000024fe9a48d20,0x0000024fe9a493e0] = 1728
 stub code      [0x0000024fe9a493e0,0x0000024fe9a49408] = 40
 oops           [0x0000024fe9a49408,0x0000024fe9a49418] = 16
 metadata       [0x0000024fe9a49418,0x0000024fe9a49450] = 56
 scopes data    [0x0000024fe9a49450,0x0000024fe9a494a8] = 88
 scopes pcs     [0x0000024fe9a494a8,0x0000024fe9a494f8] = 80
 dependencies   [0x0000024fe9a494f8,0x0000024fe9a49500] = 8
 handler table  [0x0000024fe9a49500,0x0000024fe9a49518] = 24

[Constant Pool (empty)]

[MachCode]
[Entry Point]
  # {method} {0x0000024f803ee940} '<init>' '(Ljava/lang/String;)V' in 'java/lang/ClassNotFoundException'
  # this:     rdx:rdx   = 'java/lang/ClassNotFoundException'
  # parm0:    r8:r8     = 'java/lang/String'
  #           [sp+0x60]  (sp of caller)
  0x0000024fe9a48d20: 448b 5208 | 49bb 0000 | 0080 4f02 | 0000 4d03 | d349 3bc2 

  0x0000024fe9a48d34: ;   {runtime_call ic_miss_stub}
  0x0000024fe9a48d34: 0f85 4683 | 75ff 6690 | 0f1f 4000 
[Verified Entry Point]
  0x0000024fe9a48d40: 8984 2400 | 90ff ff55 | 4883 ec50 | 4c89 4424 | 2041 807f | 3800 0f85 | cf02 0000 | 488b fa41 
  0x0000024fe9a48d60: 807f 3800 | 0f85 8e02 

  0x0000024fe9a48d68: ;   {oop(a 'java/lang/StackTraceElement'[0] {0x00000000809f3010})}
  0x0000024fe9a48d68: 0000 c747 | 1c10 309f | 804c 8bd7 | 4489 5718 

  0x0000024fe9a48d78: ;   {oop(a 'java/util/Collections$EmptyList'{0x00000000809f3000})}
  0x0000024fe9a48d78: 4c8b d748 | bb00 309f | 8000 0000 

  0x0000024fe9a48d84: ;   {oop(a 'java/lang/StackTraceElement'[0] {0x00000000809f3010})}
  0x0000024fe9a48d84: 0048 bd10 | 309f 8000 | 0000 004c | 8bdd 4d33 | da49 c1eb | 144d 85db | 741a 49c1 | ea09 48b9 
  0x0000024fe9a48da4: 0000 09f2 | 4f02 0000 | 4903 ca80 | 3904 0f85 | 8d03 0000 | 4180 7f38 | 000f 8502 

  0x0000024fe9a48dc0: ;   {oop(a 'java/util/Collections$EmptyList'{0x00000000809f3000})}
  0x0000024fe9a48dc0: 0200 00c7 | 4720 0030 | 9f80 4c8b | d34c 8bdf | 4d33 d349 | c1ea 144d | 85d2 741a | 49c1 eb09 
  0x0000024fe9a48de0: 48b9 0000 | 09f2 4f02 | 0000 4903 | cb80 3904 | 0f85 0903 | 0000 488d | 5c24 4048 | 8b07 48f7 
  0x0000024fe9a48e00: c002 0000 | 0075 2448 | 83c8 0148 | 8903 f048 | 0fb1 1f0f | 843e 0000 | 0048 2bc4 | 4881 e007 
  0x0000024fe9a48e20: f0ff ff48 | 8903 e92c | 0000 004c | 8bd8 4833 | c0f0 4d0f | b17b 3e48 | c703 0300 | 0000 0f84 
  0x0000024fe9a48e40: 1300 0000 | 4c3b f80f | 850a 0000 | 0049 ff83 | 8600 0000 | 4833 c00f | 85be 0300 | 0044 8b57 
  0x0000024fe9a48e60: 1c45 85d2 | 0f84 6b04 | 0000 4889 | 7c24 2845 | 33c0 488b 

  0x0000024fe9a48e74: ;   {optimized virtual_call}
  0x0000024fe9a48e74: d766 90e8 

  0x0000024fe9a48e78: ; ImmutableOopMap {rbp=Oop [32]=Oop [40]=Oop }
                      ;*invokevirtual fillInStackTrace {reexecute=0 rethrow=0 return_oop=1}
                      ; - java.lang.Throwable::fillInStackTrace@16 (line 798)
                      ; - java.lang.Throwable::<init>@24 (line 293)
                      ; - java.lang.Exception::<init>@3 (line 85)
                      ; - java.lang.ReflectiveOperationException::<init>@3 (line 76)
                      ; - java.lang.ClassNotFoundException::<init>@3 (line 71)
  0x0000024fe9a48e78: c427 f2ff | 4180 7f38 | 000f 850d | 0200 0048 | 8b5c 2428 

  0x0000024fe9a48e8c: ;   {oop(a 'java/lang/StackTraceElement'[0] {0x00000000809f3010})}
  0x0000024fe9a48e8c: c743 1c10 | 309f 804c | 8bd5 4c8b | db4d 33d3 | 49c1 ea14 | 4d85 d274 | 1a49 c1eb | 0948 b900 
  0x0000024fe9a48eac: 0009 f24f | 0200 0049 | 03cb 8039 | 040f 85cc | 0200 0048 | 8d44 2440 | 4881 3800 | 0000 000f 
  0x0000024fe9a48ecc: 8483 0000 | 004c 8b13 | 49f7 c202 | 0000 0074 | 6f49 81ba | 8600 0000 | 0000 0000 | 7409 49ff 
  0x0000024fe9a48eec: 8a86 0000 | 00eb 5149 | 8b82 9600 | 0000 490b | 828e 0000 | 0075 0a49 | c742 3e00 | 0000 00eb 
  0x0000024fe9a48f0c: 4749 81ba | 9e00 0000 | 0000 0000 | 7425 4833 | c049 c742 | 3e00 0000 | 00f0 8304 | 2400 4981 
  0x0000024fe9a48f2c: ba9e 0000 | 0000 0000 | 0075 0df0 | 4d0f b17a | 3e75 0583 | c801 eb10 | f7c0 0000 | 0000 eb08 
  0x0000024fe9a48f4c: 4c8b 10f0 | 4c0f b113 | 0f85 e002 | 0000 4180 | 7f38 000f | 85fc 0000 | 004c 8bd3 | 4c8b 4424 
  0x0000024fe9a48f6c: 204d 8bd8 | 4489 5b14 | 4d8b d84d | 33da 49c1 | eb14 4d85 | db74 204d | 85c0 741b | 49c1 ea09 
  0x0000024fe9a48f8c: 49b8 0000 | 09f2 4f02 | 0000 4d03 | c241 8038 | 040f 852e | 0200 0041 | 807f 3800 | 0f85 1e01 
  0x0000024fe9a48fac: 0000 4489 | 6318 4883 

  0x0000024fe9a48fb4: ;   {poll_return}
  0x0000024fe9a48fb4: c450 5d49 | 3ba7 4803 | 0000 0f87 | f203 0000 | c344 8b5f | 2045 85db | 0f84 f1fd | ffff 4d8b 
  0x0000024fe9a48fd4: 5720 498b | cb4d 85d2 | 0f84 9f02 | 0000 4d8b | 5f30 4b89 | 4c13 f849 | 83c2 f84d | 8957 20e9 
  0x0000024fe9a48ff4: cbfd ffff | 448b 5f1c | 4585 db0f | 8465 fdff | ff4d 8b57 | 2049 8bcb | 4d85 d20f | 8442 0200 
  0x0000024fe9a49014: 004d 8b5f | 304b 894c | 13f8 4983 | c2f8 4d89 | 5720 e93f | fdff ff48 | 8bfa 448b | 5a18 4585 
  0x0000024fe9a49034: db0f 8424 | fdff ff4d | 8b57 2049 | 8bcb 4d85 | d20f 8421 | 0200 004d | 8b5f 304b | 894c 13f8 
  0x0000024fe9a49054: 4983 c2f8 | 4d89 5720 | e9fe fcff | ff44 8b5b | 1445 85db | 0f84 f7fe | ffff 4d8b | 5720 498b 
  0x0000024fe9a49074: cb4d 85d2 | 0f84 4202 | 0000 4d8b | 5f30 4b89 | 4c13 f849 | 83c2 f84d | 8957 20e9 | d1fe ffff 
  0x0000024fe9a49094: 488b 5c24 | 2844 8b53 | 1c45 85d2 | 0f84 e6fd | ffff 4d8b | 5f20 498b | ca4d 85db | 0f84 e001 
  0x0000024fe9a490b4: 0000 4d8b | 5730 4b89 | 4c1a f849 | 83c3 f84d | 895f 20e9 | c0fd ffff | 448b 5318 | 4585 d20f 
  0x0000024fe9a490d4: 84d5 feff | ff4d 8b5f | 2049 8bca | 4d85 db0f | 84c2 0100 | 004d 8b57 | 304b 894c | 1af8 4983 
  0x0000024fe9a490f4: c3f8 4d89 | 5f20 e9af | feff ff4d | 8b57 404d | 8b5f 50f0 | 8344 24c0 | 0080 3900 | 0f84 e0fc 
  0x0000024fe9a49114: ffff 4488 | 214d 85d2 | 7515 498b | d749 ba80 | 8b85 55fb | 7f00 0041 | ffd2 e9c3 | fcff ff4b 
  0x0000024fe9a49134: 894c 13f8 | 4983 c2f8 | 4d89 5740 | e9b1 fcff | ff4d 8b57 | 404d 8b5f | 50f0 8344 | 24c0 0080 
  0x0000024fe9a49154: 3900 0f84 | 5cfc ffff | 4488 214d | 85d2 7515 | 498b d749 | ba80 8b85 | 55fb 7f00 | 0041 ffd2 
  0x0000024fe9a49174: e93f fcff | ff4b 894c | 13f8 4983 | c2f8 4d89 | 5740 e92d | fcff ff4d | 8b57 404d | 8b5f 50f0 
  0x0000024fe9a49194: 8344 24c0 | 0080 3900 | 0f84 1dfd | ffff 4488 | 214d 85d2 | 7515 498b | d749 ba80 | 8b85 55fb 
  0x0000024fe9a491b4: 7f00 0041 | ffd2 e900 | fdff ff4b | 894c 13f8 | 4983 c2f8 | 4d89 5740 | e9ee fcff | ff4d 8b57 
  0x0000024fe9a491d4: 404d 8b5f | 50f0 8344 | 24c0 0041 | 8038 000f | 84ba fdff | ff45 8820 | 4d85 d275 | 1849 8bc8 
  0x0000024fe9a491f4: 498b d749 | ba80 8b85 | 55fb 7f00 | 0041 ffd2 | e99a fdff | ff4f 8944 | 13f8 4983 | c2f8 4d89 
  0x0000024fe9a49214: 5740 e988 | fdff ff48 | 897c 2428 | 488b d74c | 8d44 2440 

  0x0000024fe9a49228: ;   {runtime_call _complete_monitor_locking_Java}
  0x0000024fe9a49228: 6666 90e8 

  0x0000024fe9a4922c: ; ImmutableOopMap {rbp=Oop [32]=Oop [40]=Oop }
                      ;*synchronization entry
                      ; - java.lang.Throwable::fillInStackTrace@-1 (line 796)
                      ; - java.lang.Throwable::<init>@24 (line 293)
                      ; - java.lang.Exception::<init>@3 (line 85)
                      ; - java.lang.ReflectiveOperationException::<init>@3 (line 76)
                      ; - java.lang.ClassNotFoundException::<init>@3 (line 71)
  0x0000024fe9a4922c: 505e a4ff | 488b 7c24 | 28e9 23fc | ffff 488b | cb48 8d54 | 2440 4d8b | c749 ba90 | d8c6 55fb 
  0x0000024fe9a4924c: 7f00 0041 | ffd2 e903 | fdff ff49 | 8bd7 49ba | a08b 8555 | fb7f 0000 | 41ff d2e9 | fefa ffff 
  0x0000024fe9a4926c: 498b d749 | baa0 8b85 | 55fb 7f00 | 0041 ffd2 | e9de faff | ff49 8bd7 | 49ba a08b | 8555 fb7f 
  0x0000024fe9a4928c: 0000 41ff | d2e9 2dfb | ffff 498b | d749 baa0 | 8b85 55fb | 7f00 0041 | ffd2 e9e1 | fbff ff49 
  0x0000024fe9a492ac: 8bd7 49ba | a08b 8555 | fb7f 0000 | 41ff d2e9 | eefc ffff | 498b d749 | baa0 8b85 | 55fb 7f00 
  0x0000024fe9a492cc: 0041 ffd2 | e990 fcff | ffba 45ff | ffff 4889 | 7c24 2844 | 8954 2430 | 4889 7c24 

  0x0000024fe9a492e8: ;   {runtime_call UncommonTrapBlob}
  0x0000024fe9a492e8: 3866 90e8 

  0x0000024fe9a492ec: ; ImmutableOopMap {[32]=Oop [40]=Oop [48]=NarrowOop [56]=Oop }
                      ;*ifnonnull {reexecute=1 rethrow=0 return_oop=0}
                      ; - (reexecute) java.lang.Throwable::fillInStackTrace@4 (line 796)
                      ; - java.lang.Throwable::<init>@24 (line 293)
                      ; - java.lang.Exception::<init>@3 (line 85)
                      ; - java.lang.ReflectiveOperationException::<init>@3 (line 76)
                      ; - java.lang.ClassNotFoundException::<init>@3 (line 71)
  0x0000024fe9a492ec: 10d6 75ff | 488b d84c | 8b5c 2428 | 488d 4424 | 4048 8138 | 0000 0000 | 0f84 8300 | 0000 4d8b 
  0x0000024fe9a4930c: 1349 f7c2 | 0200 0000 | 746f 4981 | ba86 0000 | 0000 0000 | 0074 0949 | ff8a 8600 | 0000 eb51 
  0x0000024fe9a4932c: 498b 8296 | 0000 0049 | 0b82 8e00 | 0000 750a | 49c7 423e | 0000 0000 | eb47 4981 | ba9e 0000 
  0x0000024fe9a4934c: 0000 0000 | 0074 2548 | 33c0 49c7 | 423e 0000 | 0000 f083 | 0424 0049 | 81ba 9e00 | 0000 0000 
  0x0000024fe9a4936c: 0000 750d | f04d 0fb1 | 7a3e 7505 | 83c8 01eb | 10f7 c000 | 0000 00eb | 084c 8b10 | f04d 0fb1 
  0x0000024fe9a4938c: 1375 0d48 | 8bd3 4883 

  0x0000024fe9a49394: ;   {runtime_call _rethrow_Java}
  0x0000024fe9a49394: c450 5de9 | 6497 a4ff | 498b cb48 | 8d54 2440 | 4d8b c749 | ba90 d8c6 | 55fb 7f00 | 0041 ffd2 
  0x0000024fe9a493b4: ;   {internal_word}
  0x0000024fe9a493b4: ebd9 49ba | b78f a4e9 | 4f02 0000 | 4d89 9760 

  0x0000024fe9a493c4: ;   {runtime_call SafepointBlob}
  0x0000024fe9a493c4: 0300 00e9 | 34e6 75ff | f4f4 f4f4 | f4f4 f4f4 | f4f4 f4f4 | f4f4 f4f4 | f4f4 f4f4 
[Stub Code]
  0x0000024fe9a493e0: ;   {no_reloc}
  0x0000024fe9a493e0: 48bb 0000 | 0000 0000 

  0x0000024fe9a493e8: ;   {runtime_call}
  0x0000024fe9a493e8: 0000 e9fb 

  0x0000024fe9a493ec: ;   {runtime_call ExceptionBlob}
  0x0000024fe9a493ec: ffff ffe9 | 0cee 76ff 
[Deopt Handler Code]
  0x0000024fe9a493f4: e800 0000 | 0048 832c 

  0x0000024fe9a493fc: ;   {runtime_call DeoptimizationBlob}
  0x0000024fe9a493fc: 2405 e99d | d875 fff4 | f4f4 f4f4 
[/MachCode]


Compiled method (c1)    2224 2798   !   3       java.net.URLClassLoader::findClass (47 bytes)
 total in heap  [0x0000024fe22f9a90,0x0000024fe22fa830] = 3488
 relocation     [0x0000024fe22f9be8,0x0000024fe22f9c90] = 168
 main code      [0x0000024fe22f9ca0,0x0000024fe22fa580] = 2272
 stub code      [0x0000024fe22fa580,0x0000024fe22fa5d8] = 88
 metadata       [0x0000024fe22fa5d8,0x0000024fe22fa610] = 56
 scopes data    [0x0000024fe22fa610,0x0000024fe22fa6c8] = 184
 scopes pcs     [0x0000024fe22fa6c8,0x0000024fe22fa7c8] = 256
 dependencies   [0x0000024fe22fa7c8,0x0000024fe22fa7d8] = 16
 handler table  [0x0000024fe22fa7d8,0x0000024fe22fa820] = 72
 nul chk table  [0x0000024fe22fa820,0x0000024fe22fa830] = 16

[Constant Pool (empty)]

[MachCode]
[Entry Point]
  # {method} {0x0000024ffb03f170} 'findClass' '(Ljava/lang/String;)Ljava/lang/Class;' in 'java/net/URLClassLoader'
  # this:     rdx:rdx   = 'java/net/URLClassLoader'
  # parm0:    r8:r8     = 'java/lang/String'
  #           [sp+0x90]  (sp of caller)
  0x0000024fe22f9ca0: 448b 5208 | 49bb 0000 | 0080 4f02 | 0000 4d03 | d34c 3bd0 

  0x0000024fe22f9cb4: ;   {runtime_call ic_miss_stub}
  0x0000024fe22f9cb4: 0f85 c673 | ea06 660f | 1f44 0000 
[Verified Entry Point]
  0x0000024fe22f9cc0: 8984 2400 | 90ff ff55 | 4881 ec80 | 0000 0048 

  0x0000024fe22f9cd0: ;   {metadata(method data for {method} {0x0000024ffb03f170} 'findClass' '(Ljava/lang/String;)Ljava/lang/Class;' in 'java/net/URLClassLoader')}
  0x0000024fe22f9cd0: 8bda 48ba | b8dd 0efb | 4f02 0000 | 8bb2 cc00 | 0000 83c6 | 0289 b2cc | 0000 0081 | e6fe 0700 
  0x0000024fe22f9cf0: 0083 fe00 | 0f84 aa06 

  0x0000024fe22f9cf8: ;   {metadata('java/net/URLClassLoader$1')}
  0x0000024fe22f9cf8: 0000 48ba | b067 0481 | 4f02 0000 | 498b 8708 | 0100 0048 | 8d78 1849 | 3bbf 1801 | 0000 0f87 
  0x0000024fe22f9d18: a906 0000 | 4989 bf08 | 0100 0048 | c700 0100 | 0000 488b | ca49 ba00 | 0000 804f | 0200 0049 
  0x0000024fe22f9d38: 2bca 8948 | 0848 33c9 | 8948 0c48 | 33c9 4889 | 4810 488b 

  0x0000024fe22f9d4c: ;   {metadata(method data for {method} {0x0000024ffb03f170} 'findClass' '(Ljava/lang/String;)Ljava/lang/Class;' in 'java/net/URLClassLoader')}
  0x0000024fe22f9d4c: d048 beb8 | dd0e fb4f | 0200 0048 | 8386 1001 

  0x0000024fe22f9d5c: ;   {metadata(method data for {method} {0x0000024ffb077d18} '<init>' '(Ljava/net/URLClassLoader;Ljava/lang/String;)V' in 'java/net/URLClassLoader$1')}
  0x0000024fe22f9d5c: 0000 0148 | ba20 e00e | fb4f 0200 | 008b b2cc | 0000 0083 | c602 89b2 | cc00 0000 | 81e6 feff 
  0x0000024fe22f9d7c: 1f00 83fe | 000f 844b | 0600 0041 | 0fbe 5738 | 83fa 000f | 855e 0600 | 004c 8bd3 | 4489 5010 
  0x0000024fe22f9d9c: 488b d048 | 33d3 48c1 | ea14 4883 | fa00 0f85 | 5e06 0000 | 410f be57 | 3883 fa00 | 0f85 6806 
  0x0000024fe22f9dbc: 0000 4d8b | d044 8950 | 0c48 8bd0 | 4933 d048 | c1ea 1448 | 83fa 000f | 8568 0600 | 0048 8bd0 
  0x0000024fe22f9ddc: ;   {metadata(method data for {method} {0x0000024ffb077d18} '<init>' '(Ljava/net/URLClassLoader;Ljava/lang/String;)V' in 'java/net/URLClassLoader$1')}
  0x0000024fe22f9ddc: 48be 20e0 | 0efb 4f02 | 0000 4883 | 8610 0100 

  0x0000024fe22f9dec: ;   {metadata(method data for {method} {0x0000024f80441410} '<init>' '()V' in 'java/lang/Object')}
  0x0000024fe22f9dec: 0001 48ba | 287b 00fb | 4f02 0000 | 8bb2 cc00 | 0000 83c6 | 0289 b2cc | 0000 0081 | e6fe ff1f 
  0x0000024fe22f9e0c: 0083 fe00 | 0f84 4306 | 0000 8b73 

  0x0000024fe22f9e18: ;   {metadata(method data for {method} {0x0000024ffb03f170} 'findClass' '(Ljava/lang/String;)Ljava/lang/Class;' in 'java/net/URLClassLoader')}
  0x0000024fe22f9e18: 5848 bab8 | dd0e fb4f | 0200 0048 | 8382 2001 | 0000 0148 | 8bd0 4c89 | 4424 504c 

  0x0000024fe22f9e34: ;   {static_call}
  0x0000024fe22f9e34: 8bc6 90e8 

  0x0000024fe22f9e38: ; ImmutableOopMap {[80]=Oop }
                      ;*invokestatic doPrivileged {reexecute=0 rethrow=0 return_oop=0}
                      ; - java.net.URLClassLoader::findClass@13 (line 420)
  0x0000024fe22f9e38: e466 ffff | 4883 f800 

  0x0000024fe22f9e40: ;   {metadata(method data for {method} {0x0000024ffb03f170} 'findClass' '(Ljava/lang/String;)Ljava/lang/Class;' in 'java/net/URLClassLoader')}
  0x0000024fe22f9e40: 7516 48be | b8dd 0efb | 4f02 0000 | 808e 2901 | 0000 01e9 | d200 0000 

  0x0000024fe22f9e58: ;   {metadata('java/lang/Class')}
  0x0000024fe22f9e58: 48bf 2817 | 0080 4f02 | 0000 8b50 | 0849 ba00 | 0000 804f | 0200 0049 | 03d2 483b | fa0f 8593 
  0x0000024fe22f9e78: ;   {metadata(method data for {method} {0x0000024ffb03f170} 'findClass' '(Ljava/lang/String;)Ljava/lang/Class;' in 'java/net/URLClassLoader')}
  0x0000024fe22f9e78: 0000 0048 | beb8 dd0e | fb4f 0200 | 008b 7808 | 49ba 0000 | 0080 4f02 | 0000 4903 | fa48 3bbe 
  0x0000024fe22f9e98: 4001 0000 | 750d 4883 | 8648 0100 | 0001 e97f | 0000 0048 | 3bbe 5001 | 0000 750d | 4883 8658 
  0x0000024fe22f9eb8: 0100 0001 | e969 0000 | 0048 81be | 4001 0000 | 0000 0000 | 7517 4889 | be40 0100 | 0048 c786 
  0x0000024fe22f9ed8: 4801 0000 | 0100 0000 | e945 0000 | 0048 81be | 5001 0000 | 0000 0000 | 7517 4889 | be50 0100 
  0x0000024fe22f9ef8: 0048 c786 | 5801 0000 | 0100 0000 | e921 0000 | 00e9 1c00 

  0x0000024fe22f9f0c: ;   {metadata(method data for {method} {0x0000024ffb03f170} 'findClass' '(Ljava/lang/String;)Ljava/lang/Class;' in 'java/net/URLClassLoader')}
  0x0000024fe22f9f0c: 0000 48be | b8dd 0efb | 4f02 0000 | 4883 ae30 | 0100 0001 | e955 0500 | 00e9 0000 | 0000 488b 
  0x0000024fe22f9f2c: ;   {metadata(method data for {method} {0x0000024ffb03f170} 'findClass' '(Ljava/lang/String;)Ljava/lang/Class;' in 'java/net/URLClassLoader')}
  0x0000024fe22f9f2c: d048 b8b8 | dd0e fb4f | 0200 00ff | 8068 0100 | 0048 83fa 

  0x0000024fe22f9f40: ;   {metadata(method data for {method} {0x0000024ffb03f170} 'findClass' '(Ljava/lang/String;)Ljava/lang/Class;' in 'java/net/URLClassLoader')}
  0x0000024fe22f9f40: 0048 b8b8 | dd0e fb4f | 0200 0048 | c7c6 f001 | 0000 0f85 | 0700 0000 | 48c7 c600 | 0200 0048 
  0x0000024fe22f9f60: 8b3c 3048 | 8d7f 0148 | 893c 300f | 855c 0100 | 00e9 5803 | 0000 498b | 87d8 0300 | 004d 33d2 
  0x0000024fe22f9f80: 4d89 97d8 | 0300 004d | 33d2 4d89 | 97e0 0300 | 0048 8bd0 

  0x0000024fe22f9f94: ;   {metadata(method data for {method} {0x0000024ffb03f170} 'findClass' '(Ljava/lang/String;)Ljava/lang/Class;' in 'java/net/URLClassLoader')}
  0x0000024fe22f9f94: 488b c248 | beb8 dd0e | fb4f 0200 

  0x0000024fe22f9fa0: ;   {metadata('java/security/PrivilegedActionException')}
  0x0000024fe22f9fa0: 0049 ba10 | 2b06 814f | 0200 004c | 8996 9001 | 0000 4883 | 8698 0100 

  0x0000024fe22f9fb8: ;   {metadata(method data for {method} {0x0000024ffb1c31d0} 'getException' '()Ljava/lang/Exception;' in 'java/security/PrivilegedActionException')}
  0x0000024fe22f9fb8: 0001 48b8 | b03f 9bfb | 4f02 0000 | 8bb0 cc00 | 0000 83c6 | 0289 b0cc | 0000 0081 | e6fe ff1f 
  0x0000024fe22f9fd8: 0083 fe00 | 0f84 a104 | 0000 488b 

  0x0000024fe22f9fe4: ;   {metadata(method data for {method} {0x0000024ffb1c31d0} 'getException' '()Ljava/lang/Exception;' in 'java/security/PrivilegedActionException')}
  0x0000024fe22f9fe4: c248 beb0 | 3f9b fb4f | 0200 0048 | 8386 1001 | 0000 0148 | 8d74 2460 | 4889 5608 | 488b 0248 
  0x0000024fe22fa004: 83c8 0148 | 8906 f048 | 0fb1 320f | 8413 0000 | 0048 2bc4 | 4881 e007 | f0ff ff48 | 8906 0f85 
  0x0000024fe22fa024: 7c04 0000 

  0x0000024fe22fa028: ;   {metadata(method data for {method} {0x0000024f80021068} 'getCause' '()Ljava/lang/Throwable;' in 'java/lang/Throwable')}
  0x0000024fe22fa028: 48b8 4841 | 9bfb 4f02 | 0000 8bb0 | cc00 0000 | 83c6 0289 | b0cc 0000 | 0081 e6fe | ff1f 0083 
  0x0000024fe22fa048: fe00 0f84 | 6704 0000 | 8b42 1848 

  0x0000024fe22fa054: ;   {metadata(method data for {method} {0x0000024f80021068} 'getCause' '()Ljava/lang/Throwable;' in 'java/lang/Throwable')}
  0x0000024fe22fa054: 3bc2 48ba | 4841 9bfb | 4f02 0000 | 48c7 c610 | 0100 000f | 8507 0000 | 0048 c7c6 | 2001 0000 
  0x0000024fe22fa074: 488b 3c32 | 488d 7f01 | 4889 3c32 | 0f85 1f00 

  0x0000024fe22fa084: ;   {metadata(method data for {method} {0x0000024f80021068} 'getCause' '()Ljava/lang/Throwable;' in 'java/lang/Throwable')}
  0x0000024fe22fa084: 0000 48b8 | 4841 9bfb | 4f02 0000 | ff80 3001 

  0x0000024fe22fa094: ;   {oop(NULL)}
  0x0000024fe22fa094: 0000 48ba | 0000 0000 | 0000 0000 | e903 0000 | 0048 8bd0 | 488d 4424 | 6048 8b30 | 4885 f60f 
  0x0000024fe22fa0b4: 840f 0000 | 0048 8b78 | 08f0 480f | b137 0f85 | 1004 0000 | e919 0000 | 0048 8bc2 | 4881 c480 
  0x0000024fe22fa0d4: 0000 005d 

  0x0000024fe22fa0d8: ;   {poll_return}
  0x0000024fe22fa0d8: 493b a748 | 0300 000f | 8706 0400 | 00c3 4883 | fa00 7516 

  0x0000024fe22fa0ec: ;   {metadata(method data for {method} {0x0000024ffb1c31d0} 'getException' '()Ljava/lang/Exception;' in 'java/security/PrivilegedActionException')}
  0x0000024fe22fa0ec: 48be b03f | 9bfb 4f02 | 0000 808e | 1901 0000 | 01e9 d300 

  0x0000024fe22fa100: ;   {metadata('java/lang/Exception')}
  0x0000024fe22fa100: 0000 48bf | d804 0280 | 4f02 0000 | 8b72 0849 | ba00 0000 | 804f 0200 | 0049 03f2 | 483b 7e40 
  0x0000024fe22fa120: 0f85 9300 

  0x0000024fe22fa124: ;   {metadata(method data for {method} {0x0000024ffb1c31d0} 'getException' '()Ljava/lang/Exception;' in 'java/security/PrivilegedActionException')}
  0x0000024fe22fa124: 0000 48be | b03f 9bfb | 4f02 0000 | 8b7a 0849 | ba00 0000 | 804f 0200 | 0049 03fa | 483b be30 
  0x0000024fe22fa144: 0100 0075 | 0d48 8386 | 3801 0000 | 01e9 7f00 | 0000 483b | be40 0100 | 0075 0d48 | 8386 4801 
  0x0000024fe22fa164: 0000 01e9 | 6900 0000 | 4881 be30 | 0100 0000 | 0000 0075 | 1748 89be | 3001 0000 | 48c7 8638 
  0x0000024fe22fa184: 0100 0001 | 0000 00e9 | 4500 0000 | 4881 be40 | 0100 0000 | 0000 0075 | 1748 89be | 4001 0000 
  0x0000024fe22fa1a4: 48c7 8648 | 0100 0001 | 0000 00e9 | 2100 0000 | e91c 0000 

  0x0000024fe22fa1b8: ;   {metadata(method data for {method} {0x0000024ffb1c31d0} 'getException' '()Ljava/lang/Exception;' in 'java/security/PrivilegedActionException')}
  0x0000024fe22fa1b8: 0048 beb0 | 3f9b fb4f | 0200 0048 | 83ae 2001 | 0000 01e9 | 3103 0000 | e900 0000 | 0048 8bc2 
  0x0000024fe22fa1d8: 4883 f800 

  0x0000024fe22fa1dc: ;   {metadata(method data for {method} {0x0000024ffb03f170} 'findClass' '(Ljava/lang/String;)Ljava/lang/Class;' in 'java/net/URLClassLoader')}
  0x0000024fe22fa1dc: 7516 48be | b8dd 0efb | 4f02 0000 | 808e b101 | 0000 01e9 | d200 0000 

  0x0000024fe22fa1f4: ;   {metadata('java/lang/ClassNotFoundException')}
  0x0000024fe22fa1f4: 48bf 1028 | 0280 4f02 | 0000 8b50 | 0849 ba00 | 0000 804f | 0200 0049 | 03d2 483b | fa0f 8593 
  0x0000024fe22fa214: ;   {metadata(method data for {method} {0x0000024ffb03f170} 'findClass' '(Ljava/lang/String;)Ljava/lang/Class;' in 'java/net/URLClassLoader')}
  0x0000024fe22fa214: 0000 0048 | beb8 dd0e | fb4f 0200 | 008b 7808 | 49ba 0000 | 0080 4f02 | 0000 4903 | fa48 3bbe 
  0x0000024fe22fa234: c801 0000 | 750d 4883 | 86d0 0100 | 0001 e97f | 0000 0048 | 3bbe d801 | 0000 750d | 4883 86e0 
  0x0000024fe22fa254: 0100 0001 | e969 0000 | 0048 81be | c801 0000 | 0000 0000 | 7517 4889 | bec8 0100 | 0048 c786 
  0x0000024fe22fa274: d001 0000 | 0100 0000 | e945 0000 | 0048 81be | d801 0000 | 0000 0000 | 7517 4889 | bed8 0100 
  0x0000024fe22fa294: 0048 c786 | e001 0000 | 0100 0000 | e921 0000 | 00e9 1c00 

  0x0000024fe22fa2a8: ;   {metadata(method data for {method} {0x0000024ffb03f170} 'findClass' '(Ljava/lang/String;)Ljava/lang/Class;' in 'java/net/URLClassLoader')}
  0x0000024fe22fa2a8: 0000 48be | b8dd 0efb | 4f02 0000 | 4883 aeb8 | 0100 0001 | e949 0200 | 00e9 0000 | 0000 483b 
  0x0000024fe22fa2c8: 00e9 8902 | 0000 4c8b 

  0x0000024fe22fa2d0: ;   {metadata('java/lang/ClassNotFoundException')}
  0x0000024fe22fa2d0: 4424 5048 | ba10 2802 | 804f 0200 | 0049 8b87 | 0801 0000 | 488d 7828 | 493b bf18 | 0100 000f 
  0x0000024fe22fa2f0: 8723 0200 | 0049 89bf | 0801 0000 | 48c7 0001 | 0000 0048 | 8bca 49ba | 0000 0080 | 4f02 0000 
  0x0000024fe22fa310: 492b ca89 | 4808 4833 | c989 480c | 4833 c948 | 8948 1048 | 8948 1848 | 8948 2048 

  0x0000024fe22fa32c: ;   {metadata(method data for {method} {0x0000024ffb03f170} 'findClass' '(Ljava/lang/String;)Ljava/lang/Class;' in 'java/net/URLClassLoader')}
  0x0000024fe22fa32c: 8bd0 48be | b8dd 0efb | 4f02 0000 | 4883 8610 | 0200 0001 | 488b d048 | 8944 2458 | 0f1f 8000 
  0x0000024fe22fa34c: ;   {optimized virtual_call}
  0x0000024fe22fa34c: 0000 00e8 

  0x0000024fe22fa350: ; ImmutableOopMap {[88]=Oop }
                      ;*invokespecial <init> {reexecute=0 rethrow=0 return_oop=0}
                      ; - java.net.URLClassLoader::findClass@41 (line 445)
  0x0000024fe22fa350: ece9 7407 | 488b 4424 | 58e9 f901 | 0000 498b | 87d8 0300 | 004d 33d2 | 4d89 97d8 | 0300 004d 
  0x0000024fe22fa370: 33d2 4d89 | 97e0 0300 | 0048 8bf0 | 488d 4424 | 6048 8b38 | 4885 ff0f | 840f 0000 | 0048 8b58 
  0x0000024fe22fa390: 08f0 480f | b13b 0f85 | 8901 0000 | 488b c6e9 | b301 0000 

  0x0000024fe22fa3a4: ;   {metadata({method} {0x0000024ffb03f170} 'findClass' '(Ljava/lang/String;)Ljava/lang/Class;' in 'java/net/URLClassLoader')}
  0x0000024fe22fa3a4: 49ba 68f1 | 03fb 4f02 | 0000 4c89 | 5424 0848 | c704 24ff 

  0x0000024fe22fa3b8: ;   {runtime_call counter_overflow Runtime1 stub}
  0x0000024fe22fa3b8: ffff ffe8 

  0x0000024fe22fa3bc: ; ImmutableOopMap {rbx=Oop r8=Oop }
                      ;*synchronization entry
                      ; - java.net.URLClassLoader::findClass@-1 (line 420)
  0x0000024fe22fa3bc: c008 f506 | e935 f9ff | ff48 8bd2 

  0x0000024fe22fa3c8: ;   {runtime_call fast_new_instance Runtime1 stub}
  0x0000024fe22fa3c8: e8b3 c0f4 

  0x0000024fe22fa3cc: ; ImmutableOopMap {rbx=Oop r8=Oop }
                      ;*new {reexecute=0 rethrow=0 return_oop=0}
                      ; - java.net.URLClassLoader::findClass@0 (line 420)
  0x0000024fe22fa3cc: 06e9 78f9 

  0x0000024fe22fa3d0: ;   {metadata({method} {0x0000024ffb077d18} '<init>' '(Ljava/net/URLClassLoader;Ljava/lang/String;)V' in 'java/net/URLClassLoader$1')}
  0x0000024fe22fa3d0: ffff 49ba | 107d 07fb | 4f02 0000 | 4c89 5424 | 0848 c704 | 24ff ffff 

  0x0000024fe22fa3e8: ;   {runtime_call counter_overflow Runtime1 stub}
  0x0000024fe22fa3e8: ffe8 9208 

  0x0000024fe22fa3ec: ; ImmutableOopMap {rbx=Oop r8=Oop rax=Oop }
                      ;*synchronization entry
                      ; - java.net.URLClassLoader$1::<init>@-1 (line 421)
                      ; - java.net.URLClassLoader::findClass@6 (line 420)
  0x0000024fe22fa3ec: f506 e994 | f9ff ff8b | 5010 4883 | fa00 0f84 | 95f9 ffff | 4889 1424 

  0x0000024fe22fa404: ;   {runtime_call g1_pre_barrier_slow}
  0x0000024fe22fa404: e877 0ef5 | 06e9 87f9 | ffff 4883 | fb00 0f84 | 98f9 ffff | 4889 0424 

  0x0000024fe22fa41c: ;   {runtime_call g1_post_barrier_slow}
  0x0000024fe22fa41c: e85f 11f5 | 06e9 8af9 | ffff 8b50 | 0c48 83fa | 000f 848b | f9ff ff48 

  0x0000024fe22fa434: ;   {runtime_call g1_pre_barrier_slow}
  0x0000024fe22fa434: 8914 24e8 | 440e f506 | e97d f9ff | ff49 83f8 | 000f 848e | f9ff ff48 

  0x0000024fe22fa44c: ;   {runtime_call g1_post_barrier_slow}
  0x0000024fe22fa44c: 8904 24e8 | 2c11 f506 | e980 f9ff 

  0x0000024fe22fa458: ;   {metadata({method} {0x0000024f80441410} '<init>' '()V' in 'java/lang/Object')}
  0x0000024fe22fa458: ff49 ba08 | 1444 804f | 0200 004c | 8954 2408 | 48c7 0424 | ffff ffff 

  0x0000024fe22fa470: ;   {runtime_call counter_overflow Runtime1 stub}
  0x0000024fe22fa470: e80b 08f5 

  0x0000024fe22fa474: ; ImmutableOopMap {rbx=Oop r8=Oop rax=Oop }
                      ;*synchronization entry
                      ; - java.lang.Object::<init>@-1 (line 44)
                      ; - java.net.URLClassLoader$1::<init>@11 (line 421)
                      ; - java.net.URLClassLoader::findClass@6 (line 420)
  0x0000024fe22fa474: 06e9 9cf9 | ffff 4889 

  0x0000024fe22fa47c: ;   {runtime_call throw_class_cast_exception Runtime1 stub}
  0x0000024fe22fa47c: 0424 e81d 

  0x0000024fe22fa480: ; ImmutableOopMap {[80]=Oop }
                      ;*checkcast {reexecute=0 rethrow=0 return_oop=0}
                      ; - java.net.URLClassLoader::findClass@16 (line 420)
                      ;   {metadata({method} {0x0000024ffb1c31d0} 'getException' '()Ljava/lang/Exception;' in 'java/security/PrivilegedActionException')}
  0x0000024fe22fa480: dbf4 0649 | bac8 311c | fb4f 0200 | 004c 8954 | 2408 48c7 | 0424 ffff 

  0x0000024fe22fa498: ;   {runtime_call counter_overflow Runtime1 stub}
  0x0000024fe22fa498: ffff e8e1 

  0x0000024fe22fa49c: ; ImmutableOopMap {rdx=Oop }
                      ;*synchronization entry
                      ; - java.security.PrivilegedActionException::getException@-1 (line 82)
                      ; - java.net.URLClassLoader::findClass@25 (line 442)
  0x0000024fe22fa49c: 07f5 06e9 | 3efb ffff | 4889 5424 | 0848 8934 

  0x0000024fe22fa4ac: ;   {runtime_call monitorenter_nofpu Runtime1 stub}
  0x0000024fe22fa4ac: 24e8 cee6 

  0x0000024fe22fa4b0: ; ImmutableOopMap {rdx=Oop [104]=Oop }
                      ;*synchronization entry
                      ; - java.lang.Throwable::getCause@-1 (line 421)
                      ; - java.security.PrivilegedActionException::getException@1 (line 82)
                      ; - java.net.URLClassLoader::findClass@25 (line 442)
  0x0000024fe22fa4b0: f406 e971 

  0x0000024fe22fa4b4: ;   {metadata({method} {0x0000024f80021068} 'getCause' '()Ljava/lang/Throwable;' in 'java/lang/Throwable')}
  0x0000024fe22fa4b4: fbff ff49 | ba60 1002 | 804f 0200 | 004c 8954 | 2408 48c7 | 0424 ffff 

  0x0000024fe22fa4cc: ;   {runtime_call counter_overflow Runtime1 stub}
  0x0000024fe22fa4cc: ffff e8ad 

  0x0000024fe22fa4d0: ; ImmutableOopMap {rdx=Oop [104]=Oop }
                      ;*synchronization entry
                      ; - java.lang.Throwable::getCause@-1 (line 421)
                      ; - java.security.PrivilegedActionException::getException@1 (line 82)
                      ; - java.net.URLClassLoader::findClass@25 (line 442)
  0x0000024fe22fa4d0: 07f5 06e9 | 78fb ffff | 488d 4424 | 6048 8904 

  0x0000024fe22fa4e0: ;   {runtime_call monitorexit_nofpu Runtime1 stub}
  0x0000024fe22fa4e0: 24e8 9aec | f406 e9dd 

  0x0000024fe22fa4e8: ;   {internal_word}
  0x0000024fe22fa4e8: fbff ff49 | bad8 a02f | e24f 0200 | 004d 8997 | 6003 0000 

  0x0000024fe22fa4fc: ;   {runtime_call SafepointBlob}
  0x0000024fe22fa4fc: e9ff d4ea | 0648 8914 

  0x0000024fe22fa504: ;   {runtime_call throw_class_cast_exception Runtime1 stub}
  0x0000024fe22fa504: 24e8 96da 

  0x0000024fe22fa508: ; ImmutableOopMap {}
                      ;*checkcast {reexecute=0 rethrow=0 return_oop=0}
                      ; - java.security.PrivilegedActionException::getException@4 (line 82)
                      ; - java.net.URLClassLoader::findClass@25 (line 442)
  0x0000024fe22fa508: f406 4889 

  0x0000024fe22fa50c: ;   {runtime_call throw_class_cast_exception Runtime1 stub}
  0x0000024fe22fa50c: 0424 e88d 

  0x0000024fe22fa510: ; ImmutableOopMap {}
                      ;*checkcast {reexecute=0 rethrow=0 return_oop=0}
                      ; - java.net.URLClassLoader::findClass@28 (line 442)
                      ;   {runtime_call throw_null_pointer_exception Runtime1 stub}
  0x0000024fe22fa510: daf4 06e8 

  0x0000024fe22fa514: ; ImmutableOopMap {rax=Oop }
                      ;*athrow {reexecute=1 rethrow=0 return_oop=0}
                      ; - (reexecute) java.net.URLClassLoader::findClass@31 (line 442)
  0x0000024fe22fa514: 88b6 f406 

  0x0000024fe22fa518: ;   {runtime_call fast_new_instance Runtime1 stub}
  0x0000024fe22fa518: 488b d2e8 

  0x0000024fe22fa51c: ; ImmutableOopMap {r8=Oop }
                      ;*new {reexecute=0 rethrow=0 return_oop=0}
                      ; - java.net.URLClassLoader::findClass@36 (line 445)
  0x0000024fe22fa51c: 60bf f406 | e906 feff | ff48 8d44 | 2460 4889 

  0x0000024fe22fa52c: ;   {runtime_call monitorexit_nofpu Runtime1 stub}
  0x0000024fe22fa52c: 0424 e84d | ecf4 06e9 | 64fe ffff | 9090 498b | 87d8 0300 | 0049 c787 | d803 0000 | 0000 0000 
  0x0000024fe22fa54c: 49c7 87e0 | 0300 0000 | 0000 0048 | 81c4 8000 

  0x0000024fe22fa55c: ;   {runtime_call unwind_exception Runtime1 stub}
  0x0000024fe22fa55c: 0000 5de9 | 9cd6 eb06 | f4f4 f4f4 | f4f4 f4f4 | f4f4 f4f4 | f4f4 f4f4 | f4f4 f4f4 | f4f4 f4f4 
  0x0000024fe22fa57c: f4f4 f4f4 
[Stub Code]
  0x0000024fe22fa580: ;   {no_reloc}
  0x0000024fe22fa580: 0f1f 4400 

  0x0000024fe22fa584: ;   {static_stub}
  0x0000024fe22fa584: 0048 bb00 | 0000 0000 

  0x0000024fe22fa58c: ;   {runtime_call}
  0x0000024fe22fa58c: 0000 00e9 | fbff ffff 

  0x0000024fe22fa594: ;   {static_stub}
  0x0000024fe22fa594: 9048 bb00 | 0000 0000 

  0x0000024fe22fa59c: ;   {runtime_call}
  0x0000024fe22fa59c: 0000 00e9 | fbff ffff 
[Exception Handler]
  0x0000024fe22fa5a4: ;   {runtime_call handle_exception_from_callee Runtime1 stub}
  0x0000024fe22fa5a4: e8d7 d3f4 

  0x0000024fe22fa5a8: ;   {external_word}
  0x0000024fe22fa5a8: 0648 b920 | 4aeb 55fb | 7f00 0048 

  0x0000024fe22fa5b4: ;   {runtime_call}
  0x0000024fe22fa5b4: 83e4 f049 | baf0 cfb3 | 55fb 7f00 | 0041 ffd2 

  0x0000024fe22fa5c4: ;   {section_word}
  0x0000024fe22fa5c4: f449 bac5 | a52f e24f | 0200 0041 

  0x0000024fe22fa5d0: ;   {runtime_call DeoptimizationBlob}
  0x0000024fe22fa5d0: 52e9 cac6 | ea06 f4f4 
[/MachCode]


---------------  P R O C E S S  ---------------

Threads class SMR info:
_java_thread_list=0x0000024fc610e750, length=73, elements={
0x0000024fd7dee0b0, 0x0000024ff9fa63f0, 0x0000024ff9fa7270, 0x0000024ff9fbbdc0,
0x0000024ff9fbd990, 0x0000024ff9fc1470, 0x0000024ff9fc2e40, 0x0000024ff9fc4b00,
0x0000024ff9fc54c0, 0x0000024ff9fc7de0, 0x0000024ffa9888f0, 0x0000024ffa993f20,
0x0000024ffa999da0, 0x0000024ffa9b0990, 0x0000024ffab0e090, 0x0000024ffab16580,
0x0000024ffab6ffd0, 0x0000024ffab6d740, 0x0000024fff586f20, 0x0000024fc24a7920,
0x0000024fc24b9820, 0x0000024fc259b800, 0x0000024fc31f7820, 0x0000024fc2ee6820,
0x0000024fc2883d80, 0x0000024fc2884290, 0x0000024fc2882940, 0x0000024fc2881f20,
0x0000024fc2882e50, 0x0000024fc2882430, 0x0000024fc2884cb0, 0x0000024fc2883870,
0x0000024fc50d64d0, 0x0000024fc50d8d50, 0x0000024fc50d8330, 0x0000024fc50d9260,
0x0000024fc50da190, 0x0000024fc50dabb0, 0x0000024fc50da6a0, 0x0000024fc50db0c0,
0x0000024fc50d5fc0, 0x0000024fc50d7910, 0x0000024fc50d55a0, 0x0000024fc50d7e20,
0x0000024fc50d8840, 0x0000024fc50d9770, 0x0000024fc50d6ef0, 0x0000024fc50d5ab0,
0x0000024fc50d9c80, 0x0000024fc50d7400, 0x0000024fc50d69e0, 0x0000024fc50db5d0,
0x0000024fc50dbae0, 0x0000024fc50dbff0, 0x0000024fc50dc500, 0x0000024fc50dca10,
0x0000024fc50b3520, 0x0000024fc50b5da0, 0x0000024fc50b20e0, 0x0000024fc50b3f40,
0x0000024fc50b1bd0, 0x0000024fc50b7c00, 0x0000024fc50b3a30, 0x0000024fc28df800,
0x0000024fc50b9040, 0x0000024fc50b2b00, 0x0000024fc50b62b0, 0x0000024fc50b76f0,
0x0000024fc50b9550, 0x0000024fc50b3010, 0x0000024fc50b71e0, 0x0000024fc315b9a0,
0x0000024fc315e220
}

Java Threads: ( => current thread )
  0x0000024fd7dee0b0 JavaThread "main" [_thread_blocked, id=49748, stack(0x0000005140100000,0x0000005140200000)]
  0x0000024ff9fa63f0 JavaThread "Reference Handler" daemon [_thread_blocked, id=42448, stack(0x0000005140800000,0x0000005140900000)]
  0x0000024ff9fa7270 JavaThread "Finalizer" daemon [_thread_blocked, id=51920, stack(0x0000005140900000,0x0000005140a00000)]
  0x0000024ff9fbbdc0 JavaThread "Signal Dispatcher" daemon [_thread_blocked, id=43776, stack(0x0000005140a00000,0x0000005140b00000)]
  0x0000024ff9fbd990 JavaThread "Attach Listener" daemon [_thread_blocked, id=44136, stack(0x0000005140b00000,0x0000005140c00000)]
  0x0000024ff9fc1470 JavaThread "Service Thread" daemon [_thread_blocked, id=52848, stack(0x0000005140c00000,0x0000005140d00000)]
  0x0000024ff9fc2e40 JavaThread "Monitor Deflation Thread" daemon [_thread_blocked, id=50384, stack(0x0000005140d00000,0x0000005140e00000)]
  0x0000024ff9fc4b00 JavaThread "C2 CompilerThread0" daemon [_thread_blocked, id=50100, stack(0x0000005140e00000,0x0000005140f00000)]
  0x0000024ff9fc54c0 JavaThread "C1 CompilerThread0" daemon [_thread_blocked, id=52388, stack(0x0000005140f00000,0x0000005141000000)]
  0x0000024ff9fc7de0 JavaThread "Sweeper thread" daemon [_thread_blocked, id=47244, stack(0x0000005141000000,0x0000005141100000)]
  0x0000024ffa9888f0 JavaThread "C1 CompilerThread1" daemon [_thread_blocked, id=11860, stack(0x0000005141100000,0x0000005141200000)]
  0x0000024ffa993f20 JavaThread "C1 CompilerThread2" daemon [_thread_blocked, id=29492, stack(0x0000005141200000,0x0000005141300000)]
  0x0000024ffa999da0 JavaThread "C1 CompilerThread3" daemon [_thread_blocked, id=52232, stack(0x0000005141300000,0x0000005141400000)]
  0x0000024ffa9b0990 JavaThread "C1 CompilerThread4" daemon [_thread_blocked, id=46032, stack(0x0000005141400000,0x0000005141500000)]
  0x0000024ffab0e090 JavaThread "Common-Cleaner" daemon [_thread_blocked, id=52716, stack(0x0000005141500000,0x0000005141600000)]
  0x0000024ffab16580 JavaThread "Notification Thread" daemon [_thread_blocked, id=36724, stack(0x0000005141600000,0x0000005141700000)]
  0x0000024ffab6ffd0 JavaThread "C2 CompilerThread1" daemon [_thread_blocked, id=35952, stack(0x0000005141800000,0x0000005141900000)]
  0x0000024ffab6d740 JavaThread "C2 CompilerThread2" daemon [_thread_blocked, id=17524, stack(0x0000005141900000,0x0000005141a00000)]
  0x0000024fff586f20 JavaThread "C2 CompilerThread3" daemon [_thread_blocked, id=15940, stack(0x0000005141a00000,0x0000005141b00000)]
  0x0000024fc24a7920 JavaThread "Daemon health stats" [_thread_blocked, id=49692, stack(0x0000005142200000,0x0000005142300000)]
  0x0000024fc24b9820 JavaThread "Incoming local TCP Connector on port 60680" [_thread_in_native, id=33596, stack(0x0000005142100000,0x0000005142200000)]
  0x0000024fc259b800 JavaThread "Daemon periodic checks" [_thread_blocked, id=32384, stack(0x0000005142300000,0x0000005142400000)]
  0x0000024fc31f7820 JavaThread "Daemon" [_thread_blocked, id=11528, stack(0x0000005142400000,0x0000005142500000)]
  0x0000024fc2ee6820 JavaThread "Handler for socket connection from /127.0.0.1:60680 to /127.0.0.1:60681" [_thread_in_native, id=49072, stack(0x0000005142500000,0x0000005142600000)]
  0x0000024fc2883d80 JavaThread "Cancel handler" [_thread_blocked, id=52932, stack(0x0000005142600000,0x0000005142700000)]
=>0x0000024fc2884290 JavaThread "Daemon worker" [_thread_in_vm, id=47252, stack(0x0000005142700000,0x0000005142800000)]
  0x0000024fc2882940 JavaThread "Asynchronous log dispatcher for DefaultDaemonConnection: socket connection from /127.0.0.1:60680 to /127.0.0.1:60681" [_thread_blocked, id=21220, stack(0x0000005142800000,0x0000005142900000)]
  0x0000024fc2881f20 JavaThread "Stdin handler" [_thread_blocked, id=49936, stack(0x0000005142900000,0x0000005142a00000)]
  0x0000024fc2882e50 JavaThread "Daemon client event forwarder" [_thread_blocked, id=37004, stack(0x0000005142a00000,0x0000005142b00000)]
  0x0000024fc2882430 JavaThread "Cache worker for journal cache (D:\Projects\kotlinApp\gradle\caches\journal-1)" [_thread_blocked, id=34064, stack(0x0000005142b00000,0x0000005142c00000)]
  0x0000024fc2884cb0 JavaThread "File lock request listener" [_thread_in_native, id=47720, stack(0x0000005142c00000,0x0000005142d00000)]
  0x0000024fc2883870 JavaThread "Cache worker for file hash cache (D:\Projects\kotlinApp\gradle\caches\7.5\fileHashes)" [_thread_blocked, id=48608, stack(0x0000005142d00000,0x0000005142e00000)]
  0x0000024fc50d64d0 JavaThread "File watcher server" daemon [_thread_in_native, id=33852, stack(0x0000005142e00000,0x0000005142f00000)]
  0x0000024fc50d8d50 JavaThread "File watcher consumer" daemon [_thread_blocked, id=52252, stack(0x0000005142f00000,0x0000005143000000)]
  0x0000024fc50d8330 JavaThread "jar transforms" [_thread_blocked, id=39412, stack(0x0000005143000000,0x0000005143100000)]
  0x0000024fc50d9260 JavaThread "jar transforms Thread 2" [_thread_blocked, id=49812, stack(0x0000005143100000,0x0000005143200000)]
  0x0000024fc50da190 JavaThread "jar transforms Thread 3" [_thread_blocked, id=24224, stack(0x0000005143200000,0x0000005143300000)]
  0x0000024fc50dabb0 JavaThread "jar transforms Thread 4" [_thread_blocked, id=49572, stack(0x0000005143300000,0x0000005143400000)]
  0x0000024fc50da6a0 JavaThread "jar transforms Thread 5" [_thread_blocked, id=52420, stack(0x0000005143400000,0x0000005143500000)]
  0x0000024fc50db0c0 JavaThread "jar transforms Thread 6" [_thread_blocked, id=45128, stack(0x0000005143500000,0x0000005143600000)]
  0x0000024fc50d5fc0 JavaThread "jar transforms Thread 7" [_thread_blocked, id=45544, stack(0x0000005143600000,0x0000005143700000)]
  0x0000024fc50d7910 JavaThread "jar transforms Thread 8" [_thread_blocked, id=46216, stack(0x0000005143700000,0x0000005143800000)]
  0x0000024fc50d55a0 JavaThread "jar transforms Thread 9" [_thread_blocked, id=37912, stack(0x0000005143800000,0x0000005143900000)]
  0x0000024fc50d7e20 JavaThread "jar transforms Thread 10" [_thread_blocked, id=50912, stack(0x0000005143900000,0x0000005143a00000)]
  0x0000024fc50d8840 JavaThread "jar transforms Thread 11" [_thread_blocked, id=47324, stack(0x0000005143a00000,0x0000005143b00000)]
  0x0000024fc50d9770 JavaThread "jar transforms Thread 12" [_thread_blocked, id=35552, stack(0x0000005143b00000,0x0000005143c00000)]
  0x0000024fc50d6ef0 JavaThread "jar transforms Thread 13" [_thread_blocked, id=53112, stack(0x0000005143c00000,0x0000005143d00000)]
  0x0000024fc50d5ab0 JavaThread "jar transforms Thread 14" [_thread_blocked, id=52336, stack(0x0000005143d00000,0x0000005143e00000)]
  0x0000024fc50d9c80 JavaThread "jar transforms Thread 15" [_thread_blocked, id=49140, stack(0x0000005143e00000,0x0000005143f00000)]
  0x0000024fc50d7400 JavaThread "jar transforms Thread 16" [_thread_blocked, id=47772, stack(0x0000005143f00000,0x0000005144000000)]
  0x0000024fc50d69e0 JavaThread "jar transforms Thread 17" [_thread_blocked, id=52856, stack(0x0000005144000000,0x0000005144100000)]
  0x0000024fc50db5d0 JavaThread "jar transforms Thread 18" [_thread_blocked, id=52320, stack(0x0000005144100000,0x0000005144200000)]
  0x0000024fc50dbae0 JavaThread "jar transforms Thread 19" [_thread_blocked, id=51452, stack(0x0000005144200000,0x0000005144300000)]
  0x0000024fc50dbff0 JavaThread "jar transforms Thread 20" [_thread_blocked, id=39480, stack(0x0000005144300000,0x0000005144400000)]
  0x0000024fc50dc500 JavaThread "jar transforms Thread 21" [_thread_blocked, id=44600, stack(0x0000005144400000,0x0000005144500000)]
  0x0000024fc50dca10 JavaThread "Cache worker for checksums cache (D:\Projects\kotlinApp\FoodAppInKotlin-main\.gradle\7.5\checksums)" [_thread_blocked, id=52628, stack(0x0000005145b00000,0x0000005145c00000)]
  0x0000024fc50b3520 JavaThread "Cache worker for cache directory md-rule (D:\Projects\kotlinApp\gradle\caches\7.5\md-rule)" [_thread_blocked, id=26372, stack(0x0000005145c00000,0x0000005145d00000)]
  0x0000024fc50b5da0 JavaThread "Cache worker for file content cache (D:\Projects\kotlinApp\gradle\caches\7.5\fileContent)" [_thread_blocked, id=51360, stack(0x0000005145d00000,0x0000005145e00000)]
  0x0000024fc50b20e0 JavaThread "Cache worker for file hash cache (D:\Projects\kotlinApp\FoodAppInKotlin-main\.gradle\7.5\fileHashes)" [_thread_blocked, id=39212, stack(0x0000005141b00000,0x0000005141c00000)]
  0x0000024fc50b3f40 JavaThread "Cache worker for cache directory md-supplier (D:\Projects\kotlinApp\gradle\caches\7.5\md-supplier)" [_thread_blocked, id=45464, stack(0x0000005145e00000,0x0000005145f00000)]
  0x0000024fc50b1bd0 JavaThread "Cache worker for execution history cache (D:\Projects\kotlinApp\gradle\caches\7.5\executionHistory)" [_thread_blocked, id=22320, stack(0x0000005145f00000,0x0000005146000000)]
  0x0000024fc50b7c00 JavaThread "jar transforms Thread 22" [_thread_blocked, id=51352, stack(0x0000005146000000,0x0000005146100000)]
  0x0000024fc50b3a30 JavaThread "jar transforms Thread 23" [_thread_blocked, id=25396, stack(0x0000005146100000,0x0000005146200000)]
  0x0000024fc28df800 JavaThread "C2 CompilerThread4" daemon [_thread_blocked, id=21508, stack(0x0000005146200000,0x0000005146300000)]
  0x0000024fc50b9040 JavaThread "jar transforms Thread 24" [_thread_blocked, id=22008, stack(0x0000005146300000,0x0000005146400000)]
  0x0000024fc50b2b00 JavaThread "jar transforms Thread 25" [_thread_blocked, id=52332, stack(0x0000005146400000,0x0000005146500000)]
  0x0000024fc50b62b0 JavaThread "jar transforms Thread 26" [_thread_blocked, id=10316, stack(0x0000005146500000,0x0000005146600000)]
  0x0000024fc50b76f0 JavaThread "jar transforms Thread 27" [_thread_blocked, id=31600, stack(0x0000005146600000,0x0000005146700000)]
  0x0000024fc50b9550 JavaThread "jar transforms Thread 28" [_thread_blocked, id=14492, stack(0x0000005146700000,0x0000005146800000)]
  0x0000024fc50b3010 JavaThread "jar transforms Thread 29" [_thread_blocked, id=49820, stack(0x0000005146800000,0x0000005146900000)]
  0x0000024fc50b71e0 JavaThread "jar transforms Thread 30" [_thread_blocked, id=37444, stack(0x0000005146900000,0x0000005146a00000)]
  0x0000024fc315b9a0 JavaThread "jar transforms Thread 31" [_thread_blocked, id=40620, stack(0x0000005146a00000,0x0000005146b00000)]
  0x0000024fc315e220 JavaThread "jar transforms Thread 32" [_thread_blocked, id=27652, stack(0x0000005146b00000,0x0000005146c00000)]

Other Threads:
  0x0000024ff9f9eb00 VMThread "VM Thread" [stack: 0x0000005140700000,0x0000005140800000] [id=29932]
  0x0000024ffab16e70 WatcherThread [stack: 0x0000005141700000,0x0000005141800000] [id=49096]
  0x0000024fda25bf50 GCTaskThread "GC Thread#0" [stack: 0x0000005140200000,0x0000005140300000] [id=41576]
  0x0000024fc1a50d30 GCTaskThread "GC Thread#1" [stack: 0x0000005141c00000,0x0000005141d00000] [id=52008]
  0x0000024fc1871b40 GCTaskThread "GC Thread#2" [stack: 0x0000005141d00000,0x0000005141e00000] [id=48328]
  0x0000024fff301e30 GCTaskThread "GC Thread#3" [stack: 0x0000005141e00000,0x0000005141f00000] [id=40696]
  0x0000024fc12054d0 GCTaskThread "GC Thread#4" [stack: 0x0000005141f00000,0x0000005142000000] [id=48524]
  0x0000024fc1989100 GCTaskThread "GC Thread#5" [stack: 0x0000005142000000,0x0000005142100000] [id=44840]
  0x0000024fc2599b50 GCTaskThread "GC Thread#6" [stack: 0x0000005144500000,0x0000005144600000] [id=44200]
  0x0000024fc2598290 GCTaskThread "GC Thread#7" [stack: 0x0000005144600000,0x0000005144700000] [id=11688]
  0x0000024fc2598810 GCTaskThread "GC Thread#8" [stack: 0x0000005144700000,0x0000005144800000] [id=20460]
  0x0000024fc2598ad0 GCTaskThread "GC Thread#9" [stack: 0x0000005144800000,0x0000005144900000] [id=35016]
  0x0000024fc2598d90 GCTaskThread "GC Thread#10" [stack: 0x0000005144900000,0x0000005144a00000] [id=39984]
  0x0000024fc2599050 GCTaskThread "GC Thread#11" [stack: 0x0000005144a00000,0x0000005144b00000] [id=42796]
  0x0000024fc2599310 GCTaskThread "GC Thread#12" [stack: 0x0000005144b00000,0x0000005144c00000] [id=34068]
  0x0000024fc36cc030 GCTaskThread "GC Thread#13" [stack: 0x0000005144c00000,0x0000005144d00000] [id=27188]
  0x0000024fc36ca770 GCTaskThread "GC Thread#14" [stack: 0x0000005144d00000,0x0000005144e00000] [id=18760]
  0x0000024fc36cb7f0 GCTaskThread "GC Thread#15" [stack: 0x0000005144e00000,0x0000005144f00000] [id=48320]
  0x0000024fc36c9f30 GCTaskThread "GC Thread#16" [stack: 0x0000005144f00000,0x0000005145000000] [id=47040]
  0x0000024fc36ca1f0 GCTaskThread "GC Thread#17" [stack: 0x0000005145000000,0x0000005145100000] [id=45832]
  0x0000024fc36caa30 GCTaskThread "GC Thread#18" [stack: 0x0000005145100000,0x0000005145200000] [id=24908]
  0x0000024fc36cafb0 GCTaskThread "GC Thread#19" [stack: 0x0000005145200000,0x0000005145300000] [id=35708]
  0x0000024fc36cc870 GCTaskThread "GC Thread#20" [stack: 0x0000005145300000,0x0000005145400000] [id=22692]
  0x0000024fc36cbd70 GCTaskThread "GC Thread#21" [stack: 0x0000005145400000,0x0000005145500000] [id=26576]
  0x0000024fc36cc2f0 GCTaskThread "GC Thread#22" [stack: 0x0000005145500000,0x0000005145600000] [id=41936]
  0x0000024fda26cf60 ConcurrentGCThread "G1 Main Marker" [stack: 0x0000005140300000,0x0000005140400000] [id=53128]
  0x0000024fda26d980 ConcurrentGCThread "G1 Conc#0" [stack: 0x0000005140400000,0x0000005140500000] [id=38444]
  0x0000024fc36cacf0 ConcurrentGCThread "G1 Conc#1" [stack: 0x0000005145600000,0x0000005145700000] [id=45532]
  0x0000024fc36cc5b0 ConcurrentGCThread "G1 Conc#2" [stack: 0x0000005145700000,0x0000005145800000] [id=22232]
  0x0000024fc36cb270 ConcurrentGCThread "G1 Conc#3" [stack: 0x0000005145800000,0x0000005145900000] [id=48704]
  0x0000024fc36ccb30 ConcurrentGCThread "G1 Conc#4" [stack: 0x0000005145900000,0x0000005145a00000] [id=50740]
  0x0000024fc36ccdf0 ConcurrentGCThread "G1 Conc#5" [stack: 0x0000005145a00000,0x0000005145b00000] [id=41732]
  0x0000024ff9ed95d0 ConcurrentGCThread "G1 Refine#0" [stack: 0x0000005140500000,0x0000005140600000] [id=51116]
  0x0000024ff9edb010 ConcurrentGCThread "G1 Service" [stack: 0x0000005140600000,0x0000005140700000] [id=51096]

Threads with active compile tasks:

VM state: not at safepoint (normal execution)

VM Mutex/Monitor currently owned by a thread: None

Heap address: 0x0000000080000000, size: 2048 MB, Compressed Oops mode: 32-bit

CDS archive(s) mapped at: [0x0000024f80000000-0x0000024f80bb0000-0x0000024f80bb0000), size 12255232, SharedBaseAddress: 0x0000024f80000000, ArchiveRelocationMode: 1.
Compressed class space mapped at: 0x0000024f81000000-0x0000024fc1000000, reserved size: 1073741824
Narrow klass base: 0x0000024f80000000, Narrow klass shift: 0, Narrow klass range: 0x100000000

GC Precious Log:
 CPUs: 32 total, 32 available
 Memory: 16088M
 Large Page Support: Disabled
 NUMA Support: Disabled
 Compressed Oops: Enabled (32-bit)
 Heap Region Size: 1M
 Heap Min Capacity: 8M
 Heap Initial Capacity: 252M
 Heap Max Capacity: 2G
 Pre-touch: Disabled
 Parallel Workers: 23
 Concurrent Workers: 6
 Concurrent Refinement Workers: 23
 Periodic GC: Disabled

Heap:
 garbage-first heap   total 130048K, used 76290K [0x0000000080000000, 0x0000000100000000)
  region size 1024K, 25 young (25600K), 4 survivors (4096K)
 Metaspace       used 38073K, committed 38592K, reserved 1114112K
  class space    used 5180K, committed 5440K, reserved 1048576K

Heap Regions: E=young(eden), S=young(survivor), O=old, HS=humongous(starts), HC=humongous(continues), CS=collection set, F=free, OA=open archive, CA=closed archive, TAMS=top-at-mark-start (previous, next)
|   0|0x0000000080000000, 0x0000000080100000, 0x0000000080100000|100%|HS|  |TAMS 0x0000000080100000, 0x0000000080000000| Complete 
|   1|0x0000000080100000, 0x0000000080200000, 0x0000000080200000|100%| O|  |TAMS 0x0000000080200000, 0x0000000080100000| Untracked 
|   2|0x0000000080200000, 0x0000000080300000, 0x0000000080300000|100%|HS|  |TAMS 0x0000000080200000, 0x0000000080200000| Complete 
|   3|0x0000000080300000, 0x0000000080400000, 0x0000000080400000|100%|HS|  |TAMS 0x0000000080400000, 0x0000000080300000| Complete 
|   4|0x0000000080400000, 0x0000000080500000, 0x0000000080500000|100%|HC|  |TAMS 0x0000000080500000, 0x0000000080400000| Complete 
|   5|0x0000000080500000, 0x0000000080600000, 0x0000000080600000|100%|HC|  |TAMS 0x0000000080600000, 0x0000000080500000| Complete 
|   6|0x0000000080600000, 0x0000000080700000, 0x0000000080700000|100%| O|  |TAMS 0x0000000080700000, 0x0000000080600000| Untracked 
|   7|0x0000000080700000, 0x0000000080800000, 0x0000000080800000|100%| O|  |TAMS 0x0000000080800000, 0x0000000080700000| Untracked 
|   8|0x0000000080800000, 0x0000000080900000, 0x0000000080900000|100%| O|  |TAMS 0x0000000080900000, 0x0000000080800000| Untracked 
|   9|0x0000000080900000, 0x0000000080a00000, 0x0000000080a00000|100%| O|  |TAMS 0x0000000080a00000, 0x0000000080900000| Untracked 
|  10|0x0000000080a00000, 0x0000000080b00000, 0x0000000080b00000|100%|HS|  |TAMS 0x0000000080b00000, 0x0000000080a00000| Complete 
|  11|0x0000000080b00000, 0x0000000080c00000, 0x0000000080c00000|100%|HC|  |TAMS 0x0000000080c00000, 0x0000000080b00000| Complete 
|  12|0x0000000080c00000, 0x0000000080d00000, 0x0000000080d00000|100%|HC|  |TAMS 0x0000000080d00000, 0x0000000080c00000| Complete 
|  13|0x0000000080d00000, 0x0000000080e00000, 0x0000000080e00000|100%|HC|  |TAMS 0x0000000080e00000, 0x0000000080d00000| Complete 
|  14|0x0000000080e00000, 0x0000000080f00000, 0x0000000080f00000|100%|HC|  |TAMS 0x0000000080f00000, 0x0000000080e00000| Complete 
|  15|0x0000000080f00000, 0x0000000081000000, 0x0000000081000000|100%|HC|  |TAMS 0x0000000081000000, 0x0000000080f00000| Complete 
|  16|0x0000000081000000, 0x0000000081100000, 0x0000000081100000|100%|HS|  |TAMS 0x0000000081100000, 0x0000000081000000| Complete 
|  17|0x0000000081100000, 0x0000000081200000, 0x0000000081200000|100%|HC|  |TAMS 0x0000000081200000, 0x0000000081100000| Complete 
|  18|0x0000000081200000, 0x0000000081300000, 0x0000000081300000|100%|HC|  |TAMS 0x0000000081300000, 0x0000000081200000| Complete 
|  19|0x0000000081300000, 0x0000000081400000, 0x0000000081400000|100%|HS|  |TAMS 0x0000000081400000, 0x0000000081300000| Complete 
|  20|0x0000000081400000, 0x0000000081500000, 0x0000000081500000|100%|HC|  |TAMS 0x0000000081500000, 0x0000000081400000| Complete 
|  21|0x0000000081500000, 0x0000000081600000, 0x0000000081600000|100%| O|  |TAMS 0x0000000081600000, 0x0000000081500000| Untracked 
|  22|0x0000000081600000, 0x0000000081700000, 0x0000000081700000|100%| O|  |TAMS 0x0000000081700000, 0x0000000081600000| Untracked 
|  23|0x0000000081700000, 0x0000000081800000, 0x0000000081800000|100%| O|  |TAMS 0x0000000081800000, 0x0000000081700000| Untracked 
|  24|0x0000000081800000, 0x0000000081900000, 0x0000000081900000|100%| O|  |TAMS 0x0000000081900000, 0x0000000081800000| Untracked 
|  25|0x0000000081900000, 0x0000000081a00000, 0x0000000081a00000|100%| O|  |TAMS 0x0000000081a00000, 0x0000000081900000| Untracked 
|  26|0x0000000081a00000, 0x0000000081b00000, 0x0000000081b00000|100%| O|  |TAMS 0x0000000081b00000, 0x0000000081a00000| Untracked 
|  27|0x0000000081b00000, 0x0000000081c00000, 0x0000000081c00000|100%| O|  |TAMS 0x0000000081c00000, 0x0000000081b00000| Untracked 
|  28|0x0000000081c00000, 0x0000000081d00000, 0x0000000081d00000|100%| O|  |TAMS 0x0000000081d00000, 0x0000000081c00000| Untracked 
|  29|0x0000000081d00000, 0x0000000081e00000, 0x0000000081e00000|100%| O|  |TAMS 0x0000000081e00000, 0x0000000081d00000| Untracked 
|  30|0x0000000081e00000, 0x0000000081f00000, 0x0000000081f00000|100%| O|  |TAMS 0x0000000081f00000, 0x0000000081e00000| Untracked 
|  31|0x0000000081f00000, 0x0000000082000000, 0x0000000082000000|100%| O|  |TAMS 0x0000000082000000, 0x0000000081f00000| Untracked 
|  32|0x0000000082000000, 0x0000000082100000, 0x0000000082100000|100%| O|  |TAMS 0x0000000082100000, 0x0000000082000000| Untracked 
|  33|0x0000000082100000, 0x00000000821ffff8, 0x0000000082200000| 99%| O|  |TAMS 0x00000000821ffff8, 0x0000000082100000| Untracked 
|  34|0x0000000082200000, 0x0000000082300000, 0x0000000082300000|100%| O|  |TAMS 0x0000000082300000, 0x0000000082200000| Untracked 
|  35|0x0000000082300000, 0x0000000082400000, 0x0000000082400000|100%| O|  |TAMS 0x0000000082400000, 0x0000000082300000| Untracked 
|  36|0x0000000082400000, 0x0000000082500000, 0x0000000082500000|100%| O|  |TAMS 0x0000000082500000, 0x0000000082400000| Untracked 
|  37|0x0000000082500000, 0x0000000082600000, 0x0000000082600000|100%| O|  |TAMS 0x0000000082600000, 0x0000000082500000| Untracked 
|  38|0x0000000082600000, 0x0000000082700000, 0x0000000082700000|100%| O|  |TAMS 0x0000000082700000, 0x0000000082600000| Untracked 
|  39|0x0000000082700000, 0x0000000082800000, 0x0000000082800000|100%| O|  |TAMS 0x0000000082800000, 0x0000000082700000| Untracked 
|  40|0x0000000082800000, 0x0000000082900000, 0x0000000082900000|100%| O|  |TAMS 0x0000000082900000, 0x0000000082800000| Untracked 
|  41|0x0000000082900000, 0x00000000829be200, 0x0000000082a00000| 74%| O|  |TAMS 0x00000000829be200, 0x0000000082900000| Untracked 
|  42|0x0000000082a00000, 0x0000000082b00000, 0x0000000082b00000|100%|HS|  |TAMS 0x0000000082a00000, 0x0000000082a00000| Complete 
|  43|0x0000000082b00000, 0x0000000082c00000, 0x0000000082c00000|100%|HC|  |TAMS 0x0000000082b00000, 0x0000000082b00000| Complete 
|  44|0x0000000082c00000, 0x0000000082d00000, 0x0000000082d00000|100%|HS|  |TAMS 0x0000000082c00000, 0x0000000082c00000| Complete 
|  45|0x0000000082d00000, 0x0000000082e00000, 0x0000000082e00000|100%|HC|  |TAMS 0x0000000082d00000, 0x0000000082d00000| Complete 
|  46|0x0000000082e00000, 0x0000000082f00000, 0x0000000082f00000|100%|HC|  |TAMS 0x0000000082e00000, 0x0000000082e00000| Complete 
|  47|0x0000000082f00000, 0x0000000083000000, 0x0000000083000000|100%|HC|  |TAMS 0x0000000082f00000, 0x0000000082f00000| Complete 
|  48|0x0000000083000000, 0x0000000083100000, 0x0000000083100000|100%|HC|  |TAMS 0x0000000083000000, 0x0000000083000000| Complete 
|  49|0x0000000083100000, 0x0000000083200000, 0x0000000083200000|100%|HC|  |TAMS 0x0000000083100000, 0x0000000083100000| Complete 
|  50|0x0000000083200000, 0x0000000083300000, 0x0000000083300000|100%|HS|  |TAMS 0x0000000083200000, 0x0000000083200000| Complete 
|  51|0x0000000083300000, 0x0000000083300000, 0x0000000083400000|  0%| F|  |TAMS 0x0000000083300000, 0x0000000083300000| Untracked 
|  52|0x0000000083400000, 0x0000000083400000, 0x0000000083500000|  0%| F|  |TAMS 0x0000000083400000, 0x0000000083400000| Untracked 
|  53|0x0000000083500000, 0x0000000083500000, 0x0000000083600000|  0%| F|  |TAMS 0x0000000083500000, 0x0000000083500000| Untracked 
|  54|0x0000000083600000, 0x0000000083600000, 0x0000000083700000|  0%| F|  |TAMS 0x0000000083600000, 0x0000000083600000| Untracked 
|  55|0x0000000083700000, 0x0000000083700000, 0x0000000083800000|  0%| F|  |TAMS 0x0000000083700000, 0x0000000083700000| Untracked 
|  56|0x0000000083800000, 0x0000000083800000, 0x0000000083900000|  0%| F|  |TAMS 0x0000000083800000, 0x0000000083800000| Untracked 
|  57|0x0000000083900000, 0x0000000083900000, 0x0000000083a00000|  0%| F|  |TAMS 0x0000000083900000, 0x0000000083900000| Untracked 
|  58|0x0000000083a00000, 0x0000000083a00000, 0x0000000083b00000|  0%| F|  |TAMS 0x0000000083a00000, 0x0000000083a00000| Untracked 
|  59|0x0000000083b00000, 0x0000000083b00000, 0x0000000083c00000|  0%| F|  |TAMS 0x0000000083b00000, 0x0000000083b00000| Untracked 
|  60|0x0000000083c00000, 0x0000000083c00000, 0x0000000083d00000|  0%| F|  |TAMS 0x0000000083c00000, 0x0000000083c00000| Untracked 
|  61|0x0000000083d00000, 0x0000000083d00000, 0x0000000083e00000|  0%| F|  |TAMS 0x0000000083d00000, 0x0000000083d00000| Untracked 
|  62|0x0000000083e00000, 0x0000000083e00000, 0x0000000083f00000|  0%| F|  |TAMS 0x0000000083e00000, 0x0000000083e00000| Untracked 
|  63|0x0000000083f00000, 0x0000000083f00000, 0x0000000084000000|  0%| F|  |TAMS 0x0000000083f00000, 0x0000000083f00000| Untracked 
|  64|0x0000000084000000, 0x0000000084000000, 0x0000000084100000|  0%| F|  |TAMS 0x0000000084000000, 0x0000000084000000| Untracked 
|  65|0x0000000084100000, 0x0000000084100000, 0x0000000084200000|  0%| F|  |TAMS 0x0000000084100000, 0x0000000084100000| Untracked 
|  66|0x0000000084200000, 0x0000000084200000, 0x0000000084300000|  0%| F|  |TAMS 0x0000000084200000, 0x0000000084200000| Untracked 
|  67|0x0000000084300000, 0x0000000084300000, 0x0000000084400000|  0%| F|  |TAMS 0x0000000084300000, 0x0000000084300000| Untracked 
|  68|0x0000000084400000, 0x0000000084400000, 0x0000000084500000|  0%| F|  |TAMS 0x0000000084400000, 0x0000000084400000| Untracked 
|  69|0x0000000084500000, 0x0000000084500000, 0x0000000084600000|  0%| F|  |TAMS 0x0000000084500000, 0x0000000084500000| Untracked 
|  70|0x0000000084600000, 0x0000000084600000, 0x0000000084700000|  0%| F|  |TAMS 0x0000000084600000, 0x0000000084600000| Untracked 
|  71|0x0000000084700000, 0x0000000084700000, 0x0000000084800000|  0%| F|  |TAMS 0x0000000084700000, 0x0000000084700000| Untracked 
|  72|0x0000000084800000, 0x0000000084800000, 0x0000000084900000|  0%| F|  |TAMS 0x0000000084800000, 0x0000000084800000| Untracked 
|  73|0x0000000084900000, 0x0000000084900000, 0x0000000084a00000|  0%| F|  |TAMS 0x0000000084900000, 0x0000000084900000| Untracked 
|  74|0x0000000084a00000, 0x0000000084a00000, 0x0000000084b00000|  0%| F|  |TAMS 0x0000000084a00000, 0x0000000084a00000| Untracked 
|  75|0x0000000084b00000, 0x0000000084b00000, 0x0000000084c00000|  0%| F|  |TAMS 0x0000000084b00000, 0x0000000084b00000| Untracked 
|  76|0x0000000084c00000, 0x0000000084c00000, 0x0000000084d00000|  0%| F|  |TAMS 0x0000000084c00000, 0x0000000084c00000| Untracked 
|  77|0x0000000084d00000, 0x0000000084d00000, 0x0000000084e00000|  0%| F|  |TAMS 0x0000000084d00000, 0x0000000084d00000| Untracked 
|  78|0x0000000084e00000, 0x0000000084e00000, 0x0000000084f00000|  0%| F|  |TAMS 0x0000000084e00000, 0x0000000084e00000| Untracked 
|  79|0x0000000084f00000, 0x0000000084fc29b0, 0x0000000085000000| 76%| S|CS|TAMS 0x0000000084f00000, 0x0000000084f00000| Complete 
|  80|0x0000000085000000, 0x0000000085100000, 0x0000000085100000|100%| S|CS|TAMS 0x0000000085000000, 0x0000000085000000| Complete 
|  81|0x0000000085100000, 0x0000000085200000, 0x0000000085200000|100%| S|CS|TAMS 0x0000000085100000, 0x0000000085100000| Complete 
|  82|0x0000000085200000, 0x0000000085300000, 0x0000000085300000|100%| S|CS|TAMS 0x0000000085200000, 0x0000000085200000| Complete 
|  83|0x0000000085300000, 0x0000000085300000, 0x0000000085400000|  0%| F|  |TAMS 0x0000000085300000, 0x0000000085300000| Untracked 
|  84|0x0000000085400000, 0x0000000085400000, 0x0000000085500000|  0%| F|  |TAMS 0x0000000085400000, 0x0000000085400000| Untracked 
|  85|0x0000000085500000, 0x0000000085500000, 0x0000000085600000|  0%| F|  |TAMS 0x0000000085500000, 0x0000000085500000| Untracked 
|  86|0x0000000085600000, 0x0000000085600000, 0x0000000085700000|  0%| F|  |TAMS 0x0000000085600000, 0x0000000085600000| Untracked 
|  87|0x0000000085700000, 0x0000000085700000, 0x0000000085800000|  0%| F|  |TAMS 0x0000000085700000, 0x0000000085700000| Untracked 
|  88|0x0000000085800000, 0x0000000085800000, 0x0000000085900000|  0%| F|  |TAMS 0x0000000085800000, 0x0000000085800000| Untracked 
|  89|0x0000000085900000, 0x0000000085900000, 0x0000000085a00000|  0%| F|  |TAMS 0x0000000085900000, 0x0000000085900000| Untracked 
|  90|0x0000000085a00000, 0x0000000085a00000, 0x0000000085b00000|  0%| F|  |TAMS 0x0000000085a00000, 0x0000000085a00000| Untracked 
|  91|0x0000000085b00000, 0x0000000085b00000, 0x0000000085c00000|  0%| F|  |TAMS 0x0000000085b00000, 0x0000000085b00000| Untracked 
|  92|0x0000000085c00000, 0x0000000085c00000, 0x0000000085d00000|  0%| F|  |TAMS 0x0000000085c00000, 0x0000000085c00000| Untracked 
|  93|0x0000000085d00000, 0x0000000085d00000, 0x0000000085e00000|  0%| F|  |TAMS 0x0000000085d00000, 0x0000000085d00000| Untracked 
|  94|0x0000000085e00000, 0x0000000085e00000, 0x0000000085f00000|  0%| F|  |TAMS 0x0000000085e00000, 0x0000000085e00000| Untracked 
|  95|0x0000000085f00000, 0x0000000085f00000, 0x0000000086000000|  0%| F|  |TAMS 0x0000000085f00000, 0x0000000085f00000| Untracked 
|  96|0x0000000086000000, 0x0000000086000000, 0x0000000086100000|  0%| F|  |TAMS 0x0000000086000000, 0x0000000086000000| Untracked 
|  97|0x0000000086100000, 0x0000000086100000, 0x0000000086200000|  0%| F|  |TAMS 0x0000000086100000, 0x0000000086100000| Untracked 
|  98|0x0000000086200000, 0x0000000086200000, 0x0000000086300000|  0%| F|  |TAMS 0x0000000086200000, 0x0000000086200000| Untracked 
|  99|0x0000000086300000, 0x0000000086300000, 0x0000000086400000|  0%| F|  |TAMS 0x0000000086300000, 0x0000000086300000| Untracked 
| 100|0x0000000086400000, 0x0000000086400000, 0x0000000086500000|  0%| F|  |TAMS 0x0000000086400000, 0x0000000086400000| Untracked 
| 101|0x0000000086500000, 0x0000000086500000, 0x0000000086600000|  0%| F|  |TAMS 0x0000000086500000, 0x0000000086500000| Untracked 
| 102|0x0000000086600000, 0x0000000086600000, 0x0000000086700000|  0%| F|  |TAMS 0x0000000086600000, 0x0000000086600000| Untracked 
| 103|0x0000000086700000, 0x0000000086700000, 0x0000000086800000|  0%| F|  |TAMS 0x0000000086700000, 0x0000000086700000| Untracked 
| 104|0x0000000086800000, 0x0000000086800000, 0x0000000086900000|  0%| F|  |TAMS 0x0000000086800000, 0x0000000086800000| Untracked 
| 105|0x0000000086900000, 0x0000000086900000, 0x0000000086a00000|  0%| F|  |TAMS 0x0000000086900000, 0x0000000086900000| Untracked 
| 106|0x0000000086a00000, 0x0000000086b00000, 0x0000000086b00000|100%| E|  |TAMS 0x0000000086a00000, 0x0000000086a00000| Complete 
| 107|0x0000000086b00000, 0x0000000086c00000, 0x0000000086c00000|100%| E|CS|TAMS 0x0000000086b00000, 0x0000000086b00000| Complete 
| 108|0x0000000086c00000, 0x0000000086d00000, 0x0000000086d00000|100%| E|CS|TAMS 0x0000000086c00000, 0x0000000086c00000| Complete 
| 109|0x0000000086d00000, 0x0000000086e00000, 0x0000000086e00000|100%| E|CS|TAMS 0x0000000086d00000, 0x0000000086d00000| Complete 
| 119|0x0000000087700000, 0x0000000087800000, 0x0000000087800000|100%| E|CS|TAMS 0x0000000087700000, 0x0000000087700000| Complete 
| 120|0x0000000087800000, 0x0000000087900000, 0x0000000087900000|100%| E|CS|TAMS 0x0000000087800000, 0x0000000087800000| Complete 
| 121|0x0000000087900000, 0x0000000087a00000, 0x0000000087a00000|100%| E|CS|TAMS 0x0000000087900000, 0x0000000087900000| Complete 
| 122|0x0000000087a00000, 0x0000000087b00000, 0x0000000087b00000|100%| E|CS|TAMS 0x0000000087a00000, 0x0000000087a00000| Complete 
| 123|0x0000000087b00000, 0x0000000087c00000, 0x0000000087c00000|100%| E|CS|TAMS 0x0000000087b00000, 0x0000000087b00000| Complete 
| 124|0x0000000087c00000, 0x0000000087d00000, 0x0000000087d00000|100%| E|CS|TAMS 0x0000000087c00000, 0x0000000087c00000| Complete 
| 125|0x0000000087d00000, 0x0000000087e00000, 0x0000000087e00000|100%| E|CS|TAMS 0x0000000087d00000, 0x0000000087d00000| Complete 
| 126|0x0000000087e00000, 0x0000000087f00000, 0x0000000087f00000|100%| E|CS|TAMS 0x0000000087e00000, 0x0000000087e00000| Complete 
| 127|0x0000000087f00000, 0x0000000088000000, 0x0000000088000000|100%| E|CS|TAMS 0x0000000087f00000, 0x0000000087f00000| Complete 
| 128|0x0000000088000000, 0x0000000088100000, 0x0000000088100000|100%| E|CS|TAMS 0x0000000088000000, 0x0000000088000000| Complete 
| 129|0x0000000088100000, 0x0000000088200000, 0x0000000088200000|100%| E|CS|TAMS 0x0000000088100000, 0x0000000088100000| Complete 
| 130|0x0000000088200000, 0x0000000088300000, 0x0000000088300000|100%| E|CS|TAMS 0x0000000088200000, 0x0000000088200000| Complete 
| 131|0x0000000088300000, 0x0000000088400000, 0x0000000088400000|100%| E|CS|TAMS 0x0000000088300000, 0x0000000088300000| Complete 
| 132|0x0000000088400000, 0x0000000088500000, 0x0000000088500000|100%| E|CS|TAMS 0x0000000088400000, 0x0000000088400000| Complete 
| 133|0x0000000088500000, 0x0000000088600000, 0x0000000088600000|100%| E|CS|TAMS 0x0000000088500000, 0x0000000088500000| Complete 
| 134|0x0000000088600000, 0x0000000088700000, 0x0000000088700000|100%| E|CS|TAMS 0x0000000088600000, 0x0000000088600000| Complete 
| 251|0x000000008fb00000, 0x000000008fc00000, 0x000000008fc00000|100%| E|CS|TAMS 0x000000008fb00000, 0x000000008fb00000| Complete 

Card table byte_map: [0x0000024ff2490000,0x0000024ff2890000] _byte_map_base: 0x0000024ff2090000

Marking Bits (Prev, Next): (CMBitMap*) 0x0000024fda25c570, (CMBitMap*) 0x0000024fda25c5b0
 Prev Bits: [0x0000024ff2c90000, 0x0000024ff4c90000)
 Next Bits: [0x0000024ff4c90000, 0x0000024ff6c90000)

Polling page: 0x0000024fd7fa0000

Metaspace:

Usage:
  Non-class:     32.12 MB used.
      Class:      5.06 MB used.
       Both:     37.18 MB used.

Virtual space:
  Non-class space:       64.00 MB reserved,      32.38 MB ( 51%) committed,  1 nodes.
      Class space:        1.00 GB reserved,       5.31 MB ( <1%) committed,  1 nodes.
             Both:        1.06 GB reserved,      37.69 MB (  3%) committed. 

Chunk freelists:
   Non-Class:  14.92 MB
       Class:  10.52 MB
        Both:  25.44 MB

MaxMetaspaceSize: unlimited
CompressedClassSpaceSize: 1.00 GB
Initial GC threshold: 21.00 MB
Current GC threshold: 58.69 MB
CDS: on
MetaspaceReclaimPolicy: balanced
 - commit_granule_bytes: 65536.
 - commit_granule_words: 8192.
 - virtual_space_node_default_size: 8388608.
 - enlarge_chunks_in_place: 1.
 - new_chunks_are_fully_committed: 0.
 - uncommit_free_chunks: 1.
 - use_allocation_guard: 0.
 - handle_deallocations: 1.


Internal statistics:

num_allocs_failed_limit: 6.
num_arena_births: 450.
num_arena_deaths: 0.
num_vsnodes_births: 2.
num_vsnodes_deaths: 0.
num_space_committed: 603.
num_space_uncommitted: 0.
num_chunks_returned_to_freelist: 6.
num_chunks_taken_from_freelist: 1913.
num_chunk_merges: 6.
num_chunk_splits: 1236.
num_chunks_enlarged: 829.
num_inconsistent_stats: 0.

CodeHeap 'non-profiled nmethods': size=118848Kb used=2816Kb max_used=2816Kb free=116031Kb
 bounds [0x0000024fe9930000, 0x0000024fe9c00000, 0x0000024ff0d40000]
CodeHeap 'profiled nmethods': size=118848Kb used=9589Kb max_used=9589Kb free=109259Kb
 bounds [0x0000024fe1d40000, 0x0000024fe26a0000, 0x0000024fe9150000]
CodeHeap 'non-nmethods': size=8064Kb used=4564Kb max_used=4604Kb free=3499Kb
 bounds [0x0000024fe9150000, 0x0000024fe95e0000, 0x0000024fe9930000]
 total_blobs=5447 nmethods=4626 adapters=729
 compilation: enabled
              stopped_count=0, restarted_count=0
 full_count=0

Compilation events (20 events):
Event: 2.179 Thread 0x0000024ffa999da0 4617       3       java.util.regex.ASCII::isWord (7 bytes)
Event: 2.179 Thread 0x0000024ffa9888f0 nmethod 4615 0x0000024fe2698310 code [0x0000024fe26984e0, 0x0000024fe26988d8]
Event: 2.179 Thread 0x0000024ffa999da0 nmethod 4617 0x0000024fe2698a90 code [0x0000024fe2698c40, 0x0000024fe2698eb8]
Event: 2.179 Thread 0x0000024ffa9b0990 nmethod 4616 0x0000024fe2699010 code [0x0000024fe26991c0, 0x0000024fe2699538]
Event: 2.182 Thread 0x0000024ffa9b0990 4618       3       java.security.MessageDigestSpi::<init> (5 bytes)
Event: 2.182 Thread 0x0000024ffa9b0990 nmethod 4618 0x0000024fe2699690 code [0x0000024fe2699820, 0x0000024fe2699978]
Event: 2.186 Thread 0x0000024ffab6ffd0 4620       4       java.lang.invoke.DirectMethodHandle$Holder::newInvokeSpecial (21 bytes)
Event: 2.186 Thread 0x0000024ffa999da0 4621       3       java.lang.invoke.DirectMethodHandle::makeAllocator (137 bytes)
Event: 2.186 Thread 0x0000024ffa999da0 nmethod 4621 0x0000024fe2699a10 code [0x0000024fe2699c20, 0x0000024fe269a078]
Event: 2.187 Thread 0x0000024ffa9b0990 4622       3       java.lang.invoke.MethodType::dropParameterTypes (162 bytes)
Event: 2.187 Thread 0x0000024ffab6ffd0 nmethod 4620 0x0000024fe9bef310 code [0x0000024fe9bef4a0, 0x0000024fe9bef688]
Event: 2.187 Thread 0x0000024ffa9b0990 nmethod 4622 0x0000024fe269a290 code [0x0000024fe269a580, 0x0000024fe269b4e8]
Event: 2.187 Thread 0x0000024ffa9b0990 4623       3       jdk.internal.jimage.BasicImageReader::verifyLocation (39 bytes)
Event: 2.188 Thread 0x0000024ffa9888f0 4624       3       sun.invoke.util.VerifyAccess::isModuleAccessible (97 bytes)
Event: 2.188 Thread 0x0000024ffa9b0990 nmethod 4623 0x0000024fe269ba10 code [0x0000024fe269bbe0, 0x0000024fe269bea8]
Event: 2.188 Thread 0x0000024ffa9888f0 nmethod 4624 0x0000024fe269bf90 code [0x0000024fe269c260, 0x0000024fe269cf28]
Event: 2.188 Thread 0x0000024ffab6ffd0 4626       4       java.lang.ClassLoader::getClassLoadingLock (35 bytes)
Event: 2.189 Thread 0x0000024ffab6ffd0 nmethod 4626 0x0000024fe9befb90 code [0x0000024fe9befd20, 0x0000024fe9befe48]
Event: 2.189 Thread 0x0000024ff9fc4b00 4627       4       java.util.HashSet::<init> (16 bytes)
Event: 2.190 Thread 0x0000024ff9fc4b00 nmethod 4627 0x0000024fe9beff90 code [0x0000024fe9bf0120, 0x0000024fe9bf02b8]

GC Heap History (12 events):
Event: 0.217 GC heap before
{Heap before GC invocations=0 (full 0):
 garbage-first heap   total 258048K, used 28672K [0x0000000080000000, 0x0000000100000000)
  region size 1024K, 23 young (23552K), 0 survivors (0K)
 Metaspace       used 2936K, committed 3072K, reserved 1114112K
  class space    used 374K, committed 448K, reserved 1048576K
}
Event: 0.218 GC heap after
{Heap after GC invocations=1 (full 0):
 garbage-first heap   total 258048K, used 9247K [0x0000000080000000, 0x0000000100000000)
  region size 1024K, 3 young (3072K), 3 survivors (3072K)
 Metaspace       used 2936K, committed 3072K, reserved 1114112K
  class space    used 374K, committed 448K, reserved 1048576K
}
Event: 0.291 GC heap before
{Heap before GC invocations=1 (full 0):
 garbage-first heap   total 258048K, used 37919K [0x0000000080000000, 0x0000000100000000)
  region size 1024K, 31 young (31744K), 3 survivors (3072K)
 Metaspace       used 3931K, committed 4096K, reserved 1114112K
  class space    used 475K, committed 576K, reserved 1048576K
}
Event: 0.293 GC heap after
{Heap after GC invocations=2 (full 0):
 garbage-first heap   total 258048K, used 11637K [0x0000000080000000, 0x0000000100000000)
  region size 1024K, 3 young (3072K), 3 survivors (3072K)
 Metaspace       used 3931K, committed 4096K, reserved 1114112K
  class space    used 475K, committed 576K, reserved 1048576K
}
Event: 1.267 GC heap before
{Heap before GC invocations=2 (full 0):
 garbage-first heap   total 258048K, used 138613K [0x0000000080000000, 0x0000000100000000)
  region size 1024K, 117 young (119808K), 3 survivors (3072K)
 Metaspace       used 21204K, committed 21504K, reserved 1114112K
  class space    used 3160K, committed 3328K, reserved 1048576K
}
Event: 1.273 GC heap after
{Heap after GC invocations=3 (full 0):
 garbage-first heap   total 258048K, used 37221K [0x0000000080000000, 0x0000000100000000)
  region size 1024K, 16 young (16384K), 16 survivors (16384K)
 Metaspace       used 21204K, committed 21504K, reserved 1114112K
  class space    used 3160K, committed 3328K, reserved 1048576K
}
Event: 1.728 GC heap before
{Heap before GC invocations=4 (full 0):
 garbage-first heap   total 130048K, used 98661K [0x0000000080000000, 0x0000000100000000)
  region size 1024K, 76 young (77824K), 16 survivors (16384K)
 Metaspace       used 31075K, committed 31424K, reserved 1114112K
  class space    used 4429K, committed 4608K, reserved 1048576K
}
Event: 1.736 GC heap after
{Heap after GC invocations=5 (full 0):
 garbage-first heap   total 130048K, used 42449K [0x0000000080000000, 0x0000000100000000)
  region size 1024K, 6 young (6144K), 6 survivors (6144K)
 Metaspace       used 31075K, committed 31424K, reserved 1114112K
  class space    used 4429K, committed 4608K, reserved 1048576K
}
Event: 1.737 GC heap before
{Heap before GC invocations=5 (full 0):
 garbage-first heap   total 130048K, used 43473K [0x0000000080000000, 0x0000000100000000)
  region size 1024K, 7 young (7168K), 6 survivors (6144K)
 Metaspace       used 31076K, committed 31424K, reserved 1114112K
  class space    used 4429K, committed 4608K, reserved 1048576K
}
Event: 1.740 GC heap after
{Heap after GC invocations=6 (full 0):
 garbage-first heap   total 130048K, used 42470K [0x0000000080000000, 0x0000000100000000)
  region size 1024K, 1 young (1024K), 1 survivors (1024K)
 Metaspace       used 31076K, committed 31424K, reserved 1114112K
  class space    used 4429K, committed 4608K, reserved 1048576K
}
Event: 2.035 GC heap before
{Heap before GC invocations=6 (full 0):
 garbage-first heap   total 130048K, used 87526K [0x0000000080000000, 0x0000000100000000)
  region size 1024K, 44 young (45056K), 1 survivors (1024K)
 Metaspace       used 35542K, committed 35968K, reserved 1114112K
  class space    used 4967K, committed 5120K, reserved 1048576K
}
Event: 2.037 GC heap after
{Heap after GC invocations=7 (full 0):
 garbage-first heap   total 130048K, used 45570K [0x0000000080000000, 0x0000000100000000)
  region size 1024K, 4 young (4096K), 4 survivors (4096K)
 Metaspace       used 35542K, committed 35968K, reserved 1114112K
  class space    used 4967K, committed 5120K, reserved 1048576K
}

Dll operation events (13 events):
Event: 0.003 Loaded shared library D:\Java\ms-17.0.15\bin\java.dll
Event: 0.011 Loaded shared library D:\Java\ms-17.0.15\bin\jsvml.dll
Event: 0.028 Loaded shared library D:\Java\ms-17.0.15\bin\net.dll
Event: 0.028 Loaded shared library D:\Java\ms-17.0.15\bin\nio.dll
Event: 0.030 Loaded shared library D:\Java\ms-17.0.15\bin\zip.dll
Event: 0.082 Loaded shared library D:\Java\ms-17.0.15\bin\jimage.dll
Event: 0.100 Loaded shared library D:\Java\ms-17.0.15\bin\verify.dll
Event: 0.165 Loaded shared library D:\Projects\kotlinApp\gradle\native\e1d6ef7f7dcc3fd88c89a11ec53ec762bb8ba0a96d01ffa2cd45eb1d1d8dd5c5\windows-amd64\native-platform.dll
Event: 0.171 Loaded shared library D:\Projects\kotlinApp\gradle\native\0d407fdbe67a94daf76414ababcb853783967236a71b16ec16e742cd7a986fd3\windows-amd64\native-platform-file-events.dll
Event: 0.402 Loaded shared library D:\Java\ms-17.0.15\bin\management.dll
Event: 0.404 Loaded shared library D:\Java\ms-17.0.15\bin\management_ext.dll
Event: 0.481 Loaded shared library D:\Java\ms-17.0.15\bin\extnet.dll
Event: 0.565 Loaded shared library D:\Java\ms-17.0.15\bin\sunmscapi.dll

Deoptimization events (20 events):
Event: 2.106 Thread 0x0000024fc2884290 DEOPT PACKING pc=0x0000024fe9abd948 sp=0x00000051427f8d60
Event: 2.106 Thread 0x0000024fc2884290 DEOPT UNPACKING pc=0x0000024fe91a69a3 sp=0x00000051427f8b18 mode 2
Event: 2.122 Thread 0x0000024fc2884290 Uncommon trap: trap_request=0xffffff45 fr.pc=0x0000024fe9b924b4 relative=0x00000000000009d4
Event: 2.122 Thread 0x0000024fc2884290 Uncommon trap: reason=unstable_if action=reinterpret pc=0x0000024fe9b924b4 method=java.lang.ClassLoader.checkCerts(Ljava/lang/String;Ljava/security/CodeSource;)V @ 30 c2
Event: 2.122 Thread 0x0000024fc2884290 DEOPT PACKING pc=0x0000024fe9b924b4 sp=0x00000051427f8100
Event: 2.122 Thread 0x0000024fc2884290 DEOPT UNPACKING pc=0x0000024fe91a69a3 sp=0x00000051427f8068 mode 2
Event: 2.122 Thread 0x0000024fc2884290 Uncommon trap: trap_request=0xffffff45 fr.pc=0x0000024fe9b8b54c relative=0x000000000000148c
Event: 2.122 Thread 0x0000024fc2884290 Uncommon trap: reason=unstable_if action=reinterpret pc=0x0000024fe9b8b54c method=java.lang.ClassLoader.postDefineClass(Ljava/lang/Class;Ljava/security/ProtectionDomain;)V @ 17 c2
Event: 2.122 Thread 0x0000024fc2884290 DEOPT PACKING pc=0x0000024fe9b8b54c sp=0x00000051427f80f0
Event: 2.122 Thread 0x0000024fc2884290 DEOPT UNPACKING pc=0x0000024fe91a69a3 sp=0x00000051427f80f0 mode 2
Event: 2.131 Thread 0x0000024fc2884290 Uncommon trap: trap_request=0xffffffde fr.pc=0x0000024fe9be01f0 relative=0x0000000000000bf0
Event: 2.131 Thread 0x0000024fc2884290 Uncommon trap: reason=class_check action=maybe_recompile pc=0x0000024fe9be01f0 method=org.codehaus.groovy.reflection.ParameterTypes.getParametersTypes0()V @ 16 c2
Event: 2.131 Thread 0x0000024fc2884290 DEOPT PACKING pc=0x0000024fe9be01f0 sp=0x00000051427f86d0
Event: 2.131 Thread 0x0000024fc2884290 DEOPT UNPACKING pc=0x0000024fe91a69a3 sp=0x00000051427f8658 mode 2
Event: 2.157 Thread 0x0000024fc2884290 Uncommon trap: trap_request=0xffffff45 fr.pc=0x0000024fe9996cb0 relative=0x0000000000000670
Event: 2.157 Thread 0x0000024fc2884290 Uncommon trap: reason=unstable_if action=reinterpret pc=0x0000024fe9996cb0 method=java.util.jar.Manifest$FastInputStream.readLine([BII)I @ 130 c2
Event: 2.157 Thread 0x0000024fc2884290 DEOPT PACKING pc=0x0000024fe9996cb0 sp=0x00000051427f6790
Event: 2.157 Thread 0x0000024fc2884290 DEOPT UNPACKING pc=0x0000024fe91a69a3 sp=0x00000051427f6720 mode 2
Event: 2.170 Thread 0x0000024fc2884290 DEOPT PACKING pc=0x0000024fe1ddaa33 sp=0x00000051427f9ad0
Event: 2.171 Thread 0x0000024fc2884290 DEOPT UNPACKING pc=0x0000024fe91a7143 sp=0x00000051427f9008 mode 0

Classes loaded (20 events):
Event: 1.992 Loading class java/util/Collections$ReverseComparator2
Event: 1.992 Loading class java/util/Collections$ReverseComparator2 done
Event: 2.013 Loading class java/io/DeleteOnExitHook
Event: 2.013 Loading class java/io/DeleteOnExitHook done
Event: 2.013 Loading class java/io/DeleteOnExitHook$1
Event: 2.013 Loading class java/io/DeleteOnExitHook$1 done
Event: 2.119 Loading class java/lang/ClassBeanInfo
Event: 2.119 Loading class java/lang/ClassBeanInfo done
Event: 2.119 Loading class java/lang/ClassBeanInfo
Event: 2.119 Loading class java/lang/ClassBeanInfo done
Event: 2.119 Loading class java/lang/ClassCustomizer
Event: 2.119 Loading class java/lang/ClassCustomizer done
Event: 2.119 Loading class java/lang/ClassCustomizer
Event: 2.119 Loading class java/lang/ClassCustomizer done
Event: 2.119 Loading class sun/reflect/generics/tree/BooleanSignature
Event: 2.119 Loading class sun/reflect/generics/tree/BooleanSignature done
Event: 2.120 Loading class sun/reflect/generics/reflectiveObjects/GenericArrayTypeImpl
Event: 2.120 Loading class sun/reflect/generics/reflectiveObjects/GenericArrayTypeImpl done
Event: 2.121 Loading class jdk/internal/vm/annotation/ForceInline
Event: 2.121 Loading class jdk/internal/vm/annotation/ForceInline done

Classes unloaded (0 events):
No events

Classes redefined (0 events):
No events

Internal exceptions (20 events):
Event: 2.115 Thread 0x0000024fc2884290 Exception <a 'java/lang/ClassNotFoundException'{0x000000008806b608}: groovy/lang/ReferenceBeanInfo> (0x000000008806b608) 
thrown [s\src\hotspot\share\classfile\systemDictionary.cpp, line 256]
Event: 2.115 Thread 0x0000024fc2884290 Exception <a 'java/lang/ClassNotFoundException'{0x0000000088094560}: groovy/lang/ReferenceCustomizer> (0x0000000088094560) 
thrown [s\src\hotspot\share\classfile\systemDictionary.cpp, line 256]
Event: 2.118 Thread 0x0000024fc2884290 Exception <a 'java/lang/ClassNotFoundException'{0x00000000880cdf88}: com/intellij/gradle/toolingExtension/impl/model/utilDummyModel/DummyModelBeanInfo> (0x00000000880cdf88) 
thrown [s\src\hotspot\share\classfile\systemDictionary.cpp, line 256]
Event: 2.118 Thread 0x0000024fc2884290 Exception <a 'java/lang/ClassNotFoundException'{0x00000000880d94d0}: com/intellij/gradle/toolingExtension/impl/model/utilDummyModel/DummyModelCustomizer> (0x00000000880d94d0) 
thrown [s\src\hotspot\share\classfile\systemDictionary.cpp, line 256]
Event: 2.119 Thread 0x0000024fc2884290 Exception <a 'java/lang/ClassNotFoundException'{0x0000000087f08720}: java/lang/ClassBeanInfo> (0x0000000087f08720) 
thrown [s\src\hotspot\share\classfile\systemDictionary.cpp, line 256]
Event: 2.119 Thread 0x0000024fc2884290 Exception <a 'java/lang/ClassNotFoundException'{0x0000000087f10e38}: java/lang/ClassCustomizer> (0x0000000087f10e38) 
thrown [s\src\hotspot\share\classfile\systemDictionary.cpp, line 256]
Event: 2.122 Thread 0x0000024fc2884290 Implicit null exception at 0x0000024fe9b91f30 to 0x0000024fe9b9248c
Event: 2.122 Thread 0x0000024fc2884290 Implicit null exception at 0x0000024fe9b8aaf8 to 0x0000024fe9b8b530
Event: 2.123 Thread 0x0000024fc2884290 Exception <a 'java/lang/ClassNotFoundException'{0x0000000087fdc720}: org/gradle/tooling/provider/model/internal/DefaultToolingModelBuilderRegistryBeanInfo> (0x0000000087fdc720) 
thrown [s\src\hotspot\share\classfile\systemDictionary.cpp, line 256]
Event: 2.123 Thread 0x0000024fc2884290 Exception <a 'java/lang/ClassNotFoundException'{0x0000000087ff1bf0}: org/gradle/tooling/provider/model/internal/DefaultToolingModelBuilderRegistryCustomizer> (0x0000000087ff1bf0) 
thrown [s\src\hotspot\share\classfile\systemDictionary.cpp, line 256]
Event: 2.126 Thread 0x0000024fc2884290 Exception <a 'java/lang/ClassNotFoundException'{0x0000000087e4af58}: org/gradle/internal/service/scopes/GradleScopeServicesBeanInfo> (0x0000000087e4af58) 
thrown [s\src\hotspot\share\classfile\systemDictionary.cpp, line 256]
Event: 2.126 Thread 0x0000024fc2884290 Exception <a 'java/lang/ClassNotFoundException'{0x0000000087e5fb90}: org/gradle/internal/service/DefaultServiceRegistryBeanInfo> (0x0000000087e5fb90) 
thrown [s\src\hotspot\share\classfile\systemDictionary.cpp, line 256]
Event: 2.126 Thread 0x0000024fc2884290 Exception <a 'java/lang/ClassNotFoundException'{0x0000000087e8c848}: org/gradle/internal/service/DefaultServiceRegistryCustomizer> (0x0000000087e8c848) 
thrown [s\src\hotspot\share\classfile\systemDictionary.cpp, line 256]
Event: 2.127 Thread 0x0000024fc2884290 Exception <a 'java/lang/ClassNotFoundException'{0x0000000087eb07d8}: org/gradle/internal/service/scopes/GradleScopeServicesCustomizer> (0x0000000087eb07d8) 
thrown [s\src\hotspot\share\classfile\systemDictionary.cpp, line 256]
Event: 2.128 Thread 0x0000024fc2884290 Exception <a 'java/lang/ClassNotFoundException'{0x0000000087ef7670}: org/gradle/internal/extensibility/DefaultConventionBeanInfo> (0x0000000087ef7670) 
thrown [s\src\hotspot\share\classfile\systemDictionary.cpp, line 256]
Event: 2.128 Thread 0x0000024fc2884290 Exception <a 'java/lang/ClassNotFoundException'{0x0000000087d0c9f0}: org/gradle/internal/extensibility/DefaultConventionCustomizer> (0x0000000087d0c9f0) 
thrown [s\src\hotspot\share\classfile\systemDictionary.cpp, line 256]
Event: 2.131 Thread 0x0000024fc2884290 Exception <a 'java/lang/ClassNotFoundException'{0x0000000087d7e4d8}: com/intellij/gradle/toolingExtension/impl/modelBuilder/ExtraModelBuilderBeanInfo> (0x0000000087d7e4d8) 
thrown [s\src\hotspot\share\classfile\systemDictionary.cpp, line 256]
Event: 2.131 Thread 0x0000024fc2884290 Exception <a 'java/lang/ClassNotFoundException'{0x0000000087d89c80}: com/intellij/gradle/toolingExtension/impl/modelBuilder/ExtraModelBuilderCustomizer> (0x0000000087d89c80) 
thrown [s\src\hotspot\share\classfile\systemDictionary.cpp, line 256]
Event: 2.186 Thread 0x0000024fc2884290 Exception <a 'java/lang/NoSuchMethodError'{0x0000000086cf38f0}: 'void java.lang.invoke.DirectMethodHandle$Holder.invokeVirtual(java.lang.Object, java.lang.Object)'> (0x0000000086cf38f0) 
thrown [s\src\hotspot\share\interpreter\linkResolver.cpp, line 759]
Event: 2.188 Thread 0x0000024fc2884290 Exception <a 'java/lang/NoSuchMethodError'{0x0000000086b390f0}: 'void java.lang.invoke.DirectMethodHandle$Holder.invokeStatic(java.lang.Object, java.lang.Object, java.lang.Object, java.lang.Object, java.lang.Object, java.lang.Object)'> (0x0000000086b390f0) 
thrown [s\src\hotspot\share\interpreter\linkResolver.cpp, line 759]

VM Operations (20 events):
Event: 1.870 Executing VM operation: HandshakeAllThreads
Event: 1.870 Executing VM operation: HandshakeAllThreads done
Event: 1.914 Executing VM operation: HandshakeAllThreads
Event: 1.914 Executing VM operation: HandshakeAllThreads done
Event: 1.915 Executing VM operation: ICBufferFull
Event: 1.915 Executing VM operation: ICBufferFull done
Event: 1.920 Executing VM operation: HandshakeAllThreads
Event: 1.920 Executing VM operation: HandshakeAllThreads done
Event: 1.920 Executing VM operation: HandshakeAllThreads
Event: 1.920 Executing VM operation: HandshakeAllThreads done
Event: 2.035 Executing VM operation: CollectForMetadataAllocation
Event: 2.037 Executing VM operation: CollectForMetadataAllocation done
Event: 2.040 Executing VM operation: G1PauseRemark
Event: 2.043 Executing VM operation: G1PauseRemark done
Event: 2.044 Executing VM operation: G1PauseCleanup
Event: 2.045 Executing VM operation: G1PauseCleanup done
Event: 2.081 Executing VM operation: HandshakeAllThreads
Event: 2.081 Executing VM operation: HandshakeAllThreads done
Event: 2.124 Executing VM operation: HandshakeAllThreads
Event: 2.125 Executing VM operation: HandshakeAllThreads done

Memory protections (0 events):
No events

Nmethod flushes (0 events):
No events

Events (20 events):
Event: 1.108 Thread 0x0000024fc2884290 Thread added: 0x0000024fc50dc500
Event: 1.304 Thread 0x0000024fc2884290 Thread added: 0x0000024fc50dca10
Event: 1.314 Thread 0x0000024fc2884290 Thread added: 0x0000024fc50b3520
Event: 1.326 Thread 0x0000024fc2884290 Thread added: 0x0000024fc50b5da0
Event: 1.348 Thread 0x0000024fff664110 Thread exited: 0x0000024fff664110
Event: 1.373 Thread 0x0000024fc2884290 Thread added: 0x0000024fc50b20e0
Event: 1.380 Thread 0x0000024fc2884290 Thread added: 0x0000024fc50b3f40
Event: 1.426 Thread 0x0000024fc2884290 Thread added: 0x0000024fc50b1bd0
Event: 1.496 Thread 0x0000024fc2884290 Thread added: 0x0000024fc50b7c00
Event: 1.504 Thread 0x0000024fc2884290 Thread added: 0x0000024fc50b3a30
Event: 1.694 Thread 0x0000024ff9fc4b00 Thread added: 0x0000024fc28df800
Event: 1.862 Thread 0x0000024fc2884290 Thread added: 0x0000024fc50b9040
Event: 2.029 Thread 0x0000024fc2884290 Thread added: 0x0000024fc50b2b00
Event: 2.029 Thread 0x0000024fc2884290 Thread added: 0x0000024fc50b62b0
Event: 2.040 Thread 0x0000024fc2884290 Thread added: 0x0000024fc50b76f0
Event: 2.068 Thread 0x0000024fc2884290 Thread added: 0x0000024fc50b9550
Event: 2.078 Thread 0x0000024fc2884290 Thread added: 0x0000024fc50b3010
Event: 2.078 Thread 0x0000024fc2884290 Thread added: 0x0000024fc50b71e0
Event: 2.079 Thread 0x0000024fc2884290 Thread added: 0x0000024fc315b9a0
Event: 2.079 Thread 0x0000024fc2884290 Thread added: 0x0000024fc315e220


Dynamic libraries:
0x00007ff6e6fc0000 - 0x00007ff6e6fce000 	D:\Java\ms-17.0.15\bin\java.exe
0x00007ffbe2a30000 - 0x00007ffbe2c47000 	C:\Windows\SYSTEM32\ntdll.dll
0x00007ffbe0c80000 - 0x00007ffbe0d44000 	C:\Windows\System32\KERNEL32.DLL
0x00007ffbe01d0000 - 0x00007ffbe05a3000 	C:\Windows\System32\KERNELBASE.dll
0x00007ffbdfbc0000 - 0x00007ffbdfcd1000 	C:\Windows\System32\ucrtbase.dll
0x00007ffbad090000 - 0x00007ffbad0a7000 	D:\Java\ms-17.0.15\bin\jli.dll
0x00007ffba5f70000 - 0x00007ffba5f8d000 	D:\Java\ms-17.0.15\bin\VCRUNTIME140.dll
0x00007ffbe2030000 - 0x00007ffbe21e1000 	C:\Windows\System32\USER32.dll
0x00007ffbdfd80000 - 0x00007ffbdfda6000 	C:\Windows\System32\win32u.dll
0x00007ffbe07c0000 - 0x00007ffbe07e9000 	C:\Windows\System32\GDI32.dll
0x00007ffbc7ad0000 - 0x00007ffbc7d68000 	C:\Windows\WinSxS\amd64_microsoft.windows.common-controls_6595b64144ccf1df_6.0.22621.5124_none_270e8f4f7386d69d\COMCTL32.dll
0x00007ffbe05b0000 - 0x00007ffbe06cb000 	C:\Windows\System32\gdi32full.dll
0x00007ffbe07f0000 - 0x00007ffbe0897000 	C:\Windows\System32\msvcrt.dll
0x00007ffbdfce0000 - 0x00007ffbdfd7a000 	C:\Windows\System32\msvcp_win.dll
0x00007ffbe0780000 - 0x00007ffbe07b1000 	C:\Windows\System32\IMM32.DLL
0x00007ffbb10c0000 - 0x00007ffbb10cc000 	D:\Java\ms-17.0.15\bin\vcruntime140_1.dll
0x00007ffb74520000 - 0x00007ffb745ad000 	D:\Java\ms-17.0.15\bin\msvcp140.dll
0x00007ffb55580000 - 0x00007ffb561f2000 	D:\Java\ms-17.0.15\bin\server\jvm.dll
0x00007ffbe08a0000 - 0x00007ffbe0951000 	C:\Windows\System32\ADVAPI32.dll
0x00007ffbe06d0000 - 0x00007ffbe0778000 	C:\Windows\System32\sechost.dll
0x00007ffbdff70000 - 0x00007ffbdff98000 	C:\Windows\System32\bcrypt.dll
0x00007ffbe21f0000 - 0x00007ffbe2304000 	C:\Windows\System32\RPCRT4.dll
0x00007ffbe0d70000 - 0x00007ffbe0de1000 	C:\Windows\System32\WS2_32.dll
0x00007ffbde990000 - 0x00007ffbde9dd000 	C:\Windows\SYSTEM32\POWRPROF.dll
0x00007ffbd73f0000 - 0x00007ffbd7424000 	C:\Windows\SYSTEM32\WINMM.dll
0x00007ffbd4c20000 - 0x00007ffbd4c2a000 	C:\Windows\SYSTEM32\VERSION.dll
0x00007ffbde970000 - 0x00007ffbde983000 	C:\Windows\SYSTEM32\UMPDC.dll
0x00007ffbdec30000 - 0x00007ffbdec48000 	C:\Windows\SYSTEM32\kernel.appcore.dll
0x00007ffbad1d0000 - 0x00007ffbad1da000 	D:\Java\ms-17.0.15\bin\jimage.dll
0x00007ffbdd100000 - 0x00007ffbdd332000 	C:\Windows\SYSTEM32\DBGHELP.DLL
0x00007ffbe2650000 - 0x00007ffbe29e2000 	C:\Windows\System32\combase.dll
0x00007ffbe2310000 - 0x00007ffbe23e7000 	C:\Windows\System32\OLEAUT32.dll
0x00007ffbd1d40000 - 0x00007ffbd1d72000 	C:\Windows\SYSTEM32\dbgcore.DLL
0x00007ffbdfdb0000 - 0x00007ffbdfe2b000 	C:\Windows\System32\bcryptPrimitives.dll
0x00007ffb98940000 - 0x00007ffb98965000 	D:\Java\ms-17.0.15\bin\java.dll
0x00007ffb6a910000 - 0x00007ffb6a9e6000 	D:\Java\ms-17.0.15\bin\jsvml.dll
0x00007ffbe14a0000 - 0x00007ffbe1d36000 	C:\Windows\System32\SHELL32.dll
0x00007ffbdfe30000 - 0x00007ffbdff6f000 	C:\Windows\System32\wintypes.dll
0x00007ffbdda20000 - 0x00007ffbde33a000 	C:\Windows\SYSTEM32\windows.storage.dll
0x00007ffbe0b70000 - 0x00007ffbe0c7a000 	C:\Windows\System32\SHCORE.dll
0x00007ffbe0b00000 - 0x00007ffbe0b63000 	C:\Windows\System32\shlwapi.dll
0x00007ffbdfa70000 - 0x00007ffbdfa9b000 	C:\Windows\SYSTEM32\profapi.dll
0x00007ffb9d880000 - 0x00007ffb9d89a000 	D:\Java\ms-17.0.15\bin\net.dll
0x00007ffbd95f0000 - 0x00007ffbd971c000 	C:\Windows\SYSTEM32\WINHTTP.dll
0x00007ffbdf0e0000 - 0x00007ffbdf14a000 	C:\Windows\system32\mswsock.dll
0x00007ffb9cac0000 - 0x00007ffb9cad6000 	D:\Java\ms-17.0.15\bin\nio.dll
0x00007ffb9b1c0000 - 0x00007ffb9b1d8000 	D:\Java\ms-17.0.15\bin\zip.dll
0x00007ffbad190000 - 0x00007ffbad1a0000 	D:\Java\ms-17.0.15\bin\verify.dll
0x00007ffb97c10000 - 0x00007ffb97c37000 	D:\Projects\kotlinApp\gradle\native\e1d6ef7f7dcc3fd88c89a11ec53ec762bb8ba0a96d01ffa2cd45eb1d1d8dd5c5\windows-amd64\native-platform.dll
0x00007ffb714e0000 - 0x00007ffb71624000 	D:\Projects\kotlinApp\gradle\native\0d407fdbe67a94daf76414ababcb853783967236a71b16ec16e742cd7a986fd3\windows-amd64\native-platform-file-events.dll
0x00007ffbacf20000 - 0x00007ffbacf2a000 	D:\Java\ms-17.0.15\bin\management.dll
0x00007ffbabf60000 - 0x00007ffbabf6b000 	D:\Java\ms-17.0.15\bin\management_ext.dll
0x00007ffbe1280000 - 0x00007ffbe1288000 	C:\Windows\System32\PSAPI.DLL
0x00007ffbdf330000 - 0x00007ffbdf34b000 	C:\Windows\SYSTEM32\CRYPTSP.dll
0x00007ffbdeb90000 - 0x00007ffbdebc7000 	C:\Windows\system32\rsaenh.dll
0x00007ffbdf1d0000 - 0x00007ffbdf1f8000 	C:\Windows\SYSTEM32\USERENV.dll
0x00007ffbdf350000 - 0x00007ffbdf35c000 	C:\Windows\SYSTEM32\CRYPTBASE.dll
0x00007ffbde650000 - 0x00007ffbde67d000 	C:\Windows\SYSTEM32\IPHLPAPI.DLL
0x00007ffbe0df0000 - 0x00007ffbe0df9000 	C:\Windows\System32\NSI.dll
0x00007ffbd9060000 - 0x00007ffbd9079000 	C:\Windows\SYSTEM32\dhcpcsvc6.DLL
0x00007ffbd8cf0000 - 0x00007ffbd8d0f000 	C:\Windows\SYSTEM32\dhcpcsvc.DLL
0x00007ffbde6d0000 - 0x00007ffbde7d2000 	C:\Windows\SYSTEM32\DNSAPI.dll
0x00007ffba5b20000 - 0x00007ffba5b29000 	D:\Java\ms-17.0.15\bin\extnet.dll
0x00007ffba5ab0000 - 0x00007ffba5abe000 	D:\Java\ms-17.0.15\bin\sunmscapi.dll
0x00007ffbdffa0000 - 0x00007ffbe0107000 	C:\Windows\System32\CRYPT32.dll
0x00007ffbdf4f0000 - 0x00007ffbdf51d000 	C:\Windows\SYSTEM32\ncrypt.dll
0x00007ffbdf4b0000 - 0x00007ffbdf4e7000 	C:\Windows\SYSTEM32\NTASN1.dll
0x00007ffbb7e90000 - 0x00007ffbb7e98000 	C:\Windows\system32\wshunix.dll

dbghelp: loaded successfully - version: 4.0.5 - missing functions: none
symbol engine: initialized successfully - sym options: 0x614 - pdb path: .;D:\Java\ms-17.0.15\bin;C:\Windows\SYSTEM32;C:\Windows\WinSxS\amd64_microsoft.windows.common-controls_6595b64144ccf1df_6.0.22621.5124_none_270e8f4f7386d69d;D:\Java\ms-17.0.15\bin\server;D:\Projects\kotlinApp\gradle\native\e1d6ef7f7dcc3fd88c89a11ec53ec762bb8ba0a96d01ffa2cd45eb1d1d8dd5c5\windows-amd64;D:\Projects\kotlinApp\gradle\native\0d407fdbe67a94daf76414ababcb853783967236a71b16ec16e742cd7a986fd3\windows-amd64

VM Arguments:
jvm_args: --add-opens=java.base/java.util=ALL-UNNAMED --add-opens=java.base/java.lang=ALL-UNNAMED --add-opens=java.base/java.lang.invoke=ALL-UNNAMED --add-opens=java.base/java.util=ALL-UNNAMED --add-opens=java.prefs/java.util.prefs=ALL-UNNAMED --add-opens=java.prefs/java.util.prefs=ALL-UNNAMED --add-opens=java.base/java.nio.charset=ALL-UNNAMED --add-opens=java.base/java.net=ALL-UNNAMED --add-opens=java.base/java.util.concurrent.atomic=ALL-UNNAMED -Xmx2048m -Dfile.encoding=UTF-8 -Duser.country=US -Duser.language=en -Duser.variant 
java_command: org.gradle.launcher.daemon.bootstrap.GradleDaemon 7.5
java_class_path (initial): D:\Projects\kotlinApp\gradle\wrapper\dists\gradle-7.5-bin\f1w0cc9nuo0eivz97x2xlu9sv\gradle-7.5\lib\gradle-launcher-7.5.jar
Launcher Type: SUN_STANDARD

[Global flags]
     intx CICompilerCount                          = 15                                        {product} {ergonomic}
     uint ConcGCThreads                            = 6                                         {product} {ergonomic}
     uint G1ConcRefinementThreads                  = 23                                        {product} {ergonomic}
   size_t G1HeapRegionSize                         = 1048576                                   {product} {ergonomic}
    uintx GCDrainStackTargetSize                   = 64                                        {product} {ergonomic}
   size_t InitialHeapSize                          = 264241152                                 {product} {ergonomic}
   size_t MarkStackSize                            = 4194304                                   {product} {ergonomic}
   size_t MaxHeapSize                              = 2147483648                                {product} {command line}
   size_t MaxNewSize                               = 1287651328                                {product} {ergonomic}
   size_t MinHeapDeltaBytes                        = 1048576                                   {product} {ergonomic}
   size_t MinHeapSize                              = 8388608                                   {product} {ergonomic}
    uintx NonNMethodCodeHeapSize                   = 8192380                                {pd product} {ergonomic}
    uintx NonProfiledCodeHeapSize                  = 121732930                              {pd product} {ergonomic}
    uintx ProfiledCodeHeapSize                     = 121732930                              {pd product} {ergonomic}
    uintx ReservedCodeCacheSize                    = 251658240                              {pd product} {ergonomic}
     bool SegmentedCodeCache                       = true                                      {product} {ergonomic}
   size_t SoftMaxHeapSize                          = 2147483648                             {manageable} {ergonomic}
     bool UseCompressedClassPointers               = true                           {product lp64_product} {ergonomic}
     bool UseCompressedOops                        = true                           {product lp64_product} {ergonomic}
     bool UseG1GC                                  = true                                      {product} {ergonomic}
     bool UseLargePagesIndividualAllocation        = false                                  {pd product} {ergonomic}

Logging:
Log output configuration:
 #0: stdout all=warning uptime,level,tags
 #1: stderr all=off uptime,level,tags

Environment Variables:
JAVA_HOME=D:\Java\java-se-8u44-ri
PATH=C:\Program Files\Common Files\Oracle\Java\javapath;C:\Windows\system32;C:\Windows;C:\Windows\System32\Wbem;C:\Windows\System32\WindowsPowerShell\v1.0\;C:\Windows\System32\OpenSSH\;C:\Program Files (x86)\NVIDIA Corporation\PhysX\Common;C:\Program Files\NVIDIA Corporation\NVIDIA NvDLISR;C:\Program Files\dotnet\;C:\Program Files\Git\cmd;C:\Program Files\nodejs\;C:\ProgramData\chocolatey\bin;C:\Program Files\Docker\Docker\resources\bin;D:\PuTTY\;C:\Users\theja\AppData\Local\Android\Sdk\platform-tools;D:\hadoop-3.3.6;D:\Topaz Labs LLC\Topaz Gigapixel AI\bin\;d:\cursor\resources\app\bin;C:\Users\theja\AppData\Local\Programs\Python\Launcher\;C:\Users\theja\AppData\Local\Microsoft\WindowsApps;C:\Users\theja\.dotnet\tools;C:\Users\theja\AppData\Roaming\npm;C:\Users\theja\AppData\Local\Programs\Ollama;C:\Users\theja\AppData\Local\Programs\Microsoft VS Code\bin;D:\Microsoft VS Code Insiders\bin;C:\Users\theja\AppData\Local\Android\Sdk\platform-tools;D:\hadoop-3.3.6;D:\hbase-1.4.9-bin\hbase-1.4.9;D:\Java\java-se-8u44-ri;D:\Java\java-se-8u44-ri\bin;D:\hadoop-3.3.6\bin;D:\cursor\resources\app\bin
USERNAME=theja
OS=Windows_NT
PROCESSOR_IDENTIFIER=Intel64 Family 6 Model 183 Stepping 1, GenuineIntel
TMP=C:\Users\theja\AppData\Local\Temp
TEMP=C:\Users\theja\AppData\Local\Temp



Periodic native trim disabled


---------------  S Y S T E M  ---------------

OS:
 Windows 11 , 64 bit Build 22621 (10.0.22621.5124)
OS uptime: 4 days 7:18 hours
Hyper-V role detected

CPU: total 32 (initial active 32) (16 cores per cpu, 2 threads per core) family 6 model 183 stepping 1 microcode 0x120, cx8, cmov, fxsr, ht, mmx, 3dnowpref, sse, sse2, sse3, ssse3, sse4.1, sse4.2, popcnt, lzcnt, tsc, tscinvbit, avx, avx2, aes, erms, clmul, bmi1, bmi2, adx, sha, fma, vzeroupper, clflush, clflushopt, clwb, hv
Processor Information for processor 0
  Max Mhz: 2200, Current Mhz: 2200, Mhz Limit: 2200
Processor Information for processor 1
  Max Mhz: 2200, Current Mhz: 2200, Mhz Limit: 2200
Processor Information for processor 2
  Max Mhz: 2200, Current Mhz: 2200, Mhz Limit: 2200
Processor Information for processor 3
  Max Mhz: 2200, Current Mhz: 2200, Mhz Limit: 2200
Processor Information for processor 4
  Max Mhz: 2200, Current Mhz: 2200, Mhz Limit: 2200
Processor Information for processor 5
  Max Mhz: 2200, Current Mhz: 2200, Mhz Limit: 2200
Processor Information for processor 6
  Max Mhz: 2200, Current Mhz: 2200, Mhz Limit: 2200
Processor Information for processor 7
  Max Mhz: 2200, Current Mhz: 2200, Mhz Limit: 2200
Processor Information for processor 8
  Max Mhz: 2200, Current Mhz: 2200, Mhz Limit: 2200
Processor Information for processor 9
  Max Mhz: 2200, Current Mhz: 2200, Mhz Limit: 2200
Processor Information for processor 10
  Max Mhz: 2200, Current Mhz: 2200, Mhz Limit: 2200
Processor Information for processor 11
  Max Mhz: 2200, Current Mhz: 2200, Mhz Limit: 2200
Processor Information for processor 12
  Max Mhz: 2200, Current Mhz: 2200, Mhz Limit: 2200
Processor Information for processor 13
  Max Mhz: 2200, Current Mhz: 2200, Mhz Limit: 2200
Processor Information for processor 14
  Max Mhz: 2200, Current Mhz: 2200, Mhz Limit: 2200
Processor Information for processor 15
  Max Mhz: 2200, Current Mhz: 2200, Mhz Limit: 2200
Processor Information for processor 16
  Max Mhz: 2200, Current Mhz: 2200, Mhz Limit: 2200
Processor Information for processor 17
  Max Mhz: 2200, Current Mhz: 1512, Mhz Limit: 2200
Processor Information for processor 18
  Max Mhz: 2200, Current Mhz: 2200, Mhz Limit: 2200
Processor Information for processor 19
  Max Mhz: 2200, Current Mhz: 1512, Mhz Limit: 2200
Processor Information for processor 20
  Max Mhz: 2200, Current Mhz: 2200, Mhz Limit: 2200
Processor Information for processor 21
  Max Mhz: 2200, Current Mhz: 2200, Mhz Limit: 2200
Processor Information for processor 22
  Max Mhz: 2200, Current Mhz: 2200, Mhz Limit: 2200
Processor Information for processor 23
  Max Mhz: 2200, Current Mhz: 2200, Mhz Limit: 2200
Processor Information for processor 24
  Max Mhz: 2200, Current Mhz: 2200, Mhz Limit: 2200
Processor Information for processor 25
  Max Mhz: 2200, Current Mhz: 2200, Mhz Limit: 2200
Processor Information for processor 26
  Max Mhz: 2200, Current Mhz: 2200, Mhz Limit: 2200
Processor Information for processor 27
  Max Mhz: 2200, Current Mhz: 1512, Mhz Limit: 2200
Processor Information for processor 28
  Max Mhz: 2200, Current Mhz: 2200, Mhz Limit: 2200
Processor Information for processor 29
  Max Mhz: 2200, Current Mhz: 2200, Mhz Limit: 2200
Processor Information for processor 30
  Max Mhz: 2200, Current Mhz: 1512, Mhz Limit: 2200
Processor Information for processor 31
  Max Mhz: 2200, Current Mhz: 2200, Mhz Limit: 2200

Memory: 4k page, system-wide physical 16088M (1375M free)
TotalPageFile size 39640M (AvailPageFile size 9391M)
current process WorkingSet (physical memory assigned to process): 314M, peak: 314M
current process commit charge ("private bytes"): 389M, peak: 498M

vm_info: OpenJDK 64-Bit Server VM (17.0.15+6-LTS) for windows-amd64 JRE (17.0.15+6-LTS), built on Apr  9 2025 22:27:25 by "MicrosoftCorporation" with unknown MS VC++:1939

END.
