#
# A fatal error has been detected by the Java Runtime Environment:
#
#  EXCEPTION_ACCESS_VIOLATION (0xc0000005) at pc=0x00007ffd220af72f, pid=19176, tid=22464
#
# JRE version: OpenJDK Runtime Environment Microsoft-11369865 (17.0.15+6) (build 17.0.15+6-LTS)
# Java VM: OpenJDK 64-Bit Server VM Microsoft-11369865 (17.0.15+6-LTS, mixed mode, sharing, tiered, compressed oops, compressed class ptrs, g1 gc, windows-amd64)
# Problematic frame:
# V  [jvm.dll+0x1cf72f]
#
# No core dump will be written. Minidumps are not enabled by default on client versions of Windows
#
# If you would like to submit a bug report, please visit:
#   https://github.com/microsoft/openjdk/issues
#

---------------  S U M M A R Y ------------

Command Line: --add-opens=java.base/java.util=ALL-UNNAMED --add-opens=java.base/java.lang=ALL-UNNAMED --add-opens=java.base/java.lang.invoke=ALL-UNNAMED --add-opens=java.base/java.util=ALL-UNNAMED --add-opens=java.prefs/java.util.prefs=ALL-UNNAMED --add-opens=java.prefs/java.util.prefs=ALL-UNNAMED --add-opens=java.base/java.nio.charset=ALL-UNNAMED --add-opens=java.base/java.net=ALL-UNNAMED --add-opens=java.base/java.util.concurrent.atomic=ALL-UNNAMED -Xmx2048m -Dfile.encoding=UTF-8 -Duser.country=US -Duser.language=en -Duser.variant org.gradle.launcher.daemon.bootstrap.GradleDaemon 7.2

Host: Intel(R) Core(TM) i9-14900HX, 32 cores, 15G,  Windows 11 , 64 bit Build 22621 (10.0.22621.5124)
Time: Thu Apr 24 18:27:32 2025 Eastern Daylight Time elapsed time: 401.247146 seconds (0d 0h 6m 41s)

---------------  T H R E A D  ---------------

Current thread (0x0000015f1c25ae30):  JavaThread "C2 CompilerThread1" daemon [_thread_in_vm, id=22464, stack(0x000000435fa00000,0x000000435fb00000)]


Current CompileTask:
C2: 401247 53044   !   4       com.sun.xml.bind.v2.runtime.unmarshaller.StructureLoader::startElement (434 bytes)

Stack: [0x000000435fa00000,0x000000435fb00000],  sp=0x000000435fafc250,  free space=1008k
Native frames: (J=compiled Java code, j=interpreted, Vv=VM code, C=native code)
V  [jvm.dll+0x1cf72f]
V  [jvm.dll+0x127781]
V  [jvm.dll+0x127f2e]
V  [jvm.dll+0x12816a]
V  [jvm.dll+0x127a32]
V  [jvm.dll+0x2ae2dc]
V  [jvm.dll+0x2affc3]
V  [jvm.dll+0x6a132a]
V  [jvm.dll+0x6991c3]
V  [jvm.dll+0x698a50]
V  [jvm.dll+0x696862]
V  [jvm.dll+0x1a858c]
V  [jvm.dll+0x2b0040]
V  [jvm.dll+0x6a132a]
V  [jvm.dll+0x6991c3]
V  [jvm.dll+0x698a50]
V  [jvm.dll+0x696862]
V  [jvm.dll+0x1a858c]
V  [jvm.dll+0x2b0040]
V  [jvm.dll+0x6a132a]
V  [jvm.dll+0x6991c3]
V  [jvm.dll+0x698a50]
V  [jvm.dll+0x696862]
V  [jvm.dll+0x1a858c]
V  [jvm.dll+0x1a912d]
V  [jvm.dll+0x2b0040]
V  [jvm.dll+0x6a132a]
V  [jvm.dll+0x6991c3]
V  [jvm.dll+0x698a50]
V  [jvm.dll+0x696862]
V  [jvm.dll+0x1a858c]
V  [jvm.dll+0x2198e8]
V  [jvm.dll+0x1a55f6]
V  [jvm.dll+0x22a39a]
V  [jvm.dll+0x2284db]
V  [jvm.dll+0x7f4e28]
V  [jvm.dll+0x7ef2dc]
V  [jvm.dll+0x687687]
C  [ucrtbase.dll+0x29333]
C  [KERNEL32.DLL+0x1259d]
C  [ntdll.dll+0x5af38]


siginfo: EXCEPTION_ACCESS_VIOLATION (0xc0000005), writing address 0x0000000000000000


Registers:
RAX=0x0000000000000000, RBX=0x0000015f1c25ae30, RCX=0x0000015f1c25b0c8, RDX=0x0000015f1c25b0c8
RSP=0x000000435fafc250, RBP=0x0000015f1a2dac90, RSI=0x0000000000000000, RDI=0x000000435faff9b0
R8 =0x0000015f2daae5a8, R9 =0x0000000000000002, R10=0x0000015f282d2fe0, R11=0x0000015ecb427950
R12=0x0000015f117ba080, R13=0x000000435fafc452, R14=0x0000015f1a2de9b8, R15=0x000000435fafc4a0
RIP=0x00007ffd220af72f, EFLAGS=0x0000000000010246

XMM[0]=0x0000000000000000 0x40c1e50000000000
XMM[1]=0x0000000000000000 0x40c2680000000000
XMM[2]=0x0000000000000000 0x40c2684000000000
XMM[3]=0x0000015f21699068 0x0000015f21698b00
XMM[4]=0x0000015f2169a7a8 0x0000015f2169a2e0
XMM[5]=0x009a1b3c00a3b800 0x01eaec0a00a700a2
XMM[6]=0x0000000000000000 0x0000000045860800
XMM[7]=0x0000000000000000 0x000000003ee904c8
XMM[8]=0x0000000000000000 0x0000000000000000
XMM[9]=0x0000000000000000 0x0000000000000000
XMM[10]=0x0000000000000000 0x0000000000000000
XMM[11]=0x0000000000000000 0x0000000000000000
XMM[12]=0x0000000000000000 0x0000000000000000
XMM[13]=0x0000000000000000 0x0000000000000000
XMM[14]=0x0000000000000000 0x0000000000000000
XMM[15]=0x0000000000000000 0x0000000000000000
  MXCSR=0x00001fa0


Register to memory mapping:

RIP=0x00007ffd220af72f jvm.dll
RAX=0x0 is NULL
RBX=0x0000015f1c25ae30 is a thread
RCX=0x0000015f1c25b0c8 points into unknown readable memory: 0x0000000000000000 | 00 00 00 00 00 00 00 00
RDX=0x0000015f1c25b0c8 points into unknown readable memory: 0x0000000000000000 | 00 00 00 00 00 00 00 00
RSP=0x000000435fafc250 is pointing into the stack for thread: 0x0000015f1c25ae30
RBP=0x0000015f1a2dac90 points into unknown readable memory: 0x00007ffd2281d060 | 60 d0 81 22 fd 7f 00 00
RSI=0x0 is NULL
RDI=0x000000435faff9b0 is pointing into the stack for thread: 0x0000015f1c25ae30
R8 =0x0000015f2daae5a8 is pointing into metadata
R9 =0x0000000000000002 is an unknown value
R10=0x0000015f282d2fe0 points into unknown readable memory: 0x0000001e00000001 | 01 00 00 00 1e 00 00 00
R11={method} {0x0000015ecb427958} 'hashCode' '()I' in 'java/lang/String'
R12=0x0000015f117ba080 points into unknown readable memory: 0x0000015f117b9e80 | 80 9e 7b 11 5f 01 00 00
R13=0x000000435fafc452 is pointing into the stack for thread: 0x0000015f1c25ae30
R14=0x0000015f1a2de9b8 points into unknown readable memory: 0x0000015eca9733e0 | e0 33 97 ca 5e 01 00 00
R15=0x000000435fafc4a0 is pointing into the stack for thread: 0x0000015f1c25ae30


Top of Stack: (sp=0x000000435fafc250)
0x000000435fafc250:   000000435fafc4a0 0000015f1a2de9b8
0x000000435fafc260:   0000015f1c25ae30 00007ffd221164e2
0x000000435fafc270:   000000435fafe9a0 00007ffd22007781
0x000000435fafc280:   0000015f1a2de990 0000015f1a2dac90
0x000000435fafc290:   0000000000000001 0000015f1c25ae30
0x000000435fafc2a0:   0000015f1a2de990 00007ffd22007f2e
0x000000435fafc2b0:   0000015f117b9ec0 0000000000000001
0x000000435fafc2c0:   0000000000000001 0000000000000001
0x000000435fafc2d0:   000000000000003c 00007ffd2200816a
0x000000435fafc2e0:   0000000000000001 0000015f117b9ec0
0x000000435fafc2f0:   0000015f1a2de990 0000015f1a2dac90
0x000000435fafc300:   0000000000000271 00007ffd220ae1f0
0x000000435fafc310:   0000015f117ba080 0000000000000001
0x000000435fafc320:   0000015f117ba080 000000435fafc4a0
0x000000435fafc330:   0000000000000000 00007ffd22007a32
0x000000435fafc340:   0000015f117b9ec0 0000015f1a2de990
0x000000435fafc350:   0000015f1a2dac90 00007ffd00000001
0x000000435fafc360:   0000015f117ba080 000000435fafc4a0
0x000000435fafc370:   000000435fafc452 0000015f1a2deb08
0x000000435fafc380:   0000015f176d2750 0000015f176da738
0x000000435fafc390:   0000015f176d96f0 0000015f1a2debb0
0x000000435fafc3a0:   0000000000000000 00007ffd2200766a
0x000000435fafc3b0:   00000000000023ca 00007ffd220b0ddd
0x000000435fafc3c0:   0000015f117ba080 000000435fafe9a0
0x000000435fafc3d0:   0000015f117ba080 000000435fafe9a0
0x000000435fafc3e0:   0000000000000001 0000015f1a2dac90
0x000000435fafc3f0:   0000000000000000 00007ffd2218e2dc
0x000000435fafc400:   00000000000023ca 000000435fafc500
0x000000435fafc410:   0000015f1a2de990 0000004300000000
0x000000435fafc420:   000000435fafc452 0000000000000050
0x000000435fafc430:   000000000000003d 00007ffd220a4871
0x000000435fafc440:   000000008ca00000 0000015ecb00e9f0 

Instructions: (pc=0x00007ffd220af72f)
0x00007ffd220af62f:   90 40 0f b6 c6 48 8b 74 24 38 c7 83 40 03 00 00
0x00007ffd220af63f:   04 00 00 00 48 8b 5c 24 30 48 83 c4 20 5f c3 cc
0x00007ffd220af64f:   cc 48 89 5c 24 08 48 89 74 24 10 57 48 83 ec 20
0x00007ffd220af65f:   65 48 8b 04 25 58 00 00 00 48 8b f9 8b 15 47 3f
0x00007ffd220af66f:   a0 00 48 8b 1c d0 b8 50 00 00 00 80 3c 18 00 75
0x00007ffd220af67f:   05 e8 33 b8 6c 00 b8 20 00 00 00 48 8b 1c 18 c7
0x00007ffd220af68f:   83 40 03 00 00 05 00 00 00 e8 63 9f 4a 00 90 48
0x00007ffd220af69f:   8b 83 48 03 00 00 a8 01 74 0a b2 01 48 8b cb e8
0x00007ffd220af6af:   dd a7 51 00 83 bb 34 03 00 00 00 75 0a 8b 83 30
0x00007ffd220af6bf:   03 00 00 a8 0c 74 0a 33 d2 48 8b cb e8 20 23 62
0x00007ffd220af6cf:   00 c7 83 40 03 00 00 06 00 00 00 48 8b 4f 10 e8
0x00007ffd220af6df:   ed a2 46 00 48 8b bb e8 00 00 00 0f b6 f0 48 8b
0x00007ffd220af6ef:   4f 10 48 83 39 00 74 08 48 8b cf e8 41 2e 18 00
0x00007ffd220af6ff:   48 8b 4f 08 48 8b 47 10 48 89 41 10 48 8b 4f 08
0x00007ffd220af70f:   48 8b 47 18 48 89 41 18 48 8b 4f 08 48 8b 47 20
0x00007ffd220af71f:   48 89 41 20 48 8d 8b 98 02 00 00 e8 21 12 10 00
0x00007ffd220af72f:   90 40 0f b6 c6 48 8b 74 24 38 c7 83 40 03 00 00
0x00007ffd220af73f:   04 00 00 00 48 8b 5c 24 30 48 83 c4 20 5f c3 cc
0x00007ffd220af74f:   cc 48 89 5c 24 08 48 89 6c 24 10 48 89 74 24 18
0x00007ffd220af75f:   57 48 83 ec 20 65 48 8b 04 25 58 00 00 00 41 0f
0x00007ffd220af76f:   b6 f8 44 8b 0d 40 3e a0 00 8b f2 48 8b e9 4a 8b
0x00007ffd220af77f:   1c c8 b8 50 00 00 00 80 3c 18 00 75 05 e8 27 b7
0x00007ffd220af78f:   6c 00 b8 20 00 00 00 48 8b 1c 18 c7 83 40 03 00
0x00007ffd220af79f:   00 05 00 00 00 e8 57 9e 4a 00 90 48 8b 83 48 03
0x00007ffd220af7af:   00 00 a8 01 74 0a b2 01 48 8b cb e8 d1 a6 51 00
0x00007ffd220af7bf:   83 bb 34 03 00 00 00 75 0a 8b 83 30 03 00 00 a8
0x00007ffd220af7cf:   0c 74 0a 33 d2 48 8b cb e8 14 22 62 00 c7 83 40
0x00007ffd220af7df:   03 00 00 06 00 00 00 44 0f b6 c7 48 8b 4d 10 8b
0x00007ffd220af7ef:   d6 e8 2b a2 46 00 48 8b bb e8 00 00 00 0f b6 f0
0x00007ffd220af7ff:   48 8b 4f 10 48 83 39 00 74 08 48 8b cf e8 2f 2d
0x00007ffd220af80f:   18 00 48 8b 4f 08 48 8b 47 10 48 89 41 10 48 8b
0x00007ffd220af81f:   4f 08 48 8b 47 18 48 89 41 18 48 8b 4f 08 48 8b 


Stack slot to memory mapping:
stack at sp + 0 slots: 0x000000435fafc4a0 is pointing into the stack for thread: 0x0000015f1c25ae30
stack at sp + 1 slots: 0x0000015f1a2de9b8 points into unknown readable memory: 0x0000015eca9733e0 | e0 33 97 ca 5e 01 00 00
stack at sp + 2 slots: 0x0000015f1c25ae30 is a thread
stack at sp + 3 slots: 0x00007ffd221164e2 jvm.dll
stack at sp + 4 slots: 0x000000435fafe9a0 is pointing into the stack for thread: 0x0000015f1c25ae30
stack at sp + 5 slots: 0x00007ffd22007781 jvm.dll
stack at sp + 6 slots: 0x0000015f1a2de990 points into unknown readable memory: 0x00007ffd2281d060 | 60 d0 81 22 fd 7f 00 00
stack at sp + 7 slots: 0x0000015f1a2dac90 points into unknown readable memory: 0x00007ffd2281d060 | 60 d0 81 22 fd 7f 00 00


---------------  P R O C E S S  ---------------

Threads class SMR info:
_java_thread_list=0x0000015f2711a010, length=225, elements={
0x0000015eaa2ae590, 0x0000015eca033b10, 0x0000015eca034990, 0x0000015eca0484d0,
0x0000015eca049090, 0x0000015eca04cb70, 0x0000015eca04e540, 0x0000015eca04f2e0,
0x0000015eca04fd90, 0x0000015eca0527a0, 0x0000015ecaba4840, 0x0000015ecaba6570,
0x0000015f123e6630, 0x0000015f10f41ad0, 0x0000015f12ab97f0, 0x0000015f10140ee0,
0x0000015f101409d0, 0x0000015f101404c0, 0x0000015f10141e10, 0x0000015f10142320,
0x0000015f1723ea30, 0x0000015f17243b30, 0x0000015f1723e520, 0x0000015f17240da0,
0x0000015f1723ef40, 0x0000015f1723fe70, 0x0000015f172417c0, 0x0000015f17244040,
0x0000015f1723cbd0, 0x0000015f1723e010, 0x0000015f1723f450, 0x0000015f1723f960,
0x0000015f172412b0, 0x0000015f17242c00, 0x0000015f17240380, 0x0000015f17240890,
0x0000015f17241cd0, 0x0000015f172421e0, 0x0000015f172426f0, 0x0000015f17243110,
0x0000015f17243620, 0x0000015f1723db00, 0x0000015f1472f130, 0x0000015f1472cdc0,
0x0000015f14734230, 0x0000015f14730a80, 0x0000015f147314a0, 0x0000015f1472e200,
0x0000015f14734740, 0x0000015f147323d0, 0x0000015f14733300, 0x0000015f14730570,
0x0000015f14733810, 0x0000015f14733d20, 0x0000015f14382fd0, 0x0000015f1b1cd880,
0x0000015f1b1ce7b0, 0x0000015f1b1cecc0, 0x0000015f1b1c96b0, 0x0000015f1aefd540,
0x0000015f1aefdf60, 0x0000015f1aefa2a0, 0x0000015f1aefd030, 0x0000015f1aefa7b0,
0x0000015f1aef9d90, 0x0000015f1aefc100, 0x0000015f1aefacc0, 0x0000015f1aef9880,
0x0000015f1aefb1d0, 0x0000015f1aefb6e0, 0x0000015f1c25ae30, 0x0000015f1c25be20,
0x0000015f17aeea30, 0x0000015f1aef8950, 0x0000015f1aefee90, 0x0000015f1aef8e60,
0x0000015f1aef7f30, 0x0000015f1aefcb20, 0x0000015f1af007e0, 0x0000015f1aef9370,
0x0000015f1af01c20, 0x0000015f1aeff8b0, 0x0000015f1af049b0, 0x0000015f1aeffdc0,
0x0000015f1af02130, 0x0000015f1af04ec0, 0x0000015f1af00cf0, 0x0000015f1aefe470,
0x0000015f1af07230, 0x0000015f1af06810, 0x0000015f1af01200, 0x0000015f1af053d0,
0x0000015f1af05df0, 0x0000015f1af03060, 0x0000015f1af06300, 0x0000015f1af01710,
0x0000015f1af03570, 0x0000015f1af06d20, 0x0000015f1af02b50, 0x0000015f1af03a80,
0x0000015f1af002d0, 0x0000015f1af07c50, 0x0000015f1af0be20, 0x0000015f1af08160,
0x0000015f1af0b400, 0x0000015f1af08670, 0x0000015f1af08b80, 0x0000015f1af09fc0,
0x0000015f1af0aef0, 0x0000015f1af0a4d0, 0x0000015f1af0b910, 0x0000015f1af0cd50,
0x0000015f1af0e6a0, 0x0000015f1af0d770, 0x0000015f1af0fae0, 0x0000015f1af10500,
0x0000015f1af11e50, 0x0000015f1af12d80, 0x0000015f1af0ebb0, 0x0000015f1af0f0c0,
0x0000015f1af13290, 0x0000015f1af12870, 0x0000015f1af0f5d0, 0x0000015f1af0c330,
0x0000015f1af137a0, 0x0000015f1af13cb0, 0x0000015f1af10f20, 0x0000015f1af12360,
0x0000015f1af0c840, 0x0000015f1af0fff0, 0x0000015f1af141c0, 0x0000015f1af146d0,
0x0000015f1af10a10, 0x0000015f1af0dc80, 0x0000015f1af15600, 0x0000015f1af11430,
0x0000015f1af11940, 0x0000015f1af0e190, 0x0000015f1af15b10, 0x0000015f1af16020,
0x0000015f1af16530, 0x0000015f1af16a40, 0x0000015f1af16f50, 0x0000015f1af17460,
0x0000015f1af17970, 0x0000015f1b1c6410, 0x0000015f1b1cb000, 0x0000015f1b1c6920,
0x0000015f1b1cc440, 0x0000015f1b1cb510, 0x0000015f1b1cba20, 0x0000015f1b1c4fd0,
0x0000015f1b1cc950, 0x0000015f1b1c7340, 0x0000015f1b1c54e0, 0x0000015f1b1cce60,
0x0000015f1b1c59f0, 0x0000015f1b1ca0d0, 0x0000015f1b1caaf0, 0x0000015f1b1cf1d0,
0x0000015f1b1c8270, 0x0000015f1b1cdd90, 0x0000015f1b1ce2a0, 0x0000015f1b1c7d60,
0x0000015f1b1c9bc0, 0x0000015f1b1cfbf0, 0x0000015f1b1c8780, 0x0000015f1b1d0100,
0x0000015f1b1c8c90, 0x0000015f1b1d0610, 0x0000015f1b1ca5e0, 0x0000015f1b1c91a0,
0x0000015f1b1d2470, 0x0000015f1b1d7570, 0x0000015f1b1d7f90, 0x0000015f1b1d38b0,
0x0000015f1b1d6130, 0x0000015f1b1d2980, 0x0000015f1b1d2e90, 0x0000015f1b1d1a50,
0x0000015f1b1d0b20, 0x0000015f1b1d1030, 0x0000015f1b1d33a0, 0x0000015f1b1d84a0,
0x0000015f1b1d89b0, 0x0000015f1b1d1540, 0x0000015f1b1d8ec0, 0x0000015f1b1d3dc0,
0x0000015f1b1d5710, 0x0000015f1b1d42d0, 0x0000015f1b1d5c20, 0x0000015f1b1d6640,
0x0000015f1b1d6b50, 0x0000015f1b1dfe20, 0x0000015f1b1e0330, 0x0000015f1b1de4d0,
0x0000015f1b1de9e0, 0x0000015f1b1ddfc0, 0x0000015f1b1da300, 0x0000015f1b1db230,
0x0000015f1b1ddab0, 0x0000015f1b1da810, 0x0000015f1b1deef0, 0x0000015f1b1df400,
0x0000015f1b1e0840, 0x0000015f1b1dad20, 0x0000015f1b1dcb80, 0x0000015f1b1d93d0,
0x0000015f1b1e0d50, 0x0000015f1b1d98e0, 0x0000015f1b1e1260, 0x0000015f1b1db740,
0x0000015f1b1dbc50, 0x0000015f1b1d9df0, 0x0000015f1b1e1770, 0x0000015f1b1e1c80,
0x0000015f1b1dd090, 0x0000015f1b1e2190, 0x0000015f1b1e26a0, 0x0000015f15ae6a20,
0x0000015f15ae6f70, 0x0000015f1b1dc160, 0x0000015f1ba73160, 0x0000015f10b1b4f0,
0x0000015f1ba72740
}

Java Threads: ( => current thread )
  0x0000015eaa2ae590 JavaThread "main" [_thread_blocked, id=2480, stack(0x000000435d200000,0x000000435d300000)]
  0x0000015eca033b10 JavaThread "Reference Handler" daemon [_thread_blocked, id=6084, stack(0x000000435d900000,0x000000435da00000)]
  0x0000015eca034990 JavaThread "Finalizer" daemon [_thread_blocked, id=11260, stack(0x000000435da00000,0x000000435db00000)]
  0x0000015eca0484d0 JavaThread "Signal Dispatcher" daemon [_thread_blocked, id=35464, stack(0x000000435db00000,0x000000435dc00000)]
  0x0000015eca049090 JavaThread "Attach Listener" daemon [_thread_blocked, id=2236, stack(0x000000435dc00000,0x000000435dd00000)]
  0x0000015eca04cb70 JavaThread "Service Thread" daemon [_thread_blocked, id=8040, stack(0x000000435dd00000,0x000000435de00000)]
  0x0000015eca04e540 JavaThread "Monitor Deflation Thread" daemon [_thread_blocked, id=29788, stack(0x000000435de00000,0x000000435df00000)]
  0x0000015eca04f2e0 JavaThread "C2 CompilerThread0" daemon [_thread_in_native, id=23080, stack(0x000000435df00000,0x000000435e000000)]
  0x0000015eca04fd90 JavaThread "C1 CompilerThread0" daemon [_thread_blocked, id=5284, stack(0x000000435e000000,0x000000435e100000)]
  0x0000015eca0527a0 JavaThread "Sweeper thread" daemon [_thread_blocked, id=16536, stack(0x000000435e100000,0x000000435e200000)]
  0x0000015ecaba4840 JavaThread "Common-Cleaner" daemon [_thread_blocked, id=12116, stack(0x000000435e600000,0x000000435e700000)]
  0x0000015ecaba6570 JavaThread "Notification Thread" daemon [_thread_blocked, id=26056, stack(0x000000435e700000,0x000000435e800000)]
  0x0000015f123e6630 JavaThread "Daemon health stats" [_thread_blocked, id=14896, stack(0x000000435f200000,0x000000435f300000)]
  0x0000015f10f41ad0 JavaThread "Incoming local TCP Connector on port 54991" [_thread_in_native, id=38348, stack(0x000000435f300000,0x000000435f400000)]
  0x0000015f12ab97f0 JavaThread "Daemon periodic checks" [_thread_blocked, id=35184, stack(0x000000435f400000,0x000000435f500000)]
  0x0000015f10140ee0 JavaThread "Cache worker for journal cache (D:\Projects\kotlinApp\gradle\caches\journal-1)" [_thread_blocked, id=25976, stack(0x000000435fc00000,0x000000435fd00000)]
  0x0000015f101409d0 JavaThread "File lock request listener" [_thread_in_native, id=28408, stack(0x000000435fd00000,0x000000435fe00000)]
  0x0000015f101404c0 JavaThread "Cache worker for file hash cache (D:\Projects\kotlinApp\gradle\caches\7.2\fileHashes)" [_thread_blocked, id=35316, stack(0x000000435fe00000,0x000000435ff00000)]
  0x0000015f10141e10 JavaThread "File watcher server" daemon [_thread_in_native, id=34536, stack(0x0000004360000000,0x0000004360100000)]
  0x0000015f10142320 JavaThread "File watcher consumer" daemon [_thread_blocked, id=35336, stack(0x0000004360100000,0x0000004360200000)]
  0x0000015f1723ea30 JavaThread "jar transforms" [_thread_blocked, id=37976, stack(0x000000435e900000,0x000000435ea00000)]
  0x0000015f17243b30 JavaThread "jar transforms Thread 2" [_thread_blocked, id=32156, stack(0x000000435ea00000,0x000000435eb00000)]
  0x0000015f1723e520 JavaThread "jar transforms Thread 3" [_thread_blocked, id=20232, stack(0x000000435eb00000,0x000000435ec00000)]
  0x0000015f17240da0 JavaThread "jar transforms Thread 4" [_thread_blocked, id=14128, stack(0x000000435f100000,0x000000435f200000)]
  0x0000015f1723ef40 JavaThread "jar transforms Thread 5" [_thread_blocked, id=34372, stack(0x0000004360200000,0x0000004360300000)]
  0x0000015f1723fe70 JavaThread "jar transforms Thread 6" [_thread_blocked, id=17796, stack(0x0000004360300000,0x0000004360400000)]
  0x0000015f172417c0 JavaThread "jar transforms Thread 7" [_thread_blocked, id=3400, stack(0x0000004360400000,0x0000004360500000)]
  0x0000015f17244040 JavaThread "jar transforms Thread 8" [_thread_blocked, id=13152, stack(0x0000004360500000,0x0000004360600000)]
  0x0000015f1723cbd0 JavaThread "jar transforms Thread 9" [_thread_blocked, id=22368, stack(0x0000004360600000,0x0000004360700000)]
  0x0000015f1723e010 JavaThread "jar transforms Thread 10" [_thread_blocked, id=33372, stack(0x0000004360700000,0x0000004360800000)]
  0x0000015f1723f450 JavaThread "jar transforms Thread 11" [_thread_blocked, id=35156, stack(0x0000004360800000,0x0000004360900000)]
  0x0000015f1723f960 JavaThread "jar transforms Thread 12" [_thread_blocked, id=21472, stack(0x0000004360900000,0x0000004360a00000)]
  0x0000015f172412b0 JavaThread "jar transforms Thread 13" [_thread_blocked, id=38600, stack(0x0000004360a00000,0x0000004360b00000)]
  0x0000015f17242c00 JavaThread "jar transforms Thread 14" [_thread_blocked, id=14944, stack(0x0000004360b00000,0x0000004360c00000)]
  0x0000015f17240380 JavaThread "jar transforms Thread 15" [_thread_blocked, id=35308, stack(0x0000004360c00000,0x0000004360d00000)]
  0x0000015f17240890 JavaThread "jar transforms Thread 16" [_thread_blocked, id=34840, stack(0x0000004360d00000,0x0000004360e00000)]
  0x0000015f17241cd0 JavaThread "jar transforms Thread 17" [_thread_blocked, id=6324, stack(0x0000004360e00000,0x0000004360f00000)]
  0x0000015f172421e0 JavaThread "jar transforms Thread 18" [_thread_blocked, id=38412, stack(0x0000004360f00000,0x0000004361000000)]
  0x0000015f172426f0 JavaThread "jar transforms Thread 19" [_thread_blocked, id=19288, stack(0x0000004361000000,0x0000004361100000)]
  0x0000015f17243110 JavaThread "jar transforms Thread 20" [_thread_blocked, id=21556, stack(0x0000004361100000,0x0000004361200000)]
  0x0000015f17243620 JavaThread "jar transforms Thread 21" [_thread_blocked, id=38080, stack(0x0000004361200000,0x0000004361300000)]
  0x0000015f1723db00 JavaThread "Cache worker for execution history cache (D:\Projects\kotlinApp\gradle\caches\7.2\executionHistory)" [_thread_blocked, id=17248, stack(0x0000004362e00000,0x0000004362f00000)]
  0x0000015f1472f130 JavaThread "jar transforms Thread 22" [_thread_blocked, id=12768, stack(0x0000004363100000,0x0000004363200000)]
  0x0000015f1472cdc0 JavaThread "jar transforms Thread 23" [_thread_blocked, id=38648, stack(0x0000004363200000,0x0000004363300000)]
  0x0000015f14734230 JavaThread "Cache worker for file content cache (D:\Projects\kotlinApp\gradle\caches\7.2\fileContent)" [_thread_blocked, id=19568, stack(0x0000004363300000,0x0000004363400000)]
  0x0000015f14730a80 JavaThread "jar transforms Thread 24" [_thread_blocked, id=31496, stack(0x0000004363400000,0x0000004363500000)]
  0x0000015f147314a0 JavaThread "jar transforms Thread 25" [_thread_blocked, id=34192, stack(0x0000004363500000,0x0000004363600000)]
  0x0000015f1472e200 JavaThread "jar transforms Thread 26" [_thread_blocked, id=16684, stack(0x0000004363600000,0x0000004363700000)]
  0x0000015f14734740 JavaThread "jar transforms Thread 27" [_thread_blocked, id=38480, stack(0x0000004363700000,0x0000004363800000)]
  0x0000015f147323d0 JavaThread "jar transforms Thread 28" [_thread_blocked, id=37100, stack(0x0000004363800000,0x0000004363900000)]
  0x0000015f14733300 JavaThread "jar transforms Thread 29" [_thread_blocked, id=21092, stack(0x0000004363900000,0x0000004363a00000)]
  0x0000015f14730570 JavaThread "jar transforms Thread 30" [_thread_blocked, id=31948, stack(0x0000004363a00000,0x0000004363b00000)]
  0x0000015f14733810 JavaThread "jar transforms Thread 31" [_thread_blocked, id=36016, stack(0x0000004363b00000,0x0000004363c00000)]
  0x0000015f14733d20 JavaThread "jar transforms Thread 32" [_thread_blocked, id=18820, stack(0x0000004363c00000,0x0000004363d00000)]
  0x0000015f14382fd0 JavaThread "Memory manager" [_thread_blocked, id=11672, stack(0x0000004374c00000,0x0000004374d00000)]
  0x0000015f1b1cd880 JavaThread "RMI Scheduler(0)" daemon [_thread_blocked, id=34520, stack(0x0000004361600000,0x0000004361700000)]
  0x0000015f1b1ce7b0 JavaThread "RMI GC Daemon" daemon [_thread_blocked, id=38372, stack(0x000000436c900000,0x000000436ca00000)]
  0x0000015f1b1cecc0 JavaThread "RMI TCP Accept-0" daemon [_thread_in_native, id=36764, stack(0x000000436ca00000,0x000000436cb00000)]
  0x0000015f1b1c96b0 JavaThread "RMI Reaper" [_thread_blocked, id=31328, stack(0x0000004372a00000,0x0000004372b00000)]
  0x0000015f1aefd540 JavaThread "Daemon Thread 3" [_thread_blocked, id=36000, stack(0x000000435cf00000,0x000000435d000000)]
  0x0000015f1aefdf60 JavaThread "Handler for socket connection from /127.0.0.1:54991 to /127.0.0.1:55684" [_thread_in_native, id=19516, stack(0x000000435d100000,0x000000435d200000)]
  0x0000015f1aefa2a0 JavaThread "Cancel handler" [_thread_blocked, id=6464, stack(0x000000435e200000,0x000000435e300000)]
  0x0000015f1aefd030 JavaThread "Daemon worker Thread 3" [_thread_in_vm, id=14480, stack(0x000000435e300000,0x000000435e400000)]
  0x0000015f1aefa7b0 JavaThread "Asynchronous log dispatcher for DefaultDaemonConnection: socket connection from /127.0.0.1:54991 to /127.0.0.1:55684" [_thread_blocked, id=34588, stack(0x000000435e400000,0x000000435e500000)]
  0x0000015f1aef9d90 JavaThread "Stdin handler" [_thread_blocked, id=9804, stack(0x000000435e500000,0x000000435e600000)]
  0x0000015f1aefc100 JavaThread "Daemon client event forwarder" [_thread_blocked, id=1484, stack(0x000000435f500000,0x000000435f600000)]
  0x0000015f1aefacc0 JavaThread "Cache worker for file hash cache (D:\Projects\kotlinApp\FoodAppInKotlin-main\.gradle\7.2\fileHashes)" [_thread_blocked, id=19592, stack(0x000000435f600000,0x000000435f700000)]
  0x0000015f1aef9880 JavaThread "Cache worker for checksums cache (D:\Projects\kotlinApp\FoodAppInKotlin-main\.gradle\checksums)" [_thread_blocked, id=9884, stack(0x000000435f700000,0x000000435f800000)]
  0x0000015f1aefb1d0 JavaThread "Cache worker for cache directory md-supplier (D:\Projects\kotlinApp\gradle\caches\7.2\md-supplier)" [_thread_blocked, id=37068, stack(0x000000435f800000,0x000000435f900000)]
  0x0000015f1aefb6e0 JavaThread "Cache worker for cache directory md-rule (D:\Projects\kotlinApp\gradle\caches\7.2\md-rule)" [_thread_blocked, id=36456, stack(0x000000435f900000,0x000000435fa00000)]
=>0x0000015f1c25ae30 JavaThread "C2 CompilerThread1" daemon [_thread_in_vm, id=22464, stack(0x000000435fa00000,0x000000435fb00000)]
  0x0000015f1c25be20 JavaThread "C2 CompilerThread2" daemon [_thread_in_native, id=35752, stack(0x000000435fb00000,0x000000435fc00000)]
  0x0000015f17aeea30 JavaThread "C1 CompilerThread1" daemon [_thread_blocked, id=36740, stack(0x000000435ff00000,0x0000004360000000)]
  0x0000015f1aef8950 JavaThread "Cache worker for dependencies-accessors (D:\Projects\kotlinApp\FoodAppInKotlin-main\.gradle\7.2\dependencies-accessors)" [_thread_blocked, id=37588, stack(0x0000004361300000,0x0000004361400000)]
  0x0000015f1aefee90 JavaThread "Cache worker for Build Output Cleanup Cache (D:\Projects\kotlinApp\FoodAppInKotlin-main\.gradle\buildOutputCleanup)" [_thread_blocked, id=20336, stack(0x0000004361400000,0x0000004361500000)]
  0x0000015f1aef8e60 JavaThread "Unconstrained build operations" [_thread_blocked, id=12156, stack(0x0000004361500000,0x0000004361600000)]
  0x0000015f1aef7f30 JavaThread "Unconstrained build operations Thread 2" [_thread_blocked, id=11356, stack(0x0000004362d00000,0x0000004362e00000)]
  0x0000015f1aefcb20 JavaThread "Unconstrained build operations Thread 3" [_thread_blocked, id=35152, stack(0x0000004362f00000,0x0000004363000000)]
  0x0000015f1af007e0 JavaThread "Unconstrained build operations Thread 4" [_thread_blocked, id=9496, stack(0x0000004363000000,0x0000004363100000)]
  0x0000015f1aef9370 JavaThread "Unconstrained build operations Thread 5" [_thread_blocked, id=3704, stack(0x0000004363d00000,0x0000004363e00000)]
  0x0000015f1af01c20 JavaThread "Unconstrained build operations Thread 6" [_thread_blocked, id=34468, stack(0x0000004363f00000,0x0000004364000000)]
  0x0000015f1aeff8b0 JavaThread "Unconstrained build operations Thread 7" [_thread_blocked, id=33644, stack(0x0000004364000000,0x0000004364100000)]
  0x0000015f1af049b0 JavaThread "Unconstrained build operations Thread 8" [_thread_blocked, id=35552, stack(0x0000004364100000,0x0000004364200000)]
  0x0000015f1aeffdc0 JavaThread "Unconstrained build operations Thread 9" [_thread_blocked, id=17380, stack(0x0000004364200000,0x0000004364300000)]
  0x0000015f1af02130 JavaThread "Unconstrained build operations Thread 10" [_thread_blocked, id=20912, stack(0x0000004364300000,0x0000004364400000)]
  0x0000015f1af04ec0 JavaThread "Unconstrained build operations Thread 11" [_thread_blocked, id=21180, stack(0x0000004364400000,0x0000004364500000)]
  0x0000015f1af00cf0 JavaThread "Unconstrained build operations Thread 12" [_thread_blocked, id=35996, stack(0x0000004364500000,0x0000004364600000)]
  0x0000015f1aefe470 JavaThread "Unconstrained build operations Thread 13" [_thread_blocked, id=22760, stack(0x0000004364600000,0x0000004364700000)]
  0x0000015f1af07230 JavaThread "Unconstrained build operations Thread 14" [_thread_blocked, id=4828, stack(0x0000004364700000,0x0000004364800000)]
  0x0000015f1af06810 JavaThread "Unconstrained build operations Thread 15" [_thread_blocked, id=20768, stack(0x0000004364800000,0x0000004364900000)]
  0x0000015f1af01200 JavaThread "Unconstrained build operations Thread 16" [_thread_blocked, id=10332, stack(0x0000004364900000,0x0000004364a00000)]
  0x0000015f1af053d0 JavaThread "Unconstrained build operations Thread 17" [_thread_blocked, id=1820, stack(0x0000004364a00000,0x0000004364b00000)]
  0x0000015f1af05df0 JavaThread "Unconstrained build operations Thread 18" [_thread_blocked, id=11980, stack(0x0000004364b00000,0x0000004364c00000)]
  0x0000015f1af03060 JavaThread "Unconstrained build operations Thread 19" [_thread_blocked, id=2944, stack(0x0000004364c00000,0x0000004364d00000)]
  0x0000015f1af06300 JavaThread "Unconstrained build operations Thread 20" [_thread_blocked, id=33284, stack(0x0000004364d00000,0x0000004364e00000)]
  0x0000015f1af01710 JavaThread "Unconstrained build operations Thread 21" [_thread_blocked, id=31892, stack(0x0000004364e00000,0x0000004364f00000)]
  0x0000015f1af03570 JavaThread "Unconstrained build operations Thread 22" [_thread_blocked, id=5132, stack(0x0000004364f00000,0x0000004365000000)]
  0x0000015f1af06d20 JavaThread "Unconstrained build operations Thread 23" [_thread_blocked, id=31428, stack(0x0000004365000000,0x0000004365100000)]
  0x0000015f1af02b50 JavaThread "Unconstrained build operations Thread 24" [_thread_blocked, id=34700, stack(0x0000004365100000,0x0000004365200000)]
  0x0000015f1af03a80 JavaThread "Unconstrained build operations Thread 25" [_thread_blocked, id=31228, stack(0x0000004365200000,0x0000004365300000)]
  0x0000015f1af002d0 JavaThread "Unconstrained build operations Thread 26" [_thread_blocked, id=20292, stack(0x0000004365300000,0x0000004365400000)]
  0x0000015f1af07c50 JavaThread "Unconstrained build operations Thread 27" [_thread_blocked, id=30928, stack(0x0000004365400000,0x0000004365500000)]
  0x0000015f1af0be20 JavaThread "Unconstrained build operations Thread 28" [_thread_blocked, id=3348, stack(0x0000004365500000,0x0000004365600000)]
  0x0000015f1af08160 JavaThread "Unconstrained build operations Thread 29" [_thread_blocked, id=22104, stack(0x0000004365600000,0x0000004365700000)]
  0x0000015f1af0b400 JavaThread "Unconstrained build operations Thread 30" [_thread_blocked, id=29304, stack(0x0000004365700000,0x0000004365800000)]
  0x0000015f1af08670 JavaThread "Unconstrained build operations Thread 31" [_thread_blocked, id=10996, stack(0x0000004365800000,0x0000004365900000)]
  0x0000015f1af08b80 JavaThread "Unconstrained build operations Thread 32" [_thread_blocked, id=34256, stack(0x0000004365900000,0x0000004365a00000)]
  0x0000015f1af09fc0 JavaThread "Unconstrained build operations Thread 33" [_thread_blocked, id=32796, stack(0x0000004365a00000,0x0000004365b00000)]
  0x0000015f1af0aef0 JavaThread "Unconstrained build operations Thread 34" [_thread_blocked, id=29616, stack(0x0000004365b00000,0x0000004365c00000)]
  0x0000015f1af0a4d0 JavaThread "Unconstrained build operations Thread 35" [_thread_blocked, id=25032, stack(0x0000004365c00000,0x0000004365d00000)]
  0x0000015f1af0b910 JavaThread "Unconstrained build operations Thread 36" [_thread_blocked, id=36368, stack(0x0000004365d00000,0x0000004365e00000)]
  0x0000015f1af0cd50 JavaThread "Unconstrained build operations Thread 37" [_thread_blocked, id=35660, stack(0x0000004365e00000,0x0000004365f00000)]
  0x0000015f1af0e6a0 JavaThread "Unconstrained build operations Thread 38" [_thread_blocked, id=33708, stack(0x0000004365f00000,0x0000004366000000)]
  0x0000015f1af0d770 JavaThread "Unconstrained build operations Thread 39" [_thread_blocked, id=34712, stack(0x0000004366000000,0x0000004366100000)]
  0x0000015f1af0fae0 JavaThread "Unconstrained build operations Thread 40" [_thread_blocked, id=5904, stack(0x0000004366100000,0x0000004366200000)]
  0x0000015f1af10500 JavaThread "Unconstrained build operations Thread 41" [_thread_blocked, id=35924, stack(0x0000004366200000,0x0000004366300000)]
  0x0000015f1af11e50 JavaThread "Unconstrained build operations Thread 42" [_thread_blocked, id=10128, stack(0x0000004366300000,0x0000004366400000)]
  0x0000015f1af12d80 JavaThread "Unconstrained build operations Thread 43" [_thread_blocked, id=11764, stack(0x0000004366400000,0x0000004366500000)]
  0x0000015f1af0ebb0 JavaThread "Unconstrained build operations Thread 44" [_thread_blocked, id=2372, stack(0x0000004366500000,0x0000004366600000)]
  0x0000015f1af0f0c0 JavaThread "Unconstrained build operations Thread 45" [_thread_blocked, id=38516, stack(0x0000004366600000,0x0000004366700000)]
  0x0000015f1af13290 JavaThread "Unconstrained build operations Thread 46" [_thread_blocked, id=14704, stack(0x0000004366700000,0x0000004366800000)]
  0x0000015f1af12870 JavaThread "Unconstrained build operations Thread 47" [_thread_blocked, id=13324, stack(0x0000004366800000,0x0000004366900000)]
  0x0000015f1af0f5d0 JavaThread "Unconstrained build operations Thread 48" [_thread_blocked, id=14384, stack(0x0000004366900000,0x0000004366a00000)]
  0x0000015f1af0c330 JavaThread "Unconstrained build operations Thread 49" [_thread_blocked, id=23504, stack(0x0000004366a00000,0x0000004366b00000)]
  0x0000015f1af137a0 JavaThread "Unconstrained build operations Thread 50" [_thread_blocked, id=38288, stack(0x0000004366b00000,0x0000004366c00000)]
  0x0000015f1af13cb0 JavaThread "Unconstrained build operations Thread 51" [_thread_blocked, id=36280, stack(0x0000004366c00000,0x0000004366d00000)]
  0x0000015f1af10f20 JavaThread "Unconstrained build operations Thread 52" [_thread_blocked, id=35600, stack(0x0000004366d00000,0x0000004366e00000)]
  0x0000015f1af12360 JavaThread "Unconstrained build operations Thread 53" [_thread_blocked, id=16520, stack(0x0000004366e00000,0x0000004366f00000)]
  0x0000015f1af0c840 JavaThread "Unconstrained build operations Thread 54" [_thread_blocked, id=6116, stack(0x0000004366f00000,0x0000004367000000)]
  0x0000015f1af0fff0 JavaThread "Unconstrained build operations Thread 55" [_thread_blocked, id=34752, stack(0x0000004367000000,0x0000004367100000)]
  0x0000015f1af141c0 JavaThread "Unconstrained build operations Thread 56" [_thread_blocked, id=38128, stack(0x0000004367100000,0x0000004367200000)]
  0x0000015f1af146d0 JavaThread "Unconstrained build operations Thread 57" [_thread_blocked, id=22468, stack(0x0000004367200000,0x0000004367300000)]
  0x0000015f1af10a10 JavaThread "Unconstrained build operations Thread 58" [_thread_blocked, id=37848, stack(0x0000004367300000,0x0000004367400000)]
  0x0000015f1af0dc80 JavaThread "Unconstrained build operations Thread 59" [_thread_blocked, id=22176, stack(0x0000004367400000,0x0000004367500000)]
  0x0000015f1af15600 JavaThread "Unconstrained build operations Thread 60" [_thread_blocked, id=10728, stack(0x0000004367500000,0x0000004367600000)]
  0x0000015f1af11430 JavaThread "Unconstrained build operations Thread 61" [_thread_blocked, id=8384, stack(0x0000004367600000,0x0000004367700000)]
  0x0000015f1af11940 JavaThread "Unconstrained build operations Thread 62" [_thread_blocked, id=33860, stack(0x0000004367700000,0x0000004367800000)]
  0x0000015f1af0e190 JavaThread "Unconstrained build operations Thread 63" [_thread_blocked, id=15664, stack(0x0000004367800000,0x0000004367900000)]
  0x0000015f1af15b10 JavaThread "Unconstrained build operations Thread 64" [_thread_blocked, id=13396, stack(0x0000004367900000,0x0000004367a00000)]
  0x0000015f1af16020 JavaThread "Unconstrained build operations Thread 65" [_thread_blocked, id=22812, stack(0x0000004367a00000,0x0000004367b00000)]
  0x0000015f1af16530 JavaThread "Unconstrained build operations Thread 66" [_thread_blocked, id=36304, stack(0x0000004367b00000,0x0000004367c00000)]
  0x0000015f1af16a40 JavaThread "Unconstrained build operations Thread 67" [_thread_blocked, id=12928, stack(0x0000004367c00000,0x0000004367d00000)]
  0x0000015f1af16f50 JavaThread "Unconstrained build operations Thread 68" [_thread_blocked, id=16016, stack(0x0000004367d00000,0x0000004367e00000)]
  0x0000015f1af17460 JavaThread "Unconstrained build operations Thread 69" [_thread_blocked, id=38020, stack(0x0000004367e00000,0x0000004367f00000)]
  0x0000015f1af17970 JavaThread "Unconstrained build operations Thread 70" [_thread_blocked, id=36232, stack(0x0000004367f00000,0x0000004368000000)]
  0x0000015f1b1c6410 JavaThread "Unconstrained build operations Thread 71" [_thread_blocked, id=33872, stack(0x0000004368000000,0x0000004368100000)]
  0x0000015f1b1cb000 JavaThread "Unconstrained build operations Thread 72" [_thread_blocked, id=31768, stack(0x0000004368100000,0x0000004368200000)]
  0x0000015f1b1c6920 JavaThread "Unconstrained build operations Thread 73" [_thread_blocked, id=8240, stack(0x0000004368200000,0x0000004368300000)]
  0x0000015f1b1cc440 JavaThread "Unconstrained build operations Thread 74" [_thread_blocked, id=8728, stack(0x0000004368300000,0x0000004368400000)]
  0x0000015f1b1cb510 JavaThread "Unconstrained build operations Thread 75" [_thread_blocked, id=35028, stack(0x0000004368400000,0x0000004368500000)]
  0x0000015f1b1cba20 JavaThread "Unconstrained build operations Thread 76" [_thread_blocked, id=35688, stack(0x0000004368500000,0x0000004368600000)]
  0x0000015f1b1c4fd0 JavaThread "Unconstrained build operations Thread 77" [_thread_blocked, id=10444, stack(0x0000004368600000,0x0000004368700000)]
  0x0000015f1b1cc950 JavaThread "Unconstrained build operations Thread 78" [_thread_blocked, id=1660, stack(0x0000004368700000,0x0000004368800000)]
  0x0000015f1b1c7340 JavaThread "Unconstrained build operations Thread 79" [_thread_blocked, id=34668, stack(0x0000004368800000,0x0000004368900000)]
  0x0000015f1b1c54e0 JavaThread "Unconstrained build operations Thread 80" [_thread_blocked, id=33096, stack(0x0000004368900000,0x0000004368a00000)]
  0x0000015f1b1cce60 JavaThread "Unconstrained build operations Thread 81" [_thread_blocked, id=13020, stack(0x0000004368a00000,0x0000004368b00000)]
  0x0000015f1b1c59f0 JavaThread "Unconstrained build operations Thread 82" [_thread_blocked, id=17588, stack(0x0000004368b00000,0x0000004368c00000)]
  0x0000015f1b1ca0d0 JavaThread "Unconstrained build operations Thread 83" [_thread_blocked, id=20932, stack(0x0000004368c00000,0x0000004368d00000)]
  0x0000015f1b1caaf0 JavaThread "Unconstrained build operations Thread 84" [_thread_blocked, id=22872, stack(0x0000004368d00000,0x0000004368e00000)]
  0x0000015f1b1cf1d0 JavaThread "Unconstrained build operations Thread 85" [_thread_blocked, id=31960, stack(0x0000004368e00000,0x0000004368f00000)]
  0x0000015f1b1c8270 JavaThread "Unconstrained build operations Thread 86" [_thread_blocked, id=21916, stack(0x0000004368f00000,0x0000004369000000)]
  0x0000015f1b1cdd90 JavaThread "Unconstrained build operations Thread 87" [_thread_blocked, id=2612, stack(0x0000004369000000,0x0000004369100000)]
  0x0000015f1b1ce2a0 JavaThread "Unconstrained build operations Thread 88" [_thread_blocked, id=37348, stack(0x0000004369100000,0x0000004369200000)]
  0x0000015f1b1c7d60 JavaThread "Unconstrained build operations Thread 89" [_thread_blocked, id=492, stack(0x0000004369200000,0x0000004369300000)]
  0x0000015f1b1c9bc0 JavaThread "Unconstrained build operations Thread 90" [_thread_blocked, id=35548, stack(0x0000004369300000,0x0000004369400000)]
  0x0000015f1b1cfbf0 JavaThread "Unconstrained build operations Thread 91" [_thread_blocked, id=1520, stack(0x0000004369400000,0x0000004369500000)]
  0x0000015f1b1c8780 JavaThread "Unconstrained build operations Thread 92" [_thread_blocked, id=21516, stack(0x0000004369500000,0x0000004369600000)]
  0x0000015f1b1d0100 JavaThread "Unconstrained build operations Thread 93" [_thread_blocked, id=14908, stack(0x0000004369600000,0x0000004369700000)]
  0x0000015f1b1c8c90 JavaThread "Unconstrained build operations Thread 94" [_thread_blocked, id=516, stack(0x0000004369700000,0x0000004369800000)]
  0x0000015f1b1d0610 JavaThread "Unconstrained build operations Thread 95" [_thread_blocked, id=22408, stack(0x0000004369800000,0x0000004369900000)]
  0x0000015f1b1ca5e0 JavaThread "Unconstrained build operations Thread 96" [_thread_blocked, id=31548, stack(0x0000004369900000,0x0000004369a00000)]
  0x0000015f1b1c91a0 JavaThread "Unconstrained build operations Thread 97" [_thread_blocked, id=15940, stack(0x0000004369a00000,0x0000004369b00000)]
  0x0000015f1b1d2470 JavaThread "Unconstrained build operations Thread 98" [_thread_blocked, id=10472, stack(0x0000004369b00000,0x0000004369c00000)]
  0x0000015f1b1d7570 JavaThread "Unconstrained build operations Thread 99" [_thread_blocked, id=17428, stack(0x0000004369c00000,0x0000004369d00000)]
  0x0000015f1b1d7f90 JavaThread "Unconstrained build operations Thread 100" [_thread_blocked, id=19724, stack(0x0000004369d00000,0x0000004369e00000)]
  0x0000015f1b1d38b0 JavaThread "Unconstrained build operations Thread 101" [_thread_blocked, id=7280, stack(0x0000004369e00000,0x0000004369f00000)]
  0x0000015f1b1d6130 JavaThread "Unconstrained build operations Thread 102" [_thread_blocked, id=35396, stack(0x0000004369f00000,0x000000436a000000)]
  0x0000015f1b1d2980 JavaThread "Unconstrained build operations Thread 103" [_thread_blocked, id=34836, stack(0x000000436a000000,0x000000436a100000)]
  0x0000015f1b1d2e90 JavaThread "Unconstrained build operations Thread 104" [_thread_blocked, id=36928, stack(0x000000436a100000,0x000000436a200000)]
  0x0000015f1b1d1a50 JavaThread "Unconstrained build operations Thread 105" [_thread_blocked, id=11212, stack(0x000000436a200000,0x000000436a300000)]
  0x0000015f1b1d0b20 JavaThread "Unconstrained build operations Thread 106" [_thread_blocked, id=10360, stack(0x000000436a300000,0x000000436a400000)]
  0x0000015f1b1d1030 JavaThread "Unconstrained build operations Thread 107" [_thread_blocked, id=35008, stack(0x000000436a400000,0x000000436a500000)]
  0x0000015f1b1d33a0 JavaThread "Unconstrained build operations Thread 108" [_thread_blocked, id=11864, stack(0x000000436a500000,0x000000436a600000)]
  0x0000015f1b1d84a0 JavaThread "Unconstrained build operations Thread 109" [_thread_blocked, id=33752, stack(0x000000436a600000,0x000000436a700000)]
  0x0000015f1b1d89b0 JavaThread "Unconstrained build operations Thread 110" [_thread_blocked, id=35732, stack(0x000000436a700000,0x000000436a800000)]
  0x0000015f1b1d1540 JavaThread "Unconstrained build operations Thread 111" [_thread_blocked, id=4312, stack(0x000000436a800000,0x000000436a900000)]
  0x0000015f1b1d8ec0 JavaThread "Unconstrained build operations Thread 112" [_thread_blocked, id=33944, stack(0x000000436a900000,0x000000436aa00000)]
  0x0000015f1b1d3dc0 JavaThread "Unconstrained build operations Thread 113" [_thread_blocked, id=5176, stack(0x000000436aa00000,0x000000436ab00000)]
  0x0000015f1b1d5710 JavaThread "Unconstrained build operations Thread 114" [_thread_blocked, id=11100, stack(0x000000436ab00000,0x000000436ac00000)]
  0x0000015f1b1d42d0 JavaThread "Unconstrained build operations Thread 115" [_thread_blocked, id=28188, stack(0x000000436ac00000,0x000000436ad00000)]
  0x0000015f1b1d5c20 JavaThread "Unconstrained build operations Thread 116" [_thread_blocked, id=23288, stack(0x000000436ad00000,0x000000436ae00000)]
  0x0000015f1b1d6640 JavaThread "Unconstrained build operations Thread 117" [_thread_blocked, id=15948, stack(0x000000436ae00000,0x000000436af00000)]
  0x0000015f1b1d6b50 JavaThread "Unconstrained build operations Thread 118" [_thread_blocked, id=32336, stack(0x000000436af00000,0x000000436b000000)]
  0x0000015f1b1dfe20 JavaThread "Unconstrained build operations Thread 119" [_thread_blocked, id=8368, stack(0x000000436b000000,0x000000436b100000)]
  0x0000015f1b1e0330 JavaThread "Unconstrained build operations Thread 120" [_thread_blocked, id=12784, stack(0x000000436b100000,0x000000436b200000)]
  0x0000015f1b1de4d0 JavaThread "Unconstrained build operations Thread 121" [_thread_blocked, id=36344, stack(0x000000436b200000,0x000000436b300000)]
  0x0000015f1b1de9e0 JavaThread "Unconstrained build operations Thread 122" [_thread_blocked, id=31920, stack(0x000000436b300000,0x000000436b400000)]
  0x0000015f1b1ddfc0 JavaThread "Unconstrained build operations Thread 123" [_thread_blocked, id=9740, stack(0x000000436b400000,0x000000436b500000)]
  0x0000015f1b1da300 JavaThread "Unconstrained build operations Thread 124" [_thread_blocked, id=15956, stack(0x000000436b500000,0x000000436b600000)]
  0x0000015f1b1db230 JavaThread "Unconstrained build operations Thread 125" [_thread_blocked, id=33084, stack(0x000000436b600000,0x000000436b700000)]
  0x0000015f1b1ddab0 JavaThread "Unconstrained build operations Thread 126" [_thread_blocked, id=19864, stack(0x000000436b700000,0x000000436b800000)]
  0x0000015f1b1da810 JavaThread "Unconstrained build operations Thread 127" [_thread_blocked, id=5376, stack(0x000000436b800000,0x000000436b900000)]
  0x0000015f1b1deef0 JavaThread "Unconstrained build operations Thread 128" [_thread_blocked, id=11300, stack(0x000000436b900000,0x000000436ba00000)]
  0x0000015f1b1df400 JavaThread "Unconstrained build operations Thread 129" [_thread_blocked, id=34652, stack(0x000000436ba00000,0x000000436bb00000)]
  0x0000015f1b1e0840 JavaThread "Unconstrained build operations Thread 130" [_thread_blocked, id=4720, stack(0x000000436bb00000,0x000000436bc00000)]
  0x0000015f1b1dad20 JavaThread "Unconstrained build operations Thread 131" [_thread_blocked, id=23404, stack(0x000000436bc00000,0x000000436bd00000)]
  0x0000015f1b1dcb80 JavaThread "Unconstrained build operations Thread 132" [_thread_blocked, id=22776, stack(0x000000436bd00000,0x000000436be00000)]
  0x0000015f1b1d93d0 JavaThread "Unconstrained build operations Thread 133" [_thread_blocked, id=36524, stack(0x000000436be00000,0x000000436bf00000)]
  0x0000015f1b1e0d50 JavaThread "Unconstrained build operations Thread 134" [_thread_blocked, id=38512, stack(0x000000436bf00000,0x000000436c000000)]
  0x0000015f1b1d98e0 JavaThread "Unconstrained build operations Thread 135" [_thread_blocked, id=14376, stack(0x000000436c000000,0x000000436c100000)]
  0x0000015f1b1e1260 JavaThread "Unconstrained build operations Thread 136" [_thread_blocked, id=25280, stack(0x000000436c100000,0x000000436c200000)]
  0x0000015f1b1db740 JavaThread "Unconstrained build operations Thread 137" [_thread_blocked, id=21364, stack(0x000000436c200000,0x000000436c300000)]
  0x0000015f1b1dbc50 JavaThread "Unconstrained build operations Thread 138" [_thread_blocked, id=20032, stack(0x000000436c300000,0x000000436c400000)]
  0x0000015f1b1d9df0 JavaThread "Unconstrained build operations Thread 139" [_thread_blocked, id=33060, stack(0x000000436c400000,0x000000436c500000)]
  0x0000015f1b1e1770 JavaThread "Unconstrained build operations Thread 140" [_thread_blocked, id=18568, stack(0x000000436c500000,0x000000436c600000)]
  0x0000015f1b1e1c80 JavaThread "Unconstrained build operations Thread 141" [_thread_blocked, id=35472, stack(0x000000436c600000,0x000000436c700000)]
  0x0000015f1b1dd090 JavaThread "Unconstrained build operations Thread 142" [_thread_blocked, id=30452, stack(0x000000436c700000,0x000000436c800000)]
  0x0000015f1b1e2190 JavaThread "Unconstrained build operations Thread 143" [_thread_blocked, id=37876, stack(0x000000436c800000,0x000000436c900000)]
  0x0000015f1b1e26a0 JavaThread "build event listener" [_thread_blocked, id=26740, stack(0x000000436cb00000,0x000000436cc00000)]
  0x0000015f15ae6a20 JavaThread "C1 CompilerThread2" daemon [_thread_blocked, id=28904, stack(0x000000436cc00000,0x000000436cd00000)]
  0x0000015f15ae6f70 JavaThread "C1 CompilerThread3" daemon [_thread_blocked, id=16200, stack(0x000000436cd00000,0x000000436ce00000)]
  0x0000015f1b1dc160 JavaThread "Cache worker for execution history cache (D:\Projects\kotlinApp\FoodAppInKotlin-main\.gradle\7.2\executionHistory)" [_thread_blocked, id=33180, stack(0x000000436d200000,0x000000436d300000)]
  0x0000015f1ba73160 JavaThread "idea-tooling-model-converter" [_thread_blocked, id=25788, stack(0x000000436d000000,0x000000436d100000)]
  0x0000015f10b1b4f0 JavaThread "C1 CompilerThread4" daemon [_thread_blocked, id=19460, stack(0x000000436d100000,0x000000436d200000)]
  0x0000015f1ba72740 JavaThread "Keep-Alive-Timer" daemon [_thread_blocked, id=5292, stack(0x000000436d300000,0x000000436d400000)]

Other Threads:
  0x0000015eca030040 VMThread "VM Thread" [stack: 0x000000435d800000,0x000000435d900000] [id=20172]
  0x0000015ecaba7670 WatcherThread [stack: 0x000000435e800000,0x000000435e900000] [id=16788]
  0x0000015eaa30be70 GCTaskThread "GC Thread#0" [stack: 0x000000435d300000,0x000000435d400000] [id=16328]
  0x0000015f10d34c20 GCTaskThread "GC Thread#1" [stack: 0x000000435ec00000,0x000000435ed00000] [id=18964]
  0x0000015f10d34ee0 GCTaskThread "GC Thread#2" [stack: 0x000000435ed00000,0x000000435ee00000] [id=17816]
  0x0000015f10bdf2d0 GCTaskThread "GC Thread#3" [stack: 0x000000435ee00000,0x000000435ef00000] [id=19152]
  0x0000015f10bdfda0 GCTaskThread "GC Thread#4" [stack: 0x000000435ef00000,0x000000435f000000] [id=31028]
  0x0000015f10ceb4b0 GCTaskThread "GC Thread#5" [stack: 0x000000435f000000,0x000000435f100000] [id=3032]
  0x0000015f16f56b40 GCTaskThread "GC Thread#6" [stack: 0x0000004361700000,0x0000004361800000] [id=3076]
  0x0000015f12075850 GCTaskThread "GC Thread#7" [stack: 0x0000004361800000,0x0000004361900000] [id=16856]
  0x0000015f1516b700 GCTaskThread "GC Thread#8" [stack: 0x0000004361900000,0x0000004361a00000] [id=23564]
  0x0000015f11723e70 GCTaskThread "GC Thread#9" [stack: 0x0000004361a00000,0x0000004361b00000] [id=31500]
  0x0000015f13e62120 GCTaskThread "GC Thread#10" [stack: 0x0000004361b00000,0x0000004361c00000] [id=19940]
  0x0000015f1597a3f0 GCTaskThread "GC Thread#11" [stack: 0x0000004361c00000,0x0000004361d00000] [id=26880]
  0x0000015f148d6e40 GCTaskThread "GC Thread#12" [stack: 0x0000004361d00000,0x0000004361e00000] [id=15036]
  0x0000015f15c15a80 GCTaskThread "GC Thread#13" [stack: 0x0000004361e00000,0x0000004361f00000] [id=20720]
  0x0000015f15c15d40 GCTaskThread "GC Thread#14" [stack: 0x0000004361f00000,0x0000004362000000] [id=32936]
  0x0000015f15c14f80 GCTaskThread "GC Thread#15" [stack: 0x0000004362000000,0x0000004362100000] [id=36628]
  0x0000015f15c14cc0 GCTaskThread "GC Thread#16" [stack: 0x0000004362100000,0x0000004362200000] [id=29524]
  0x0000015f15c162c0 GCTaskThread "GC Thread#17" [stack: 0x0000004362200000,0x0000004362300000] [id=31556]
  0x0000015f15c15500 GCTaskThread "GC Thread#18" [stack: 0x0000004362300000,0x0000004362400000] [id=22124]
  0x0000015f15c16000 GCTaskThread "GC Thread#19" [stack: 0x0000004362400000,0x0000004362500000] [id=14512]
  0x0000015f15c16580 GCTaskThread "GC Thread#20" [stack: 0x0000004362500000,0x0000004362600000] [id=37812]
  0x0000015f15c14a00 GCTaskThread "GC Thread#21" [stack: 0x0000004362600000,0x0000004362700000] [id=34724]
  0x0000015f15c15240 GCTaskThread "GC Thread#22" [stack: 0x0000004362700000,0x0000004362800000] [id=23448]
  0x0000015eaa31cdc0 ConcurrentGCThread "G1 Main Marker" [stack: 0x000000435d400000,0x000000435d500000] [id=12848]
  0x0000015eaa31d7e0 ConcurrentGCThread "G1 Conc#0" [stack: 0x000000435d500000,0x000000435d600000] [id=21652]
  0x0000015f15c157c0 ConcurrentGCThread "G1 Conc#1" [stack: 0x0000004362800000,0x0000004362900000] [id=11592]
  0x0000015f14846530 ConcurrentGCThread "G1 Conc#2" [stack: 0x0000004362900000,0x0000004362a00000] [id=37828]
  0x0000015f14843eb0 ConcurrentGCThread "G1 Conc#3" [stack: 0x0000004362a00000,0x0000004362b00000] [id=21552]
  0x0000015f14845a30 ConcurrentGCThread "G1 Conc#4" [stack: 0x0000004362b00000,0x0000004362c00000] [id=8132]
  0x0000015f14844f30 ConcurrentGCThread "G1 Conc#5" [stack: 0x0000004362c00000,0x0000004362d00000] [id=37668]
  0x0000015ec9f6b9b0 ConcurrentGCThread "G1 Refine#0" [stack: 0x000000435d600000,0x000000435d700000] [id=32984]
  0x0000015f180924f0 ConcurrentGCThread "G1 Refine#1" [stack: 0x0000004376800000,0x0000004376900000] [id=16056]
  0x0000015f190992a0 ConcurrentGCThread "G1 Refine#2" [stack: 0x0000004376900000,0x0000004376a00000] [id=37740]
  0x0000015f19097830 ConcurrentGCThread "G1 Refine#3" [stack: 0x0000004376a00000,0x0000004376b00000] [id=11920]
  0x0000015f190989d0 ConcurrentGCThread "G1 Refine#4" [stack: 0x0000004376b00000,0x0000004376c00000] [id=24572]
  0x0000015f19098cc0 ConcurrentGCThread "G1 Refine#5" [stack: 0x0000004376c00000,0x0000004376d00000] [id=5360]
  0x0000015f188b0850 ConcurrentGCThread "G1 Refine#6" [stack: 0x000000437c800000,0x000000437c900000] [id=36364]
  0x0000015f188b3750 ConcurrentGCThread "G1 Refine#7" [stack: 0x000000437c900000,0x000000437ca00000] [id=20460]
  0x0000015f188b1fd0 ConcurrentGCThread "G1 Refine#8" [stack: 0x000000437e100000,0x000000437e200000] [id=23488]
  0x0000015f188b25b0 ConcurrentGCThread "G1 Refine#9" [stack: 0x000000437e200000,0x000000437e300000] [id=11988]
  0x0000015f188b0b40 ConcurrentGCThread "G1 Refine#10" [stack: 0x000000437e300000,0x000000437e400000] [id=36792]
  0x0000015f188b28a0 ConcurrentGCThread "G1 Refine#11" [stack: 0x000000437e400000,0x000000437e500000] [id=36588]
  0x0000015f188b0560 ConcurrentGCThread "G1 Refine#12" [stack: 0x000000437e500000,0x000000437e600000] [id=36228]
  0x0000015f188b1410 ConcurrentGCThread "G1 Refine#13" [stack: 0x000000437e600000,0x000000437e700000] [id=38856]
  0x0000015f188b0e30 ConcurrentGCThread "G1 Refine#14" [stack: 0x000000437e700000,0x000000437e800000] [id=34260]
  0x0000015f13371800 ConcurrentGCThread "G1 Refine#15" [stack: 0x000000437f800000,0x000000437f900000] [id=22492]
  0x0000015f13370370 ConcurrentGCThread "G1 Refine#16" [stack: 0x000000437f900000,0x000000437fa00000] [id=22356]
  0x0000015f13370c40 ConcurrentGCThread "G1 Refine#17" [stack: 0x000000437fa00000,0x000000437fb00000] [id=29784]
  0x0000015f133726b0 ConcurrentGCThread "G1 Refine#18" [stack: 0x000000437fb00000,0x000000437fc00000] [id=16532]
  0x0000015f13371de0 ConcurrentGCThread "G1 Refine#19" [stack: 0x000000437fc00000,0x000000437fd00000] [id=33980]
  0x0000015f1336f1d0 ConcurrentGCThread "G1 Refine#20" [stack: 0x000000437fd00000,0x000000437fe00000] [id=36952]
  0x0000015ec9f6c2f0 ConcurrentGCThread "G1 Service" [stack: 0x000000435d700000,0x000000435d800000] [id=21532]

Threads with active compile tasks:
C2 CompilerThread0   401297 52999       4       com.android.repository.impl.meta.SchemaModuleUtil$NamespaceFallbackFilter::startElement (59 bytes)
C2 CompilerThread1   401297 53044   !   4       com.sun.xml.bind.v2.runtime.unmarshaller.StructureLoader::startElement (434 bytes)
C2 CompilerThread2   401297 52997       4       org.xml.sax.helpers.XMLFilterImpl::startElement (22 bytes)

VM state: not at safepoint (normal execution)

VM Mutex/Monitor currently owned by a thread: None

Heap address: 0x0000000080000000, size: 2048 MB, Compressed Oops mode: 32-bit

CDS archive(s) mapped at: [0x0000015ecb000000-0x0000015ecbbb0000-0x0000015ecbbb0000), size 12255232, SharedBaseAddress: 0x0000015ecb000000, ArchiveRelocationMode: 1.
Compressed class space mapped at: 0x0000015ecc000000-0x0000015f0c000000, reserved size: 1073741824
Narrow klass base: 0x0000015ecb000000, Narrow klass shift: 0, Narrow klass range: 0x100000000

GC Precious Log:
 CPUs: 32 total, 32 available
 Memory: 16088M
 Large Page Support: Disabled
 NUMA Support: Disabled
 Compressed Oops: Enabled (32-bit)
 Heap Region Size: 1M
 Heap Min Capacity: 8M
 Heap Initial Capacity: 252M
 Heap Max Capacity: 2G
 Pre-touch: Disabled
 Parallel Workers: 23
 Concurrent Workers: 6
 Concurrent Refinement Workers: 23
 Periodic GC: Disabled

Heap:
 garbage-first heap   total 1085440K, used 517961K [0x0000000080000000, 0x0000000100000000)
  region size 1024K, 31 young (31744K), 3 survivors (3072K)
 Metaspace       used 200599K, committed 202112K, reserved 1245184K
  class space    used 26790K, committed 27520K, reserved 1048576K

Heap Regions: E=young(eden), S=young(survivor), O=old, HS=humongous(starts), HC=humongous(continues), CS=collection set, F=free, OA=open archive, CA=closed archive, TAMS=top-at-mark-start (previous, next)
|   0|0x0000000080000000, 0x0000000080100000, 0x0000000080100000|100%|HS|  |TAMS 0x0000000080100000, 0x0000000080000000| Complete 
|   1|0x0000000080100000, 0x0000000080200000, 0x0000000080200000|100%| O|  |TAMS 0x0000000080200000, 0x0000000080100000| Untracked 
|   2|0x0000000080200000, 0x0000000080300000, 0x0000000080300000|100%| O|  |TAMS 0x0000000080300000, 0x0000000080200000| Untracked 
|   3|0x0000000080300000, 0x0000000080400000, 0x0000000080400000|100%|HS|  |TAMS 0x0000000080400000, 0x0000000080300000| Complete 
|   4|0x0000000080400000, 0x0000000080500000, 0x0000000080500000|100%|HC|  |TAMS 0x0000000080500000, 0x0000000080400000| Complete 
|   5|0x0000000080500000, 0x0000000080600000, 0x0000000080600000|100%|HC|  |TAMS 0x0000000080600000, 0x0000000080500000| Complete 
|   6|0x0000000080600000, 0x0000000080700000, 0x0000000080700000|100%| O|  |TAMS 0x0000000080700000, 0x0000000080600000| Untracked 
|   7|0x0000000080700000, 0x0000000080800000, 0x0000000080800000|100%| O|  |TAMS 0x0000000080800000, 0x0000000080700000| Untracked 
|   8|0x0000000080800000, 0x0000000080900000, 0x0000000080900000|100%| O|  |TAMS 0x0000000080900000, 0x0000000080800000| Untracked 
|   9|0x0000000080900000, 0x0000000080a00000, 0x0000000080a00000|100%| O|  |TAMS 0x0000000080a00000, 0x0000000080900000| Untracked 
|  10|0x0000000080a00000, 0x0000000080b00000, 0x0000000080b00000|100%|HS|  |TAMS 0x0000000080b00000, 0x0000000080a00000| Complete 
|  11|0x0000000080b00000, 0x0000000080c00000, 0x0000000080c00000|100%|HC|  |TAMS 0x0000000080c00000, 0x0000000080b00000| Complete 
|  12|0x0000000080c00000, 0x0000000080d00000, 0x0000000080d00000|100%|HC|  |TAMS 0x0000000080d00000, 0x0000000080c00000| Complete 
|  13|0x0000000080d00000, 0x0000000080e00000, 0x0000000080e00000|100%|HC|  |TAMS 0x0000000080e00000, 0x0000000080d00000| Complete 
|  14|0x0000000080e00000, 0x0000000080f00000, 0x0000000080f00000|100%|HC|  |TAMS 0x0000000080f00000, 0x0000000080e00000| Complete 
|  15|0x0000000080f00000, 0x0000000081000000, 0x0000000081000000|100%|HC|  |TAMS 0x0000000081000000, 0x0000000080f00000| Complete 
|  16|0x0000000081000000, 0x0000000081100000, 0x0000000081100000|100%|HS|  |TAMS 0x0000000081100000, 0x0000000081000000| Complete 
|  17|0x0000000081100000, 0x0000000081200000, 0x0000000081200000|100%|HC|  |TAMS 0x0000000081200000, 0x0000000081100000| Complete 
|  18|0x0000000081200000, 0x0000000081300000, 0x0000000081300000|100%|HC|  |TAMS 0x0000000081300000, 0x0000000081200000| Complete 
|  19|0x0000000081300000, 0x0000000081400000, 0x0000000081400000|100%|HS|  |TAMS 0x0000000081400000, 0x0000000081300000| Complete 
|  20|0x0000000081400000, 0x0000000081500000, 0x0000000081500000|100%|HC|  |TAMS 0x0000000081500000, 0x0000000081400000| Complete 
|  21|0x0000000081500000, 0x0000000081600000, 0x0000000081600000|100%| O|  |TAMS 0x0000000081600000, 0x0000000081500000| Untracked 
|  22|0x0000000081600000, 0x0000000081700000, 0x0000000081700000|100%| O|  |TAMS 0x0000000081700000, 0x0000000081600000| Untracked 
|  23|0x0000000081700000, 0x0000000081800000, 0x0000000081800000|100%| O|  |TAMS 0x0000000081800000, 0x0000000081700000| Untracked 
|  24|0x0000000081800000, 0x0000000081900000, 0x0000000081900000|100%| O|  |TAMS 0x0000000081900000, 0x0000000081800000| Untracked 
|  25|0x0000000081900000, 0x0000000081a00000, 0x0000000081a00000|100%| O|  |TAMS 0x0000000081a00000, 0x0000000081900000| Untracked 
|  26|0x0000000081a00000, 0x0000000081b00000, 0x0000000081b00000|100%| O|  |TAMS 0x0000000081b00000, 0x0000000081a00000| Untracked 
|  27|0x0000000081b00000, 0x0000000081c00000, 0x0000000081c00000|100%| O|  |TAMS 0x0000000081c00000, 0x0000000081b00000| Untracked 
|  28|0x0000000081c00000, 0x0000000081d00000, 0x0000000081d00000|100%| O|  |TAMS 0x0000000081d00000, 0x0000000081c00000| Untracked 
|  29|0x0000000081d00000, 0x0000000081e00000, 0x0000000081e00000|100%| O|  |TAMS 0x0000000081e00000, 0x0000000081d00000| Untracked 
|  30|0x0000000081e00000, 0x0000000081f00000, 0x0000000081f00000|100%| O|  |TAMS 0x0000000081f00000, 0x0000000081e00000| Untracked 
|  31|0x0000000081f00000, 0x0000000082000000, 0x0000000082000000|100%| O|  |TAMS 0x0000000082000000, 0x0000000081f00000| Untracked 
|  32|0x0000000082000000, 0x0000000082100000, 0x0000000082100000|100%| O|  |TAMS 0x0000000082100000, 0x0000000082000000| Untracked 
|  33|0x0000000082100000, 0x0000000082200000, 0x0000000082200000|100%| O|  |TAMS 0x0000000082200000, 0x0000000082100000| Untracked 
|  34|0x0000000082200000, 0x0000000082300000, 0x0000000082300000|100%| O|  |TAMS 0x0000000082300000, 0x0000000082200000| Untracked 
|  35|0x0000000082300000, 0x0000000082400000, 0x0000000082400000|100%| O|  |TAMS 0x0000000082400000, 0x0000000082300000| Untracked 
|  36|0x0000000082400000, 0x0000000082500000, 0x0000000082500000|100%| O|  |TAMS 0x0000000082500000, 0x0000000082400000| Untracked 
|  37|0x0000000082500000, 0x0000000082600000, 0x0000000082600000|100%| O|  |TAMS 0x0000000082600000, 0x0000000082500000| Untracked 
|  38|0x0000000082600000, 0x0000000082700000, 0x0000000082700000|100%| O|  |TAMS 0x0000000082700000, 0x0000000082600000| Untracked 
|  39|0x0000000082700000, 0x0000000082800000, 0x0000000082800000|100%| O|  |TAMS 0x0000000082800000, 0x0000000082700000| Untracked 
|  40|0x0000000082800000, 0x0000000082900000, 0x0000000082900000|100%|HS|  |TAMS 0x0000000082900000, 0x0000000082800000| Complete 
|  41|0x0000000082900000, 0x0000000082a00000, 0x0000000082a00000|100%| O|  |TAMS 0x0000000082a00000, 0x0000000082900000| Untracked 
|  42|0x0000000082a00000, 0x0000000082b00000, 0x0000000082b00000|100%| O|  |TAMS 0x0000000082b00000, 0x0000000082a00000| Untracked 
|  43|0x0000000082b00000, 0x0000000082c00000, 0x0000000082c00000|100%| O|  |TAMS 0x0000000082c00000, 0x0000000082b00000| Untracked 
|  44|0x0000000082c00000, 0x0000000082d00000, 0x0000000082d00000|100%| O|  |TAMS 0x0000000082d00000, 0x0000000082c00000| Untracked 
|  45|0x0000000082d00000, 0x0000000082e00000, 0x0000000082e00000|100%|HS|  |TAMS 0x0000000082e00000, 0x0000000082d00000| Complete 
|  46|0x0000000082e00000, 0x0000000082f00000, 0x0000000082f00000|100%|HC|  |TAMS 0x0000000082f00000, 0x0000000082e00000| Complete 
|  47|0x0000000082f00000, 0x0000000083000000, 0x0000000083000000|100%| O|  |TAMS 0x0000000083000000, 0x0000000082f00000| Untracked 
|  48|0x0000000083000000, 0x0000000083100000, 0x0000000083100000|100%| O|  |TAMS 0x0000000083100000, 0x0000000083000000| Untracked 
|  49|0x0000000083100000, 0x0000000083200000, 0x0000000083200000|100%|HS|  |TAMS 0x0000000083200000, 0x0000000083100000| Complete 
|  50|0x0000000083200000, 0x0000000083300000, 0x0000000083300000|100%| O|  |TAMS 0x0000000083300000, 0x0000000083200000| Untracked 
|  51|0x0000000083300000, 0x0000000083400000, 0x0000000083400000|100%| O|  |TAMS 0x0000000083400000, 0x0000000083300000| Untracked 
|  52|0x0000000083400000, 0x0000000083500000, 0x0000000083500000|100%| O|  |TAMS 0x0000000083500000, 0x0000000083400000| Untracked 
|  53|0x0000000083500000, 0x0000000083600000, 0x0000000083600000|100%| O|  |TAMS 0x0000000083600000, 0x0000000083500000| Untracked 
|  54|0x0000000083600000, 0x0000000083700000, 0x0000000083700000|100%|HS|  |TAMS 0x0000000083700000, 0x0000000083600000| Complete 
|  55|0x0000000083700000, 0x0000000083800000, 0x0000000083800000|100%| O|  |TAMS 0x0000000083800000, 0x0000000083700000| Untracked 
|  56|0x0000000083800000, 0x0000000083900000, 0x0000000083900000|100%| O|  |TAMS 0x0000000083900000, 0x0000000083800000| Untracked 
|  57|0x0000000083900000, 0x0000000083a00000, 0x0000000083a00000|100%|HS|  |TAMS 0x0000000083a00000, 0x0000000083900000| Complete 
|  58|0x0000000083a00000, 0x0000000083b00000, 0x0000000083b00000|100%|HS|  |TAMS 0x0000000083b00000, 0x0000000083a00000| Complete 
|  59|0x0000000083b00000, 0x0000000083c00000, 0x0000000083c00000|100%|HS|  |TAMS 0x0000000083c00000, 0x0000000083b00000| Complete 
|  60|0x0000000083c00000, 0x0000000083d00000, 0x0000000083d00000|100%| O|  |TAMS 0x0000000083d00000, 0x0000000083c00000| Untracked 
|  61|0x0000000083d00000, 0x0000000083e00000, 0x0000000083e00000|100%|HS|  |TAMS 0x0000000083e00000, 0x0000000083d00000| Complete 
|  62|0x0000000083e00000, 0x0000000083f00000, 0x0000000083f00000|100%|HC|  |TAMS 0x0000000083f00000, 0x0000000083e00000| Complete 
|  63|0x0000000083f00000, 0x0000000084000000, 0x0000000084000000|100%|HC|  |TAMS 0x0000000084000000, 0x0000000083f00000| Complete 
|  64|0x0000000084000000, 0x0000000084100000, 0x0000000084100000|100%|HC|  |TAMS 0x0000000084100000, 0x0000000084000000| Complete 
|  65|0x0000000084100000, 0x0000000084200000, 0x0000000084200000|100%|HC|  |TAMS 0x0000000084200000, 0x0000000084100000| Complete 
|  66|0x0000000084200000, 0x0000000084300000, 0x0000000084300000|100%|HC|  |TAMS 0x0000000084300000, 0x0000000084200000| Complete 
|  67|0x0000000084300000, 0x0000000084400000, 0x0000000084400000|100%|HS|  |TAMS 0x0000000084400000, 0x0000000084300000| Complete 
|  68|0x0000000084400000, 0x0000000084500000, 0x0000000084500000|100%| O|  |TAMS 0x0000000084500000, 0x0000000084400000| Untracked 
|  69|0x0000000084500000, 0x0000000084600000, 0x0000000084600000|100%| O|  |TAMS 0x0000000084600000, 0x0000000084500000| Untracked 
|  70|0x0000000084600000, 0x0000000084700000, 0x0000000084700000|100%| O|  |TAMS 0x0000000084700000, 0x0000000084600000| Untracked 
|  71|0x0000000084700000, 0x0000000084800000, 0x0000000084800000|100%| O|  |TAMS 0x0000000084800000, 0x0000000084700000| Untracked 
|  72|0x0000000084800000, 0x0000000084900000, 0x0000000084900000|100%| O|  |TAMS 0x0000000084900000, 0x0000000084800000| Untracked 
|  73|0x0000000084900000, 0x0000000084a00000, 0x0000000084a00000|100%| O|  |TAMS 0x0000000084a00000, 0x0000000084900000| Untracked 
|  74|0x0000000084a00000, 0x0000000084b00000, 0x0000000084b00000|100%| O|  |TAMS 0x0000000084b00000, 0x0000000084a00000| Untracked 
|  75|0x0000000084b00000, 0x0000000084c00000, 0x0000000084c00000|100%| O|  |TAMS 0x0000000084c00000, 0x0000000084b00000| Untracked 
|  76|0x0000000084c00000, 0x0000000084d00000, 0x0000000084d00000|100%| O|  |TAMS 0x0000000084d00000, 0x0000000084c00000| Untracked 
|  77|0x0000000084d00000, 0x0000000084e00000, 0x0000000084e00000|100%| O|  |TAMS 0x0000000084e00000, 0x0000000084d00000| Untracked 
|  78|0x0000000084e00000, 0x0000000084f00000, 0x0000000084f00000|100%| O|  |TAMS 0x0000000084f00000, 0x0000000084e00000| Untracked 
|  79|0x0000000084f00000, 0x0000000085000000, 0x0000000085000000|100%| O|  |TAMS 0x0000000085000000, 0x0000000084f00000| Untracked 
|  80|0x0000000085000000, 0x0000000085100000, 0x0000000085100000|100%| O|  |TAMS 0x0000000085100000, 0x0000000085000000| Untracked 
|  81|0x0000000085100000, 0x0000000085200000, 0x0000000085200000|100%| O|  |TAMS 0x0000000085200000, 0x0000000085100000| Untracked 
|  82|0x0000000085200000, 0x0000000085300000, 0x0000000085300000|100%| O|  |TAMS 0x0000000085300000, 0x0000000085200000| Untracked 
|  83|0x0000000085300000, 0x0000000085400000, 0x0000000085400000|100%| O|  |TAMS 0x0000000085400000, 0x0000000085300000| Untracked 
|  84|0x0000000085400000, 0x0000000085500000, 0x0000000085500000|100%|HS|  |TAMS 0x0000000085500000, 0x0000000085400000| Complete 
|  85|0x0000000085500000, 0x0000000085600000, 0x0000000085600000|100%|HC|  |TAMS 0x0000000085600000, 0x0000000085500000| Complete 
|  86|0x0000000085600000, 0x0000000085700000, 0x0000000085700000|100%|HC|  |TAMS 0x0000000085700000, 0x0000000085600000| Complete 
|  87|0x0000000085700000, 0x0000000085800000, 0x0000000085800000|100%|HS|  |TAMS 0x0000000085800000, 0x0000000085700000| Complete 
|  88|0x0000000085800000, 0x0000000085900000, 0x0000000085900000|100%|HC|  |TAMS 0x0000000085900000, 0x0000000085800000| Complete 
|  89|0x0000000085900000, 0x0000000085a00000, 0x0000000085a00000|100%| O|  |TAMS 0x0000000085a00000, 0x0000000085900000| Untracked 
|  90|0x0000000085a00000, 0x0000000085b00000, 0x0000000085b00000|100%| O|  |TAMS 0x0000000085b00000, 0x0000000085a00000| Untracked 
|  91|0x0000000085b00000, 0x0000000085c00000, 0x0000000085c00000|100%| O|  |TAMS 0x0000000085c00000, 0x0000000085b00000| Untracked 
|  92|0x0000000085c00000, 0x0000000085d00000, 0x0000000085d00000|100%| O|  |TAMS 0x0000000085d00000, 0x0000000085c00000| Untracked 
|  93|0x0000000085d00000, 0x0000000085e00000, 0x0000000085e00000|100%| O|  |TAMS 0x0000000085e00000, 0x0000000085d00000| Untracked 
|  94|0x0000000085e00000, 0x0000000085f00000, 0x0000000085f00000|100%| O|  |TAMS 0x0000000085f00000, 0x0000000085e00000| Untracked 
|  95|0x0000000085f00000, 0x0000000086000000, 0x0000000086000000|100%| O|  |TAMS 0x0000000086000000, 0x0000000085f00000| Untracked 
|  96|0x0000000086000000, 0x0000000086100000, 0x0000000086100000|100%| O|  |TAMS 0x0000000086100000, 0x0000000086000000| Untracked 
|  97|0x0000000086100000, 0x0000000086200000, 0x0000000086200000|100%| O|  |TAMS 0x0000000086200000, 0x0000000086100000| Untracked 
|  98|0x0000000086200000, 0x0000000086300000, 0x0000000086300000|100%| O|  |TAMS 0x0000000086300000, 0x0000000086200000| Untracked 
|  99|0x0000000086300000, 0x0000000086400000, 0x0000000086400000|100%| O|  |TAMS 0x0000000086400000, 0x0000000086300000| Untracked 
| 100|0x0000000086400000, 0x0000000086500000, 0x0000000086500000|100%| O|  |TAMS 0x0000000086500000, 0x0000000086400000| Untracked 
| 101|0x0000000086500000, 0x0000000086600000, 0x0000000086600000|100%| O|  |TAMS 0x0000000086600000, 0x0000000086500000| Untracked 
| 102|0x0000000086600000, 0x0000000086700000, 0x0000000086700000|100%| O|  |TAMS 0x0000000086700000, 0x0000000086600000| Untracked 
| 103|0x0000000086700000, 0x0000000086800000, 0x0000000086800000|100%| O|  |TAMS 0x0000000086800000, 0x0000000086700000| Untracked 
| 104|0x0000000086800000, 0x0000000086900000, 0x0000000086900000|100%| O|  |TAMS 0x0000000086900000, 0x0000000086800000| Untracked 
| 105|0x0000000086900000, 0x0000000086a00000, 0x0000000086a00000|100%| O|  |TAMS 0x0000000086a00000, 0x0000000086900000| Untracked 
| 106|0x0000000086a00000, 0x0000000086b00000, 0x0000000086b00000|100%|HS|  |TAMS 0x0000000086b00000, 0x0000000086a00000| Complete 
| 107|0x0000000086b00000, 0x0000000086c00000, 0x0000000086c00000|100%|HC|  |TAMS 0x0000000086c00000, 0x0000000086b00000| Complete 
| 108|0x0000000086c00000, 0x0000000086d00000, 0x0000000086d00000|100%|HC|  |TAMS 0x0000000086d00000, 0x0000000086c00000| Complete 
| 109|0x0000000086d00000, 0x0000000086e00000, 0x0000000086e00000|100%|HC|  |TAMS 0x0000000086e00000, 0x0000000086d00000| Complete 
| 110|0x0000000086e00000, 0x0000000086f00000, 0x0000000086f00000|100%|HC|  |TAMS 0x0000000086f00000, 0x0000000086e00000| Complete 
| 111|0x0000000086f00000, 0x0000000087000000, 0x0000000087000000|100%|HC|  |TAMS 0x0000000087000000, 0x0000000086f00000| Complete 
| 112|0x0000000087000000, 0x0000000087100000, 0x0000000087100000|100%|HS|  |TAMS 0x0000000087100000, 0x0000000087000000| Complete 
| 113|0x0000000087100000, 0x0000000087200000, 0x0000000087200000|100%|HC|  |TAMS 0x0000000087200000, 0x0000000087100000| Complete 
| 114|0x0000000087200000, 0x0000000087300000, 0x0000000087300000|100%|HC|  |TAMS 0x0000000087300000, 0x0000000087200000| Complete 
| 115|0x0000000087300000, 0x0000000087400000, 0x0000000087400000|100%|HS|  |TAMS 0x0000000087400000, 0x0000000087300000| Complete 
| 116|0x0000000087400000, 0x0000000087500000, 0x0000000087500000|100%|HC|  |TAMS 0x0000000087500000, 0x0000000087400000| Complete 
| 117|0x0000000087500000, 0x0000000087600000, 0x0000000087600000|100%| O|  |TAMS 0x0000000087600000, 0x0000000087500000| Untracked 
| 118|0x0000000087600000, 0x0000000087700000, 0x0000000087700000|100%| O|  |TAMS 0x0000000087700000, 0x0000000087600000| Untracked 
| 119|0x0000000087700000, 0x0000000087800000, 0x0000000087800000|100%| O|  |TAMS 0x0000000087800000, 0x0000000087700000| Untracked 
| 120|0x0000000087800000, 0x0000000087900000, 0x0000000087900000|100%| O|  |TAMS 0x0000000087900000, 0x0000000087800000| Untracked 
| 121|0x0000000087900000, 0x0000000087a00000, 0x0000000087a00000|100%| O|  |TAMS 0x0000000087a00000, 0x0000000087900000| Untracked 
| 122|0x0000000087a00000, 0x0000000087b00000, 0x0000000087b00000|100%| O|  |TAMS 0x0000000087b00000, 0x0000000087a00000| Untracked 
| 123|0x0000000087b00000, 0x0000000087c00000, 0x0000000087c00000|100%| O|  |TAMS 0x0000000087c00000, 0x0000000087b00000| Untracked 
| 124|0x0000000087c00000, 0x0000000087d00000, 0x0000000087d00000|100%| O|  |TAMS 0x0000000087d00000, 0x0000000087c00000| Untracked 
| 125|0x0000000087d00000, 0x0000000087e00000, 0x0000000087e00000|100%| O|  |TAMS 0x0000000087e00000, 0x0000000087d00000| Untracked 
| 126|0x0000000087e00000, 0x0000000087f00000, 0x0000000087f00000|100%| O|  |TAMS 0x0000000087f00000, 0x0000000087e00000| Untracked 
| 127|0x0000000087f00000, 0x0000000088000000, 0x0000000088000000|100%| O|  |TAMS 0x0000000088000000, 0x0000000087f00000| Untracked 
| 128|0x0000000088000000, 0x0000000088100000, 0x0000000088100000|100%| O|  |TAMS 0x0000000088100000, 0x0000000088000000| Untracked 
| 129|0x0000000088100000, 0x0000000088200000, 0x0000000088200000|100%| O|  |TAMS 0x0000000088200000, 0x0000000088100000| Untracked 
| 130|0x0000000088200000, 0x0000000088300000, 0x0000000088300000|100%| O|  |TAMS 0x0000000088300000, 0x0000000088200000| Untracked 
| 131|0x0000000088300000, 0x0000000088400000, 0x0000000088400000|100%| O|  |TAMS 0x0000000088400000, 0x0000000088300000| Untracked 
| 132|0x0000000088400000, 0x0000000088500000, 0x0000000088500000|100%| O|  |TAMS 0x0000000088500000, 0x0000000088400000| Untracked 
| 133|0x0000000088500000, 0x0000000088600000, 0x0000000088600000|100%| O|  |TAMS 0x0000000088600000, 0x0000000088500000| Untracked 
| 134|0x0000000088600000, 0x0000000088700000, 0x0000000088700000|100%| O|  |TAMS 0x0000000088700000, 0x0000000088600000| Untracked 
| 135|0x0000000088700000, 0x0000000088800000, 0x0000000088800000|100%| O|  |TAMS 0x0000000088800000, 0x0000000088700000| Untracked 
| 136|0x0000000088800000, 0x0000000088900000, 0x0000000088900000|100%| O|  |TAMS 0x0000000088900000, 0x0000000088800000| Untracked 
| 137|0x0000000088900000, 0x0000000088a00000, 0x0000000088a00000|100%| O|  |TAMS 0x0000000088a00000, 0x0000000088900000| Untracked 
| 138|0x0000000088a00000, 0x0000000088b00000, 0x0000000088b00000|100%| O|  |TAMS 0x0000000088b00000, 0x0000000088a00000| Untracked 
| 139|0x0000000088b00000, 0x0000000088c00000, 0x0000000088c00000|100%| O|  |TAMS 0x0000000088c00000, 0x0000000088b00000| Untracked 
| 140|0x0000000088c00000, 0x0000000088d00000, 0x0000000088d00000|100%| O|  |TAMS 0x0000000088d00000, 0x0000000088c00000| Untracked 
| 141|0x0000000088d00000, 0x0000000088e00000, 0x0000000088e00000|100%| O|  |TAMS 0x0000000088e00000, 0x0000000088d00000| Untracked 
| 142|0x0000000088e00000, 0x0000000088f00000, 0x0000000088f00000|100%| O|  |TAMS 0x0000000088f00000, 0x0000000088e00000| Untracked 
| 143|0x0000000088f00000, 0x0000000089000000, 0x0000000089000000|100%| O|  |TAMS 0x0000000089000000, 0x0000000088f00000| Untracked 
| 144|0x0000000089000000, 0x0000000089100000, 0x0000000089100000|100%| O|  |TAMS 0x0000000089100000, 0x0000000089000000| Untracked 
| 145|0x0000000089100000, 0x0000000089200000, 0x0000000089200000|100%| O|  |TAMS 0x0000000089200000, 0x0000000089100000| Untracked 
| 146|0x0000000089200000, 0x0000000089300000, 0x0000000089300000|100%| O|  |TAMS 0x0000000089300000, 0x0000000089200000| Untracked 
| 147|0x0000000089300000, 0x0000000089400000, 0x0000000089400000|100%| O|  |TAMS 0x0000000089400000, 0x0000000089300000| Untracked 
| 148|0x0000000089400000, 0x0000000089500000, 0x0000000089500000|100%| O|  |TAMS 0x0000000089500000, 0x0000000089400000| Untracked 
| 149|0x0000000089500000, 0x0000000089600000, 0x0000000089600000|100%| O|  |TAMS 0x0000000089600000, 0x0000000089500000| Untracked 
| 150|0x0000000089600000, 0x0000000089700000, 0x0000000089700000|100%| O|  |TAMS 0x0000000089700000, 0x0000000089600000| Untracked 
| 151|0x0000000089700000, 0x0000000089800000, 0x0000000089800000|100%| O|  |TAMS 0x0000000089800000, 0x0000000089700000| Untracked 
| 152|0x0000000089800000, 0x0000000089900000, 0x0000000089900000|100%| O|  |TAMS 0x0000000089900000, 0x0000000089800000| Complete 
| 153|0x0000000089900000, 0x0000000089a00000, 0x0000000089a00000|100%| O|  |TAMS 0x0000000089a00000, 0x0000000089900000| Untracked 
| 154|0x0000000089a00000, 0x0000000089b00000, 0x0000000089b00000|100%| O|  |TAMS 0x0000000089b00000, 0x0000000089a00000| Untracked 
| 155|0x0000000089b00000, 0x0000000089c00000, 0x0000000089c00000|100%| O|  |TAMS 0x0000000089c00000, 0x0000000089b00000| Complete 
| 156|0x0000000089c00000, 0x0000000089d00000, 0x0000000089d00000|100%| O|  |TAMS 0x0000000089d00000, 0x0000000089c00000| Complete 
| 157|0x0000000089d00000, 0x0000000089e00000, 0x0000000089e00000|100%| O|  |TAMS 0x0000000089e00000, 0x0000000089d00000| Complete 
| 158|0x0000000089e00000, 0x0000000089f00000, 0x0000000089f00000|100%| O|  |TAMS 0x0000000089e00000, 0x0000000089e00000| Untracked 
| 159|0x0000000089f00000, 0x0000000089f00000, 0x000000008a000000|  0%| F|  |TAMS 0x0000000089f00000, 0x0000000089f00000| Untracked 
| 160|0x000000008a000000, 0x000000008a000000, 0x000000008a100000|  0%| F|  |TAMS 0x000000008a000000, 0x000000008a000000| Untracked 
| 161|0x000000008a100000, 0x000000008a100000, 0x000000008a200000|  0%| F|  |TAMS 0x000000008a100000, 0x000000008a100000| Untracked 
| 162|0x000000008a200000, 0x000000008a200000, 0x000000008a300000|  0%| F|  |TAMS 0x000000008a200000, 0x000000008a200000| Untracked 
| 163|0x000000008a300000, 0x000000008a400000, 0x000000008a400000|100%| O|  |TAMS 0x000000008a400000, 0x000000008a300000| Untracked 
| 164|0x000000008a400000, 0x000000008a500000, 0x000000008a500000|100%| O|  |TAMS 0x000000008a500000, 0x000000008a400000| Untracked 
| 165|0x000000008a500000, 0x000000008a600000, 0x000000008a600000|100%| O|  |TAMS 0x000000008a600000, 0x000000008a500000| Untracked 
| 166|0x000000008a600000, 0x000000008a600000, 0x000000008a700000|  0%| F|  |TAMS 0x000000008a600000, 0x000000008a600000| Untracked 
| 167|0x000000008a700000, 0x000000008a800000, 0x000000008a800000|100%| O|  |TAMS 0x000000008a800000, 0x000000008a700000| Untracked 
| 168|0x000000008a800000, 0x000000008a900000, 0x000000008a900000|100%| O|  |TAMS 0x000000008a900000, 0x000000008a800000| Untracked 
| 169|0x000000008a900000, 0x000000008a900000, 0x000000008aa00000|  0%| F|  |TAMS 0x000000008a900000, 0x000000008a900000| Untracked 
| 170|0x000000008aa00000, 0x000000008ab00000, 0x000000008ab00000|100%|HS|  |TAMS 0x000000008ab00000, 0x000000008aa00000| Complete 
| 171|0x000000008ab00000, 0x000000008ac00000, 0x000000008ac00000|100%|HC|  |TAMS 0x000000008ac00000, 0x000000008ab00000| Complete 
| 172|0x000000008ac00000, 0x000000008ad00000, 0x000000008ad00000|100%|HC|  |TAMS 0x000000008ad00000, 0x000000008ac00000| Complete 
| 173|0x000000008ad00000, 0x000000008ad00000, 0x000000008ae00000|  0%| F|  |TAMS 0x000000008ad00000, 0x000000008ad00000| Untracked 
| 174|0x000000008ae00000, 0x000000008af00000, 0x000000008af00000|100%| O|  |TAMS 0x000000008af00000, 0x000000008ae00000| Complete 
| 175|0x000000008af00000, 0x000000008b000000, 0x000000008b000000|100%| O|  |TAMS 0x000000008b000000, 0x000000008af00000| Complete 
| 176|0x000000008b000000, 0x000000008b000000, 0x000000008b100000|  0%| F|  |TAMS 0x000000008b000000, 0x000000008b000000| Untracked 
| 177|0x000000008b100000, 0x000000008b200000, 0x000000008b200000|100%| O|  |TAMS 0x000000008b200000, 0x000000008b100000| Complete 
| 178|0x000000008b200000, 0x000000008b200000, 0x000000008b300000|  0%| F|  |TAMS 0x000000008b200000, 0x000000008b200000| Untracked 
| 179|0x000000008b300000, 0x000000008b300000, 0x000000008b400000|  0%| F|  |TAMS 0x000000008b300000, 0x000000008b300000| Untracked 
| 180|0x000000008b400000, 0x000000008b400000, 0x000000008b500000|  0%| F|  |TAMS 0x000000008b400000, 0x000000008b400000| Untracked 
| 181|0x000000008b500000, 0x000000008b500000, 0x000000008b600000|  0%| F|  |TAMS 0x000000008b500000, 0x000000008b500000| Untracked 
| 182|0x000000008b600000, 0x000000008b700000, 0x000000008b700000|100%| O|  |TAMS 0x000000008b700000, 0x000000008b600000| Untracked 
| 183|0x000000008b700000, 0x000000008b800000, 0x000000008b800000|100%| O|  |TAMS 0x000000008b800000, 0x000000008b700000| Untracked 
| 184|0x000000008b800000, 0x000000008b900000, 0x000000008b900000|100%| O|  |TAMS 0x000000008b800000, 0x000000008b800000| Untracked 
| 185|0x000000008b900000, 0x000000008ba00000, 0x000000008ba00000|100%| O|  |TAMS 0x000000008ba00000, 0x000000008b900000| Untracked 
| 186|0x000000008ba00000, 0x000000008bb00000, 0x000000008bb00000|100%| O|  |TAMS 0x000000008bb00000, 0x000000008ba00000| Complete 
| 187|0x000000008bb00000, 0x000000008bb00000, 0x000000008bc00000|  0%| F|  |TAMS 0x000000008bb00000, 0x000000008bb00000| Untracked 
| 188|0x000000008bc00000, 0x000000008bc00000, 0x000000008bd00000|  0%| F|  |TAMS 0x000000008bc00000, 0x000000008bc00000| Untracked 
| 189|0x000000008bd00000, 0x000000008be00000, 0x000000008be00000|100%| O|  |TAMS 0x000000008be00000, 0x000000008bd00000| Complete 
| 190|0x000000008be00000, 0x000000008bf00000, 0x000000008bf00000|100%| O|  |TAMS 0x000000008bf00000, 0x000000008be00000| Complete 
| 191|0x000000008bf00000, 0x000000008bf00000, 0x000000008c000000|  0%| F|  |TAMS 0x000000008bf00000, 0x000000008bf00000| Untracked 
| 192|0x000000008c000000, 0x000000008c100000, 0x000000008c100000|100%| O|  |TAMS 0x000000008c100000, 0x000000008c000000| Untracked 
| 193|0x000000008c100000, 0x000000008c100000, 0x000000008c200000|  0%| F|  |TAMS 0x000000008c100000, 0x000000008c100000| Untracked 
| 194|0x000000008c200000, 0x000000008c200000, 0x000000008c300000|  0%| F|  |TAMS 0x000000008c200000, 0x000000008c200000| Untracked 
| 195|0x000000008c300000, 0x000000008c400000, 0x000000008c400000|100%| O|  |TAMS 0x000000008c300000, 0x000000008c300000| Untracked 
| 196|0x000000008c400000, 0x000000008c400000, 0x000000008c500000|  0%| F|  |TAMS 0x000000008c400000, 0x000000008c400000| Untracked 
| 197|0x000000008c500000, 0x000000008c500000, 0x000000008c600000|  0%| F|  |TAMS 0x000000008c500000, 0x000000008c500000| Untracked 
| 198|0x000000008c600000, 0x000000008c700000, 0x000000008c700000|100%| O|  |TAMS 0x000000008c700000, 0x000000008c600000| Complete 
| 199|0x000000008c700000, 0x000000008c800000, 0x000000008c800000|100%| O|  |TAMS 0x000000008c800000, 0x000000008c700000| Untracked 
| 200|0x000000008c800000, 0x000000008c900000, 0x000000008c900000|100%| O|  |TAMS 0x000000008c900000, 0x000000008c800000| Untracked 
| 201|0x000000008c900000, 0x000000008ca00000, 0x000000008ca00000|100%| O|  |TAMS 0x000000008ca00000, 0x000000008c900000| Complete 
| 202|0x000000008ca00000, 0x000000008cb00000, 0x000000008cb00000|100%| O|  |TAMS 0x000000008cb00000, 0x000000008ca00000| Untracked 
| 203|0x000000008cb00000, 0x000000008cc00000, 0x000000008cc00000|100%| O|  |TAMS 0x000000008cc00000, 0x000000008cb00000| Complete 
| 204|0x000000008cc00000, 0x000000008cd00000, 0x000000008cd00000|100%| O|  |TAMS 0x000000008cd00000, 0x000000008cc00000| Untracked 
| 205|0x000000008cd00000, 0x000000008ce00000, 0x000000008ce00000|100%| O|  |TAMS 0x000000008ce00000, 0x000000008cd00000| Untracked 
| 206|0x000000008ce00000, 0x000000008cf00000, 0x000000008cf00000|100%| O|  |TAMS 0x000000008cf00000, 0x000000008ce00000| Untracked 
| 207|0x000000008cf00000, 0x000000008d000000, 0x000000008d000000|100%| O|  |TAMS 0x000000008d000000, 0x000000008cf00000| Untracked 
| 208|0x000000008d000000, 0x000000008d100000, 0x000000008d100000|100%| O|  |TAMS 0x000000008d100000, 0x000000008d000000| Untracked 
| 209|0x000000008d100000, 0x000000008d200000, 0x000000008d200000|100%| O|  |TAMS 0x000000008d200000, 0x000000008d100000| Complete 
| 210|0x000000008d200000, 0x000000008d300000, 0x000000008d300000|100%| O|  |TAMS 0x000000008d300000, 0x000000008d200000| Complete 
| 211|0x000000008d300000, 0x000000008d400000, 0x000000008d400000|100%| O|  |TAMS 0x000000008d400000, 0x000000008d300000| Complete 
| 212|0x000000008d400000, 0x000000008d400000, 0x000000008d500000|  0%| F|  |TAMS 0x000000008d400000, 0x000000008d400000| Untracked 
| 213|0x000000008d500000, 0x000000008d600000, 0x000000008d600000|100%| O|  |TAMS 0x000000008d600000, 0x000000008d500000| Untracked 
| 214|0x000000008d600000, 0x000000008d700000, 0x000000008d700000|100%| O|  |TAMS 0x000000008d700000, 0x000000008d600000| Complete 
| 215|0x000000008d700000, 0x000000008d800000, 0x000000008d800000|100%| O|  |TAMS 0x000000008d800000, 0x000000008d700000| Complete 
| 216|0x000000008d800000, 0x000000008d900000, 0x000000008d900000|100%| O|  |TAMS 0x000000008d900000, 0x000000008d800000| Untracked 
| 217|0x000000008d900000, 0x000000008da00000, 0x000000008da00000|100%| O|  |TAMS 0x000000008da00000, 0x000000008d900000| Untracked 
| 218|0x000000008da00000, 0x000000008db00000, 0x000000008db00000|100%| O|  |TAMS 0x000000008db00000, 0x000000008da00000| Untracked 
| 219|0x000000008db00000, 0x000000008dc00000, 0x000000008dc00000|100%| O|  |TAMS 0x000000008dc00000, 0x000000008db00000| Untracked 
| 220|0x000000008dc00000, 0x000000008dd00000, 0x000000008dd00000|100%| O|  |TAMS 0x000000008dd00000, 0x000000008dc00000| Untracked 
| 221|0x000000008dd00000, 0x000000008de00000, 0x000000008de00000|100%| O|  |TAMS 0x000000008de00000, 0x000000008dd00000| Untracked 
| 222|0x000000008de00000, 0x000000008df00000, 0x000000008df00000|100%| O|  |TAMS 0x000000008df00000, 0x000000008de00000| Untracked 
| 223|0x000000008df00000, 0x000000008e000000, 0x000000008e000000|100%| O|  |TAMS 0x000000008e000000, 0x000000008df00000| Complete 
| 224|0x000000008e000000, 0x000000008e100000, 0x000000008e100000|100%| O|  |TAMS 0x000000008e100000, 0x000000008e000000| Complete 
| 225|0x000000008e100000, 0x000000008e200000, 0x000000008e200000|100%| O|  |TAMS 0x000000008e200000, 0x000000008e100000| Complete 
| 226|0x000000008e200000, 0x000000008e300000, 0x000000008e300000|100%| O|  |TAMS 0x000000008e300000, 0x000000008e200000| Complete 
| 227|0x000000008e300000, 0x000000008e400000, 0x000000008e400000|100%| O|  |TAMS 0x000000008e400000, 0x000000008e300000| Untracked 
| 228|0x000000008e400000, 0x000000008e500000, 0x000000008e500000|100%| O|  |TAMS 0x000000008e500000, 0x000000008e400000| Complete 
| 229|0x000000008e500000, 0x000000008e600000, 0x000000008e600000|100%| O|  |TAMS 0x000000008e600000, 0x000000008e500000| Complete 
| 230|0x000000008e600000, 0x000000008e700000, 0x000000008e700000|100%| O|  |TAMS 0x000000008e700000, 0x000000008e600000| Complete 
| 231|0x000000008e700000, 0x000000008e800000, 0x000000008e800000|100%| O|  |TAMS 0x000000008e800000, 0x000000008e700000| Untracked 
| 232|0x000000008e800000, 0x000000008e900000, 0x000000008e900000|100%| O|  |TAMS 0x000000008e900000, 0x000000008e800000| Untracked 
| 233|0x000000008e900000, 0x000000008ea00000, 0x000000008ea00000|100%| O|  |TAMS 0x000000008ea00000, 0x000000008e900000| Complete 
| 234|0x000000008ea00000, 0x000000008eb00000, 0x000000008eb00000|100%| O|  |TAMS 0x000000008eb00000, 0x000000008ea00000| Complete 
| 235|0x000000008eb00000, 0x000000008ec00000, 0x000000008ec00000|100%| O|  |TAMS 0x000000008ec00000, 0x000000008eb00000| Complete 
| 236|0x000000008ec00000, 0x000000008ec00000, 0x000000008ed00000|  0%| F|  |TAMS 0x000000008ec00000, 0x000000008ec00000| Untracked 
| 237|0x000000008ed00000, 0x000000008ee00000, 0x000000008ee00000|100%| O|  |TAMS 0x000000008ee00000, 0x000000008ed00000| Untracked 
| 238|0x000000008ee00000, 0x000000008ef00000, 0x000000008ef00000|100%| O|  |TAMS 0x000000008ef00000, 0x000000008ee00000| Untracked 
| 239|0x000000008ef00000, 0x000000008f000000, 0x000000008f000000|100%| O|  |TAMS 0x000000008f000000, 0x000000008ef00000| Untracked 
| 240|0x000000008f000000, 0x000000008f100000, 0x000000008f100000|100%| O|  |TAMS 0x000000008f100000, 0x000000008f000000| Untracked 
| 241|0x000000008f100000, 0x000000008f200000, 0x000000008f200000|100%| O|  |TAMS 0x000000008f200000, 0x000000008f100000| Untracked 
| 242|0x000000008f200000, 0x000000008f300000, 0x000000008f300000|100%| O|  |TAMS 0x000000008f300000, 0x000000008f200000| Untracked 
| 243|0x000000008f300000, 0x000000008f400000, 0x000000008f400000|100%| O|  |TAMS 0x000000008f400000, 0x000000008f300000| Untracked 
| 244|0x000000008f400000, 0x000000008f400000, 0x000000008f500000|  0%| F|  |TAMS 0x000000008f400000, 0x000000008f400000| Untracked 
| 245|0x000000008f500000, 0x000000008f500000, 0x000000008f600000|  0%| F|  |TAMS 0x000000008f500000, 0x000000008f500000| Untracked 
| 246|0x000000008f600000, 0x000000008f700000, 0x000000008f700000|100%| O|  |TAMS 0x000000008f700000, 0x000000008f600000| Complete 
| 247|0x000000008f700000, 0x000000008f800000, 0x000000008f800000|100%| O|  |TAMS 0x000000008f800000, 0x000000008f700000| Untracked 
| 248|0x000000008f800000, 0x000000008f800000, 0x000000008f900000|  0%| F|  |TAMS 0x000000008f800000, 0x000000008f800000| Untracked 
| 249|0x000000008f900000, 0x000000008f900000, 0x000000008fa00000|  0%| F|  |TAMS 0x000000008f900000, 0x000000008f900000| Untracked 
| 250|0x000000008fa00000, 0x000000008fb00000, 0x000000008fb00000|100%| O|  |TAMS 0x000000008fb00000, 0x000000008fa00000| Untracked 
| 251|0x000000008fb00000, 0x000000008fb00000, 0x000000008fc00000|  0%| F|  |TAMS 0x000000008fb00000, 0x000000008fb00000| Untracked 
| 252|0x000000008fc00000, 0x000000008fc00000, 0x000000008fd00000|  0%| F|  |TAMS 0x000000008fc00000, 0x000000008fc00000| Untracked 
| 253|0x000000008fd00000, 0x000000008fd00000, 0x000000008fe00000|  0%| F|  |TAMS 0x000000008fd00000, 0x000000008fd00000| Untracked 
| 254|0x000000008fe00000, 0x000000008ff00000, 0x000000008ff00000|100%| O|  |TAMS 0x000000008ff00000, 0x000000008fe00000| Complete 
| 255|0x000000008ff00000, 0x0000000090000000, 0x0000000090000000|100%| O|  |TAMS 0x0000000090000000, 0x000000008ff00000| Complete 
| 256|0x0000000090000000, 0x0000000090000000, 0x0000000090100000|  0%| F|  |TAMS 0x0000000090000000, 0x0000000090000000| Untracked 
| 257|0x0000000090100000, 0x0000000090100000, 0x0000000090200000|  0%| F|  |TAMS 0x0000000090100000, 0x0000000090100000| Untracked 
| 258|0x0000000090200000, 0x0000000090200000, 0x0000000090300000|  0%| F|  |TAMS 0x0000000090200000, 0x0000000090200000| Untracked 
| 259|0x0000000090300000, 0x0000000090300000, 0x0000000090400000|  0%| F|  |TAMS 0x0000000090300000, 0x0000000090300000| Untracked 
| 260|0x0000000090400000, 0x0000000090400000, 0x0000000090500000|  0%| F|  |TAMS 0x0000000090400000, 0x0000000090400000| Untracked 
| 261|0x0000000090500000, 0x0000000090600000, 0x0000000090600000|100%| O|  |TAMS 0x0000000090600000, 0x0000000090500000| Untracked 
| 262|0x0000000090600000, 0x0000000090700000, 0x0000000090700000|100%| O|  |TAMS 0x0000000090700000, 0x0000000090600000| Untracked 
| 263|0x0000000090700000, 0x0000000090800000, 0x0000000090800000|100%| O|  |TAMS 0x0000000090800000, 0x0000000090700000| Untracked 
| 264|0x0000000090800000, 0x0000000090900000, 0x0000000090900000|100%| O|  |TAMS 0x0000000090900000, 0x0000000090800000| Untracked 
| 265|0x0000000090900000, 0x0000000090a00000, 0x0000000090a00000|100%| O|  |TAMS 0x0000000090a00000, 0x0000000090900000| Untracked 
| 266|0x0000000090a00000, 0x0000000090b00000, 0x0000000090b00000|100%| O|  |TAMS 0x0000000090b00000, 0x0000000090a00000| Untracked 
| 267|0x0000000090b00000, 0x0000000090c00000, 0x0000000090c00000|100%| O|  |TAMS 0x0000000090c00000, 0x0000000090b00000| Complete 
| 268|0x0000000090c00000, 0x0000000090d00000, 0x0000000090d00000|100%| O|  |TAMS 0x0000000090c00000, 0x0000000090c00000| Untracked 
| 269|0x0000000090d00000, 0x0000000090d00000, 0x0000000090e00000|  0%| F|  |TAMS 0x0000000090d00000, 0x0000000090d00000| Untracked 
| 270|0x0000000090e00000, 0x0000000090f00000, 0x0000000090f00000|100%| O|  |TAMS 0x0000000090f00000, 0x0000000090e00000| Untracked 
| 271|0x0000000090f00000, 0x0000000090f00000, 0x0000000091000000|  0%| F|  |TAMS 0x0000000090f00000, 0x0000000090f00000| Untracked 
| 272|0x0000000091000000, 0x0000000091100000, 0x0000000091100000|100%| O|  |TAMS 0x0000000091100000, 0x0000000091000000| Complete 
| 273|0x0000000091100000, 0x0000000091200000, 0x0000000091200000|100%| O|  |TAMS 0x0000000091200000, 0x0000000091100000| Untracked 
| 274|0x0000000091200000, 0x0000000091300000, 0x0000000091300000|100%| O|  |TAMS 0x0000000091300000, 0x0000000091200000| Untracked 
| 275|0x0000000091300000, 0x0000000091400000, 0x0000000091400000|100%| O|  |TAMS 0x0000000091400000, 0x0000000091300000| Untracked 
| 276|0x0000000091400000, 0x0000000091500000, 0x0000000091500000|100%| O|  |TAMS 0x0000000091500000, 0x0000000091400000| Untracked 
| 277|0x0000000091500000, 0x0000000091600000, 0x0000000091600000|100%| O|  |TAMS 0x0000000091600000, 0x0000000091500000| Untracked 
| 278|0x0000000091600000, 0x0000000091700000, 0x0000000091700000|100%| O|  |TAMS 0x0000000091700000, 0x0000000091600000| Untracked 
| 279|0x0000000091700000, 0x0000000091800000, 0x0000000091800000|100%| O|  |TAMS 0x0000000091800000, 0x0000000091700000| Untracked 
| 280|0x0000000091800000, 0x0000000091900000, 0x0000000091900000|100%| O|  |TAMS 0x0000000091900000, 0x0000000091800000| Untracked 
| 281|0x0000000091900000, 0x0000000091a00000, 0x0000000091a00000|100%| O|  |TAMS 0x0000000091a00000, 0x0000000091900000| Untracked 
| 282|0x0000000091a00000, 0x0000000091b00000, 0x0000000091b00000|100%| O|  |TAMS 0x0000000091b00000, 0x0000000091a00000| Untracked 
| 283|0x0000000091b00000, 0x0000000091c00000, 0x0000000091c00000|100%| O|  |TAMS 0x0000000091c00000, 0x0000000091b00000| Complete 
| 284|0x0000000091c00000, 0x0000000091d00000, 0x0000000091d00000|100%| O|  |TAMS 0x0000000091d00000, 0x0000000091c00000| Complete 
| 285|0x0000000091d00000, 0x0000000091d00000, 0x0000000091e00000|  0%| F|  |TAMS 0x0000000091d00000, 0x0000000091d00000| Untracked 
| 286|0x0000000091e00000, 0x0000000091f00000, 0x0000000091f00000|100%| O|  |TAMS 0x0000000091f00000, 0x0000000091e00000| Untracked 
| 287|0x0000000091f00000, 0x0000000092000000, 0x0000000092000000|100%| O|  |TAMS 0x0000000092000000, 0x0000000091f00000| Untracked 
| 288|0x0000000092000000, 0x0000000092100000, 0x0000000092100000|100%| O|  |TAMS 0x0000000092100000, 0x0000000092000000| Untracked 
| 289|0x0000000092100000, 0x0000000092200000, 0x0000000092200000|100%| O|  |TAMS 0x0000000092200000, 0x0000000092100000| Untracked 
| 290|0x0000000092200000, 0x0000000092300000, 0x0000000092300000|100%| O|  |TAMS 0x0000000092300000, 0x0000000092200000| Untracked 
| 291|0x0000000092300000, 0x0000000092400000, 0x0000000092400000|100%| O|  |TAMS 0x0000000092400000, 0x0000000092300000| Untracked 
| 292|0x0000000092400000, 0x0000000092500000, 0x0000000092500000|100%| O|  |TAMS 0x0000000092500000, 0x0000000092400000| Complete 
| 293|0x0000000092500000, 0x0000000092600000, 0x0000000092600000|100%| O|  |TAMS 0x0000000092600000, 0x0000000092500000| Complete 
| 294|0x0000000092600000, 0x0000000092600000, 0x0000000092700000|  0%| F|  |TAMS 0x0000000092600000, 0x0000000092600000| Untracked 
| 295|0x0000000092700000, 0x0000000092700000, 0x0000000092800000|  0%| F|  |TAMS 0x0000000092700000, 0x0000000092700000| Untracked 
| 296|0x0000000092800000, 0x0000000092900000, 0x0000000092900000|100%| O|  |TAMS 0x0000000092900000, 0x0000000092800000| Untracked 
| 297|0x0000000092900000, 0x0000000092a00000, 0x0000000092a00000|100%| O|  |TAMS 0x0000000092a00000, 0x0000000092900000| Untracked 
| 298|0x0000000092a00000, 0x0000000092a00000, 0x0000000092b00000|  0%| F|  |TAMS 0x0000000092a00000, 0x0000000092a00000| Untracked 
| 299|0x0000000092b00000, 0x0000000092b00000, 0x0000000092c00000|  0%| F|  |TAMS 0x0000000092b00000, 0x0000000092b00000| Untracked 
| 300|0x0000000092c00000, 0x0000000092c00000, 0x0000000092d00000|  0%| F|  |TAMS 0x0000000092c00000, 0x0000000092c00000| Untracked 
| 301|0x0000000092d00000, 0x0000000092d00000, 0x0000000092e00000|  0%| F|  |TAMS 0x0000000092d00000, 0x0000000092d00000| Untracked 
| 302|0x0000000092e00000, 0x0000000092e00000, 0x0000000092f00000|  0%| F|  |TAMS 0x0000000092e00000, 0x0000000092e00000| Untracked 
| 303|0x0000000092f00000, 0x0000000092f00000, 0x0000000093000000|  0%| F|  |TAMS 0x0000000092f00000, 0x0000000092f00000| Untracked 
| 304|0x0000000093000000, 0x0000000093000000, 0x0000000093100000|  0%| F|  |TAMS 0x0000000093000000, 0x0000000093000000| Untracked 
| 305|0x0000000093100000, 0x0000000093200000, 0x0000000093200000|100%| O|  |TAMS 0x0000000093200000, 0x0000000093100000| Complete 
| 306|0x0000000093200000, 0x0000000093300000, 0x0000000093300000|100%| O|  |TAMS 0x0000000093300000, 0x0000000093200000| Untracked 
| 307|0x0000000093300000, 0x0000000093400000, 0x0000000093400000|100%| O|  |TAMS 0x0000000093400000, 0x0000000093300000| Untracked 
| 308|0x0000000093400000, 0x0000000093500000, 0x0000000093500000|100%| O|  |TAMS 0x0000000093500000, 0x0000000093400000| Complete 
| 309|0x0000000093500000, 0x0000000093600000, 0x0000000093600000|100%| O|  |TAMS 0x0000000093600000, 0x0000000093500000| Untracked 
| 310|0x0000000093600000, 0x0000000093700000, 0x0000000093700000|100%| O|  |TAMS 0x0000000093700000, 0x0000000093600000| Complete 
| 311|0x0000000093700000, 0x0000000093800000, 0x0000000093800000|100%| O|  |TAMS 0x0000000093800000, 0x0000000093700000| Complete 
| 312|0x0000000093800000, 0x0000000093800000, 0x0000000093900000|  0%| F|  |TAMS 0x0000000093800000, 0x0000000093800000| Untracked 
| 313|0x0000000093900000, 0x0000000093a00000, 0x0000000093a00000|100%| O|  |TAMS 0x0000000093a00000, 0x0000000093900000| Complete 
| 314|0x0000000093a00000, 0x0000000093b00000, 0x0000000093b00000|100%|HS|  |TAMS 0x0000000093b00000, 0x0000000093a00000| Complete 
| 315|0x0000000093b00000, 0x0000000093b00000, 0x0000000093c00000|  0%| F|  |TAMS 0x0000000093b00000, 0x0000000093b00000| Untracked 
| 316|0x0000000093c00000, 0x0000000093d00000, 0x0000000093d00000|100%| O|  |TAMS 0x0000000093d00000, 0x0000000093c00000| Complete 
| 317|0x0000000093d00000, 0x0000000093e00000, 0x0000000093e00000|100%| O|  |TAMS 0x0000000093e00000, 0x0000000093d00000| Complete 
| 318|0x0000000093e00000, 0x0000000093f00000, 0x0000000093f00000|100%| O|  |TAMS 0x0000000093f00000, 0x0000000093e00000| Complete 
| 319|0x0000000093f00000, 0x0000000094000000, 0x0000000094000000|100%| O|  |TAMS 0x0000000094000000, 0x0000000093f00000| Complete 
| 320|0x0000000094000000, 0x0000000094100000, 0x0000000094100000|100%| O|  |TAMS 0x0000000094100000, 0x0000000094000000| Untracked 
| 321|0x0000000094100000, 0x0000000094200000, 0x0000000094200000|100%| O|  |TAMS 0x0000000094200000, 0x0000000094100000| Complete 
| 322|0x0000000094200000, 0x0000000094200000, 0x0000000094300000|  0%| F|  |TAMS 0x0000000094200000, 0x0000000094200000| Untracked 
| 323|0x0000000094300000, 0x0000000094300000, 0x0000000094400000|  0%| F|  |TAMS 0x0000000094300000, 0x0000000094300000| Untracked 
| 324|0x0000000094400000, 0x0000000094400000, 0x0000000094500000|  0%| F|  |TAMS 0x0000000094400000, 0x0000000094400000| Untracked 
| 325|0x0000000094500000, 0x0000000094500000, 0x0000000094600000|  0%| F|  |TAMS 0x0000000094500000, 0x0000000094500000| Untracked 
| 326|0x0000000094600000, 0x0000000094600000, 0x0000000094700000|  0%| F|  |TAMS 0x0000000094600000, 0x0000000094600000| Untracked 
| 327|0x0000000094700000, 0x0000000094700000, 0x0000000094800000|  0%| F|  |TAMS 0x0000000094700000, 0x0000000094700000| Untracked 
| 328|0x0000000094800000, 0x0000000094800000, 0x0000000094900000|  0%| F|  |TAMS 0x0000000094800000, 0x0000000094800000| Untracked 
| 329|0x0000000094900000, 0x0000000094900000, 0x0000000094a00000|  0%| F|  |TAMS 0x0000000094900000, 0x0000000094900000| Untracked 
| 330|0x0000000094a00000, 0x0000000094a00000, 0x0000000094b00000|  0%| F|  |TAMS 0x0000000094a00000, 0x0000000094a00000| Untracked 
| 331|0x0000000094b00000, 0x0000000094b00000, 0x0000000094c00000|  0%| F|  |TAMS 0x0000000094b00000, 0x0000000094b00000| Untracked 
| 332|0x0000000094c00000, 0x0000000094d00000, 0x0000000094d00000|100%| O|  |TAMS 0x0000000094d00000, 0x0000000094c00000| Complete 
| 333|0x0000000094d00000, 0x0000000094e00000, 0x0000000094e00000|100%|HS|  |TAMS 0x0000000094e00000, 0x0000000094d00000| Complete 
| 334|0x0000000094e00000, 0x0000000094f00000, 0x0000000094f00000|100%|HC|  |TAMS 0x0000000094f00000, 0x0000000094e00000| Complete 
| 335|0x0000000094f00000, 0x0000000095000000, 0x0000000095000000|100%|HS|  |TAMS 0x0000000095000000, 0x0000000094f00000| Complete 
| 336|0x0000000095000000, 0x0000000095100000, 0x0000000095100000|100%|HC|  |TAMS 0x0000000095100000, 0x0000000095000000| Complete 
| 337|0x0000000095100000, 0x0000000095200000, 0x0000000095200000|100%|HS|  |TAMS 0x0000000095200000, 0x0000000095100000| Complete 
| 338|0x0000000095200000, 0x0000000095300000, 0x0000000095300000|100%| O|  |TAMS 0x0000000095300000, 0x0000000095200000| Complete 
| 339|0x0000000095300000, 0x0000000095400000, 0x0000000095400000|100%|HS|  |TAMS 0x0000000095400000, 0x0000000095300000| Complete 
| 340|0x0000000095400000, 0x0000000095500000, 0x0000000095500000|100%|HS|  |TAMS 0x0000000095500000, 0x0000000095400000| Complete 
| 341|0x0000000095500000, 0x0000000095600000, 0x0000000095600000|100%|HS|  |TAMS 0x0000000095600000, 0x0000000095500000| Complete 
| 342|0x0000000095600000, 0x0000000095700000, 0x0000000095700000|100%|HS|  |TAMS 0x0000000095700000, 0x0000000095600000| Complete 
| 343|0x0000000095700000, 0x0000000095800000, 0x0000000095800000|100%|HC|  |TAMS 0x0000000095800000, 0x0000000095700000| Complete 
| 344|0x0000000095800000, 0x0000000095900000, 0x0000000095900000|100%|HC|  |TAMS 0x0000000095900000, 0x0000000095800000| Complete 
| 345|0x0000000095900000, 0x0000000095a00000, 0x0000000095a00000|100%|HS|  |TAMS 0x0000000095a00000, 0x0000000095900000| Complete 
| 346|0x0000000095a00000, 0x0000000095b00000, 0x0000000095b00000|100%|HS|  |TAMS 0x0000000095b00000, 0x0000000095a00000| Complete 
| 347|0x0000000095b00000, 0x0000000095c00000, 0x0000000095c00000|100%|HS|  |TAMS 0x0000000095c00000, 0x0000000095b00000| Complete 
| 348|0x0000000095c00000, 0x0000000095d00000, 0x0000000095d00000|100%|HC|  |TAMS 0x0000000095d00000, 0x0000000095c00000| Complete 
| 349|0x0000000095d00000, 0x0000000095e00000, 0x0000000095e00000|100%| O|  |TAMS 0x0000000095d00000, 0x0000000095d00000| Untracked 
| 350|0x0000000095e00000, 0x0000000095f00000, 0x0000000095f00000|100%| O|  |TAMS 0x0000000095e00000, 0x0000000095e00000| Untracked 
| 351|0x0000000095f00000, 0x0000000096000000, 0x0000000096000000|100%| O|  |TAMS 0x0000000095f00000, 0x0000000095f00000| Untracked 
| 352|0x0000000096000000, 0x0000000096100000, 0x0000000096100000|100%| O|  |TAMS 0x0000000096000000, 0x0000000096000000| Untracked 
| 353|0x0000000096100000, 0x0000000096200000, 0x0000000096200000|100%| O|  |TAMS 0x0000000096100000, 0x0000000096100000| Untracked 
| 354|0x0000000096200000, 0x0000000096300000, 0x0000000096300000|100%| O|  |TAMS 0x0000000096200000, 0x0000000096200000| Untracked 
| 355|0x0000000096300000, 0x0000000096400000, 0x0000000096400000|100%|HS|  |TAMS 0x0000000096400000, 0x0000000096300000| Complete 
| 356|0x0000000096400000, 0x0000000096500000, 0x0000000096500000|100%|HS|  |TAMS 0x0000000096500000, 0x0000000096400000| Complete 
| 357|0x0000000096500000, 0x0000000096600000, 0x0000000096600000|100%|HS|  |TAMS 0x0000000096600000, 0x0000000096500000| Complete 
| 358|0x0000000096600000, 0x0000000096700000, 0x0000000096700000|100%|HC|  |TAMS 0x0000000096700000, 0x0000000096600000| Complete 
| 359|0x0000000096700000, 0x0000000096800000, 0x0000000096800000|100%|HS|  |TAMS 0x0000000096800000, 0x0000000096700000| Complete 
| 360|0x0000000096800000, 0x0000000096900000, 0x0000000096900000|100%| O|  |TAMS 0x0000000096800000, 0x0000000096800000| Untracked 
| 361|0x0000000096900000, 0x0000000096a00000, 0x0000000096a00000|100%| O|  |TAMS 0x0000000096900000, 0x0000000096900000| Untracked 
| 362|0x0000000096a00000, 0x0000000096b00000, 0x0000000096b00000|100%|HS|  |TAMS 0x0000000096b00000, 0x0000000096a00000| Complete 
| 363|0x0000000096b00000, 0x0000000096c00000, 0x0000000096c00000|100%| O|  |TAMS 0x0000000096b00000, 0x0000000096b00000| Untracked 
| 364|0x0000000096c00000, 0x0000000096d00000, 0x0000000096d00000|100%|HS|  |TAMS 0x0000000096d00000, 0x0000000096c00000| Complete 
| 365|0x0000000096d00000, 0x0000000096e00000, 0x0000000096e00000|100%|HS|  |TAMS 0x0000000096e00000, 0x0000000096d00000| Complete 
| 366|0x0000000096e00000, 0x0000000096f00000, 0x0000000096f00000|100%| O|  |TAMS 0x0000000096e00000, 0x0000000096e00000| Untracked 
| 367|0x0000000096f00000, 0x0000000097000000, 0x0000000097000000|100%| O|  |TAMS 0x0000000096f00000, 0x0000000096f00000| Untracked 
| 368|0x0000000097000000, 0x0000000097100000, 0x0000000097100000|100%|HS|  |TAMS 0x0000000097100000, 0x0000000097000000| Complete 
| 369|0x0000000097100000, 0x0000000097200000, 0x0000000097200000|100%|HS|  |TAMS 0x0000000097200000, 0x0000000097100000| Complete 
| 370|0x0000000097200000, 0x0000000097300000, 0x0000000097300000|100%|HC|  |TAMS 0x0000000097300000, 0x0000000097200000| Complete 
| 371|0x0000000097300000, 0x0000000097400000, 0x0000000097400000|100%|HS|  |TAMS 0x0000000097400000, 0x0000000097300000| Complete 
| 372|0x0000000097400000, 0x0000000097500000, 0x0000000097500000|100%|HC|  |TAMS 0x0000000097500000, 0x0000000097400000| Complete 
| 373|0x0000000097500000, 0x0000000097600000, 0x0000000097600000|100%| O|  |TAMS 0x0000000097500000, 0x0000000097500000| Untracked 
| 374|0x0000000097600000, 0x0000000097700000, 0x0000000097700000|100%| O|  |TAMS 0x0000000097600000, 0x0000000097600000| Untracked 
| 375|0x0000000097700000, 0x0000000097800000, 0x0000000097800000|100%| O|  |TAMS 0x0000000097700000, 0x0000000097700000| Untracked 
| 376|0x0000000097800000, 0x0000000097900000, 0x0000000097900000|100%|HS|  |TAMS 0x0000000097900000, 0x0000000097800000| Complete 
| 377|0x0000000097900000, 0x0000000097a00000, 0x0000000097a00000|100%|HS|  |TAMS 0x0000000097a00000, 0x0000000097900000| Complete 
| 378|0x0000000097a00000, 0x0000000097b00000, 0x0000000097b00000|100%| O|  |TAMS 0x0000000097b00000, 0x0000000097a00000| Complete 
| 379|0x0000000097b00000, 0x0000000097c00000, 0x0000000097c00000|100%| O|  |TAMS 0x0000000097c00000, 0x0000000097b00000| Complete 
| 380|0x0000000097c00000, 0x0000000097c00000, 0x0000000097d00000|  0%| F|  |TAMS 0x0000000097c00000, 0x0000000097c00000| Untracked 
| 381|0x0000000097d00000, 0x0000000097e00000, 0x0000000097e00000|100%| O|  |TAMS 0x0000000097e00000, 0x0000000097d00000| Complete 
| 382|0x0000000097e00000, 0x0000000097f00000, 0x0000000097f00000|100%| O|  |TAMS 0x0000000097f00000, 0x0000000097e00000| Complete 
| 383|0x0000000097f00000, 0x0000000098000000, 0x0000000098000000|100%| O|  |TAMS 0x0000000098000000, 0x0000000097f00000| Untracked 
| 384|0x0000000098000000, 0x0000000098100000, 0x0000000098100000|100%| O|  |TAMS 0x0000000098100000, 0x0000000098000000| Untracked 
| 385|0x0000000098100000, 0x0000000098200000, 0x0000000098200000|100%| O|  |TAMS 0x0000000098200000, 0x0000000098100000| Untracked 
| 386|0x0000000098200000, 0x0000000098300000, 0x0000000098300000|100%| O|  |TAMS 0x0000000098300000, 0x0000000098200000| Complete 
| 387|0x0000000098300000, 0x0000000098400000, 0x0000000098400000|100%| O|  |TAMS 0x0000000098400000, 0x0000000098300000| Untracked 
| 388|0x0000000098400000, 0x0000000098500000, 0x0000000098500000|100%| O|  |TAMS 0x0000000098500000, 0x0000000098400000| Untracked 
| 389|0x0000000098500000, 0x0000000098500000, 0x0000000098600000|  0%| F|  |TAMS 0x0000000098500000, 0x0000000098500000| Untracked 
| 390|0x0000000098600000, 0x0000000098600000, 0x0000000098700000|  0%| F|  |TAMS 0x0000000098600000, 0x0000000098600000| Untracked 
| 391|0x0000000098700000, 0x0000000098700000, 0x0000000098800000|  0%| F|  |TAMS 0x0000000098700000, 0x0000000098700000| Untracked 
| 392|0x0000000098800000, 0x0000000098900000, 0x0000000098900000|100%| O|  |TAMS 0x0000000098900000, 0x0000000098800000| Complete 
| 393|0x0000000098900000, 0x0000000098a00000, 0x0000000098a00000|100%| O|  |TAMS 0x0000000098a00000, 0x0000000098900000| Complete 
| 394|0x0000000098a00000, 0x0000000098b00000, 0x0000000098b00000|100%| O|  |TAMS 0x0000000098b00000, 0x0000000098a00000| Untracked 
| 395|0x0000000098b00000, 0x0000000098c00000, 0x0000000098c00000|100%| O|  |TAMS 0x0000000098c00000, 0x0000000098b00000| Untracked 
| 396|0x0000000098c00000, 0x0000000098d00000, 0x0000000098d00000|100%| O|  |TAMS 0x0000000098d00000, 0x0000000098c00000| Untracked 
| 397|0x0000000098d00000, 0x0000000098e00000, 0x0000000098e00000|100%| O|  |TAMS 0x0000000098e00000, 0x0000000098d00000| Untracked 
| 398|0x0000000098e00000, 0x0000000098f00000, 0x0000000098f00000|100%| O|  |TAMS 0x0000000098f00000, 0x0000000098e00000| Untracked 
| 399|0x0000000098f00000, 0x0000000099000000, 0x0000000099000000|100%| O|  |TAMS 0x0000000099000000, 0x0000000098f00000| Untracked 
| 400|0x0000000099000000, 0x0000000099100000, 0x0000000099100000|100%| O|  |TAMS 0x0000000099100000, 0x0000000099000000| Untracked 
| 401|0x0000000099100000, 0x0000000099200000, 0x0000000099200000|100%| O|  |TAMS 0x0000000099200000, 0x0000000099100000| Untracked 
| 402|0x0000000099200000, 0x0000000099300000, 0x0000000099300000|100%| O|  |TAMS 0x0000000099300000, 0x0000000099200000| Untracked 
| 403|0x0000000099300000, 0x0000000099400000, 0x0000000099400000|100%| O|  |TAMS 0x0000000099400000, 0x0000000099300000| Untracked 
| 404|0x0000000099400000, 0x0000000099500000, 0x0000000099500000|100%| O|  |TAMS 0x0000000099500000, 0x0000000099400000| Untracked 
| 405|0x0000000099500000, 0x0000000099600000, 0x0000000099600000|100%| O|  |TAMS 0x0000000099600000, 0x0000000099500000| Untracked 
| 406|0x0000000099600000, 0x0000000099700000, 0x0000000099700000|100%| O|  |TAMS 0x0000000099700000, 0x0000000099600000| Untracked 
| 407|0x0000000099700000, 0x0000000099800000, 0x0000000099800000|100%| O|  |TAMS 0x0000000099800000, 0x0000000099700000| Untracked 
| 408|0x0000000099800000, 0x0000000099900000, 0x0000000099900000|100%| O|  |TAMS 0x0000000099900000, 0x0000000099800000| Untracked 
| 409|0x0000000099900000, 0x0000000099a00000, 0x0000000099a00000|100%| O|  |TAMS 0x0000000099a00000, 0x0000000099900000| Untracked 
| 410|0x0000000099a00000, 0x0000000099a00000, 0x0000000099b00000|  0%| F|  |TAMS 0x0000000099a00000, 0x0000000099a00000| Untracked 
| 411|0x0000000099b00000, 0x0000000099c00000, 0x0000000099c00000|100%| O|  |TAMS 0x0000000099c00000, 0x0000000099b00000| Untracked 
| 412|0x0000000099c00000, 0x0000000099d00000, 0x0000000099d00000|100%| O|  |TAMS 0x0000000099d00000, 0x0000000099c00000| Untracked 
| 413|0x0000000099d00000, 0x0000000099e00000, 0x0000000099e00000|100%| O|  |TAMS 0x0000000099e00000, 0x0000000099d00000| Untracked 
| 414|0x0000000099e00000, 0x0000000099e00000, 0x0000000099f00000|  0%| F|  |TAMS 0x0000000099e00000, 0x0000000099e00000| Untracked 
| 415|0x0000000099f00000, 0x000000009a000000, 0x000000009a000000|100%| O|  |TAMS 0x000000009a000000, 0x0000000099f00000| Complete 
| 416|0x000000009a000000, 0x000000009a000000, 0x000000009a100000|  0%| F|  |TAMS 0x000000009a000000, 0x000000009a000000| Untracked 
| 417|0x000000009a100000, 0x000000009a200000, 0x000000009a200000|100%| O|  |TAMS 0x000000009a200000, 0x000000009a100000| Complete 
| 418|0x000000009a200000, 0x000000009a200000, 0x000000009a300000|  0%| F|  |TAMS 0x000000009a200000, 0x000000009a200000| Untracked 
| 419|0x000000009a300000, 0x000000009a300000, 0x000000009a400000|  0%| F|  |TAMS 0x000000009a300000, 0x000000009a300000| Untracked 
| 420|0x000000009a400000, 0x000000009a500000, 0x000000009a500000|100%| O|  |TAMS 0x000000009a500000, 0x000000009a400000| Complete 
| 421|0x000000009a500000, 0x000000009a600000, 0x000000009a600000|100%| O|  |TAMS 0x000000009a600000, 0x000000009a500000| Untracked 
| 422|0x000000009a600000, 0x000000009a700000, 0x000000009a700000|100%| O|  |TAMS 0x000000009a700000, 0x000000009a600000| Complete 
| 423|0x000000009a700000, 0x000000009a700000, 0x000000009a800000|  0%| F|  |TAMS 0x000000009a700000, 0x000000009a700000| Untracked 
| 424|0x000000009a800000, 0x000000009a900000, 0x000000009a900000|100%| O|  |TAMS 0x000000009a900000, 0x000000009a800000| Complete 
| 425|0x000000009a900000, 0x000000009a900000, 0x000000009aa00000|  0%| F|  |TAMS 0x000000009a900000, 0x000000009a900000| Untracked 
| 426|0x000000009aa00000, 0x000000009ab00000, 0x000000009ab00000|100%| O|  |TAMS 0x000000009ab00000, 0x000000009aa00000| Complete 
| 427|0x000000009ab00000, 0x000000009ac00000, 0x000000009ac00000|100%| O|  |TAMS 0x000000009ac00000, 0x000000009ab00000| Complete 
| 428|0x000000009ac00000, 0x000000009ac00000, 0x000000009ad00000|  0%| F|  |TAMS 0x000000009ac00000, 0x000000009ac00000| Untracked 
| 429|0x000000009ad00000, 0x000000009ae00000, 0x000000009ae00000|100%| O|  |TAMS 0x000000009ae00000, 0x000000009ad00000| Complete 
| 430|0x000000009ae00000, 0x000000009af00000, 0x000000009af00000|100%| O|  |TAMS 0x000000009af00000, 0x000000009ae00000| Complete 
| 431|0x000000009af00000, 0x000000009af00000, 0x000000009b000000|  0%| F|  |TAMS 0x000000009af00000, 0x000000009af00000| Untracked 
| 432|0x000000009b000000, 0x000000009b000000, 0x000000009b100000|  0%| F|  |TAMS 0x000000009b000000, 0x000000009b000000| Untracked 
| 433|0x000000009b100000, 0x000000009b200000, 0x000000009b200000|100%| O|  |TAMS 0x000000009b200000, 0x000000009b100000| Untracked 
| 434|0x000000009b200000, 0x000000009b300000, 0x000000009b300000|100%| O|  |TAMS 0x000000009b300000, 0x000000009b200000| Untracked 
| 435|0x000000009b300000, 0x000000009b400000, 0x000000009b400000|100%| O|  |TAMS 0x000000009b400000, 0x000000009b300000| Untracked 
| 436|0x000000009b400000, 0x000000009b500000, 0x000000009b500000|100%| O|  |TAMS 0x000000009b500000, 0x000000009b400000| Untracked 
| 437|0x000000009b500000, 0x000000009b600000, 0x000000009b600000|100%| O|  |TAMS 0x000000009b600000, 0x000000009b500000| Untracked 
| 438|0x000000009b600000, 0x000000009b700000, 0x000000009b700000|100%| O|  |TAMS 0x000000009b700000, 0x000000009b600000| Untracked 
| 439|0x000000009b700000, 0x000000009b800000, 0x000000009b800000|100%| O|  |TAMS 0x000000009b800000, 0x000000009b700000| Untracked 
| 440|0x000000009b800000, 0x000000009b900000, 0x000000009b900000|100%| O|  |TAMS 0x000000009b900000, 0x000000009b800000| Untracked 
| 441|0x000000009b900000, 0x000000009ba00000, 0x000000009ba00000|100%| O|  |TAMS 0x000000009ba00000, 0x000000009b900000| Complete 
| 442|0x000000009ba00000, 0x000000009bb00000, 0x000000009bb00000|100%| O|  |TAMS 0x000000009bb00000, 0x000000009ba00000| Complete 
| 443|0x000000009bb00000, 0x000000009bc00000, 0x000000009bc00000|100%| O|  |TAMS 0x000000009bc00000, 0x000000009bb00000| Complete 
| 444|0x000000009bc00000, 0x000000009bc00000, 0x000000009bd00000|  0%| F|  |TAMS 0x000000009bc00000, 0x000000009bc00000| Untracked 
| 445|0x000000009bd00000, 0x000000009be00000, 0x000000009be00000|100%| O|  |TAMS 0x000000009be00000, 0x000000009bd00000| Complete 
| 446|0x000000009be00000, 0x000000009be00000, 0x000000009bf00000|  0%| F|  |TAMS 0x000000009be00000, 0x000000009be00000| Untracked 
| 447|0x000000009bf00000, 0x000000009bf00000, 0x000000009c000000|  0%| F|  |TAMS 0x000000009bf00000, 0x000000009bf00000| Untracked 
| 448|0x000000009c000000, 0x000000009c000000, 0x000000009c100000|  0%| F|  |TAMS 0x000000009c000000, 0x000000009c000000| Untracked 
| 449|0x000000009c100000, 0x000000009c100000, 0x000000009c200000|  0%| F|  |TAMS 0x000000009c100000, 0x000000009c100000| Untracked 
| 450|0x000000009c200000, 0x000000009c200000, 0x000000009c300000|  0%| F|  |TAMS 0x000000009c200000, 0x000000009c200000| Untracked 
| 451|0x000000009c300000, 0x000000009c300000, 0x000000009c400000|  0%| F|  |TAMS 0x000000009c300000, 0x000000009c300000| Untracked 
| 452|0x000000009c400000, 0x000000009c400000, 0x000000009c500000|  0%| F|  |TAMS 0x000000009c400000, 0x000000009c400000| Untracked 
| 453|0x000000009c500000, 0x000000009c500000, 0x000000009c600000|  0%| F|  |TAMS 0x000000009c500000, 0x000000009c500000| Untracked 
| 454|0x000000009c600000, 0x000000009c600000, 0x000000009c700000|  0%| F|  |TAMS 0x000000009c600000, 0x000000009c600000| Untracked 
| 455|0x000000009c700000, 0x000000009c700000, 0x000000009c800000|  0%| F|  |TAMS 0x000000009c700000, 0x000000009c700000| Untracked 
| 456|0x000000009c800000, 0x000000009c800000, 0x000000009c900000|  0%| F|  |TAMS 0x000000009c800000, 0x000000009c800000| Untracked 
| 457|0x000000009c900000, 0x000000009ca00000, 0x000000009ca00000|100%| O|  |TAMS 0x000000009ca00000, 0x000000009c900000| Untracked 
| 458|0x000000009ca00000, 0x000000009cb00000, 0x000000009cb00000|100%| O|  |TAMS 0x000000009cb00000, 0x000000009ca00000| Untracked 
| 459|0x000000009cb00000, 0x000000009cc00000, 0x000000009cc00000|100%| O|  |TAMS 0x000000009cc00000, 0x000000009cb00000| Untracked 
| 460|0x000000009cc00000, 0x000000009cd00000, 0x000000009cd00000|100%| O|  |TAMS 0x000000009cd00000, 0x000000009cc00000| Untracked 
| 461|0x000000009cd00000, 0x000000009cd00000, 0x000000009ce00000|  0%| F|  |TAMS 0x000000009cd00000, 0x000000009cd00000| Untracked 
| 462|0x000000009ce00000, 0x000000009cf00000, 0x000000009cf00000|100%| O|  |TAMS 0x000000009cf00000, 0x000000009ce00000| Untracked 
| 463|0x000000009cf00000, 0x000000009d000000, 0x000000009d000000|100%| O|  |TAMS 0x000000009d000000, 0x000000009cf00000| Complete 
| 464|0x000000009d000000, 0x000000009d000000, 0x000000009d100000|  0%| F|  |TAMS 0x000000009d000000, 0x000000009d000000| Untracked 
| 465|0x000000009d100000, 0x000000009d100000, 0x000000009d200000|  0%| F|  |TAMS 0x000000009d100000, 0x000000009d100000| Untracked 
| 466|0x000000009d200000, 0x000000009d200000, 0x000000009d300000|  0%| F|  |TAMS 0x000000009d200000, 0x000000009d200000| Untracked 
| 467|0x000000009d300000, 0x000000009d300000, 0x000000009d400000|  0%| F|  |TAMS 0x000000009d300000, 0x000000009d300000| Untracked 
| 468|0x000000009d400000, 0x000000009d400000, 0x000000009d500000|  0%| F|  |TAMS 0x000000009d400000, 0x000000009d400000| Untracked 
| 469|0x000000009d500000, 0x000000009d500000, 0x000000009d600000|  0%| F|  |TAMS 0x000000009d500000, 0x000000009d500000| Untracked 
| 470|0x000000009d600000, 0x000000009d600000, 0x000000009d700000|  0%| F|  |TAMS 0x000000009d600000, 0x000000009d600000| Untracked 
| 471|0x000000009d700000, 0x000000009d800000, 0x000000009d800000|100%| O|  |TAMS 0x000000009d800000, 0x000000009d700000| Untracked 
| 472|0x000000009d800000, 0x000000009d800000, 0x000000009d900000|  0%| F|  |TAMS 0x000000009d800000, 0x000000009d800000| Untracked 
| 473|0x000000009d900000, 0x000000009d900000, 0x000000009da00000|  0%| F|  |TAMS 0x000000009d900000, 0x000000009d900000| Untracked 
| 474|0x000000009da00000, 0x000000009da00000, 0x000000009db00000|  0%| F|  |TAMS 0x000000009da00000, 0x000000009da00000| Untracked 
| 475|0x000000009db00000, 0x000000009db00000, 0x000000009dc00000|  0%| F|  |TAMS 0x000000009db00000, 0x000000009db00000| Untracked 
| 476|0x000000009dc00000, 0x000000009dc00000, 0x000000009dd00000|  0%| F|  |TAMS 0x000000009dc00000, 0x000000009dc00000| Untracked 
| 477|0x000000009dd00000, 0x000000009dd00000, 0x000000009de00000|  0%| F|  |TAMS 0x000000009dd00000, 0x000000009dd00000| Untracked 
| 478|0x000000009de00000, 0x000000009de00000, 0x000000009df00000|  0%| F|  |TAMS 0x000000009de00000, 0x000000009de00000| Untracked 
| 479|0x000000009df00000, 0x000000009e000000, 0x000000009e000000|100%| O|  |TAMS 0x000000009e000000, 0x000000009df00000| Untracked 
| 480|0x000000009e000000, 0x000000009e100000, 0x000000009e100000|100%| O|  |TAMS 0x000000009e100000, 0x000000009e000000| Untracked 
| 481|0x000000009e100000, 0x000000009e200000, 0x000000009e200000|100%| O|  |TAMS 0x000000009e200000, 0x000000009e100000| Untracked 
| 482|0x000000009e200000, 0x000000009e300000, 0x000000009e300000|100%| O|  |TAMS 0x000000009e300000, 0x000000009e200000| Untracked 
| 483|0x000000009e300000, 0x000000009e400000, 0x000000009e400000|100%| O|  |TAMS 0x000000009e400000, 0x000000009e300000| Complete 
| 484|0x000000009e400000, 0x000000009e500000, 0x000000009e500000|100%| O|  |TAMS 0x000000009e500000, 0x000000009e400000| Complete 
| 485|0x000000009e500000, 0x000000009e500000, 0x000000009e600000|  0%| F|  |TAMS 0x000000009e500000, 0x000000009e500000| Untracked 
| 486|0x000000009e600000, 0x000000009e600000, 0x000000009e700000|  0%| F|  |TAMS 0x000000009e600000, 0x000000009e600000| Untracked 
| 487|0x000000009e700000, 0x000000009e700000, 0x000000009e800000|  0%| F|  |TAMS 0x000000009e700000, 0x000000009e700000| Untracked 
| 488|0x000000009e800000, 0x000000009e900000, 0x000000009e900000|100%| O|  |TAMS 0x000000009e900000, 0x000000009e800000| Complete 
| 489|0x000000009e900000, 0x000000009e900000, 0x000000009ea00000|  0%| F|  |TAMS 0x000000009e900000, 0x000000009e900000| Untracked 
| 490|0x000000009ea00000, 0x000000009ea00000, 0x000000009eb00000|  0%| F|  |TAMS 0x000000009ea00000, 0x000000009ea00000| Untracked 
| 491|0x000000009eb00000, 0x000000009eb00000, 0x000000009ec00000|  0%| F|  |TAMS 0x000000009eb00000, 0x000000009eb00000| Untracked 
| 492|0x000000009ec00000, 0x000000009ec00000, 0x000000009ed00000|  0%| F|  |TAMS 0x000000009ec00000, 0x000000009ec00000| Untracked 
| 493|0x000000009ed00000, 0x000000009ed00000, 0x000000009ee00000|  0%| F|  |TAMS 0x000000009ed00000, 0x000000009ed00000| Untracked 
| 494|0x000000009ee00000, 0x000000009ef00000, 0x000000009ef00000|100%| O|  |TAMS 0x000000009ef00000, 0x000000009ee00000| Untracked 
| 495|0x000000009ef00000, 0x000000009f000000, 0x000000009f000000|100%| O|  |TAMS 0x000000009f000000, 0x000000009ef00000| Untracked 
| 496|0x000000009f000000, 0x000000009f100000, 0x000000009f100000|100%| O|  |TAMS 0x000000009f100000, 0x000000009f000000| Untracked 
| 497|0x000000009f100000, 0x000000009f200000, 0x000000009f200000|100%| O|  |TAMS 0x000000009f200000, 0x000000009f100000| Untracked 
| 498|0x000000009f200000, 0x000000009f300000, 0x000000009f300000|100%| O|  |TAMS 0x000000009f300000, 0x000000009f200000| Untracked 
| 499|0x000000009f300000, 0x000000009f400000, 0x000000009f400000|100%| O|  |TAMS 0x000000009f400000, 0x000000009f300000| Untracked 
| 500|0x000000009f400000, 0x000000009f500000, 0x000000009f500000|100%| O|  |TAMS 0x000000009f500000, 0x000000009f400000| Untracked 
| 501|0x000000009f500000, 0x000000009f600000, 0x000000009f600000|100%| O|  |TAMS 0x000000009f600000, 0x000000009f500000| Untracked 
| 502|0x000000009f600000, 0x000000009f700000, 0x000000009f700000|100%| O|  |TAMS 0x000000009f700000, 0x000000009f600000| Untracked 
| 503|0x000000009f700000, 0x000000009f800000, 0x000000009f800000|100%| O|  |TAMS 0x000000009f800000, 0x000000009f700000| Untracked 
| 504|0x000000009f800000, 0x000000009f900000, 0x000000009f900000|100%| O|  |TAMS 0x000000009f900000, 0x000000009f800000| Untracked 
| 505|0x000000009f900000, 0x000000009fa00000, 0x000000009fa00000|100%| O|  |TAMS 0x000000009fa00000, 0x000000009f900000| Untracked 
| 506|0x000000009fa00000, 0x000000009fb00000, 0x000000009fb00000|100%| O|  |TAMS 0x000000009fb00000, 0x000000009fa00000| Untracked 
| 507|0x000000009fb00000, 0x000000009fc00000, 0x000000009fc00000|100%| O|  |TAMS 0x000000009fc00000, 0x000000009fb00000| Untracked 
| 508|0x000000009fc00000, 0x000000009fd00000, 0x000000009fd00000|100%| O|  |TAMS 0x000000009fd00000, 0x000000009fc00000| Untracked 
| 509|0x000000009fd00000, 0x000000009fe00000, 0x000000009fe00000|100%| O|  |TAMS 0x000000009fe00000, 0x000000009fd00000| Untracked 
| 510|0x000000009fe00000, 0x000000009ff00000, 0x000000009ff00000|100%| O|  |TAMS 0x000000009ff00000, 0x000000009fe00000| Untracked 
| 511|0x000000009ff00000, 0x00000000a0000000, 0x00000000a0000000|100%| O|  |TAMS 0x00000000a0000000, 0x000000009ff00000| Untracked 
| 512|0x00000000a0000000, 0x00000000a0100000, 0x00000000a0100000|100%| O|  |TAMS 0x00000000a0100000, 0x00000000a0000000| Untracked 
| 513|0x00000000a0100000, 0x00000000a0200000, 0x00000000a0200000|100%| O|  |TAMS 0x00000000a0200000, 0x00000000a0100000| Untracked 
| 514|0x00000000a0200000, 0x00000000a0300000, 0x00000000a0300000|100%| O|  |TAMS 0x00000000a0300000, 0x00000000a0200000| Untracked 
| 515|0x00000000a0300000, 0x00000000a0400000, 0x00000000a0400000|100%| O|  |TAMS 0x00000000a0400000, 0x00000000a0300000| Untracked 
| 516|0x00000000a0400000, 0x00000000a0500000, 0x00000000a0500000|100%| O|  |TAMS 0x00000000a0500000, 0x00000000a0400000| Untracked 
| 517|0x00000000a0500000, 0x00000000a0600000, 0x00000000a0600000|100%| O|  |TAMS 0x00000000a0600000, 0x00000000a0500000| Untracked 
| 518|0x00000000a0600000, 0x00000000a0700000, 0x00000000a0700000|100%| O|  |TAMS 0x00000000a0700000, 0x00000000a0600000| Untracked 
| 519|0x00000000a0700000, 0x00000000a0800000, 0x00000000a0800000|100%| O|  |TAMS 0x00000000a0800000, 0x00000000a0700000| Untracked 
| 520|0x00000000a0800000, 0x00000000a0900000, 0x00000000a0900000|100%| O|  |TAMS 0x00000000a0900000, 0x00000000a0800000| Untracked 
| 521|0x00000000a0900000, 0x00000000a0a00000, 0x00000000a0a00000|100%| O|  |TAMS 0x00000000a0a00000, 0x00000000a0900000| Untracked 
| 522|0x00000000a0a00000, 0x00000000a0b00000, 0x00000000a0b00000|100%| O|  |TAMS 0x00000000a0b00000, 0x00000000a0a00000| Untracked 
| 523|0x00000000a0b00000, 0x00000000a0c00000, 0x00000000a0c00000|100%| O|  |TAMS 0x00000000a0c00000, 0x00000000a0b00000| Untracked 
| 524|0x00000000a0c00000, 0x00000000a0d00000, 0x00000000a0d00000|100%| O|  |TAMS 0x00000000a0ca1000, 0x00000000a0c00000| Untracked 
| 525|0x00000000a0d00000, 0x00000000a0e00000, 0x00000000a0e00000|100%| O|  |TAMS 0x00000000a0d00000, 0x00000000a0d00000| Untracked 
| 526|0x00000000a0e00000, 0x00000000a0f00000, 0x00000000a0f00000|100%| O|  |TAMS 0x00000000a0e00000, 0x00000000a0e00000| Untracked 
| 527|0x00000000a0f00000, 0x00000000a1000000, 0x00000000a1000000|100%| O|  |TAMS 0x00000000a0f00000, 0x00000000a0f00000| Untracked 
| 528|0x00000000a1000000, 0x00000000a1100000, 0x00000000a1100000|100%| O|  |TAMS 0x00000000a1000000, 0x00000000a1000000| Untracked 
| 529|0x00000000a1100000, 0x00000000a1200000, 0x00000000a1200000|100%| O|  |TAMS 0x00000000a1100000, 0x00000000a1100000| Untracked 
| 530|0x00000000a1200000, 0x00000000a1300000, 0x00000000a1300000|100%| O|  |TAMS 0x00000000a1200000, 0x00000000a1200000| Untracked 
| 531|0x00000000a1300000, 0x00000000a1400000, 0x00000000a1400000|100%| O|  |TAMS 0x00000000a1300000, 0x00000000a1300000| Untracked 
| 532|0x00000000a1400000, 0x00000000a1500000, 0x00000000a1500000|100%| O|  |TAMS 0x00000000a1400000, 0x00000000a1400000| Untracked 
| 533|0x00000000a1500000, 0x00000000a1600000, 0x00000000a1600000|100%| O|  |TAMS 0x00000000a1500000, 0x00000000a1500000| Untracked 
| 534|0x00000000a1600000, 0x00000000a1700000, 0x00000000a1700000|100%| O|  |TAMS 0x00000000a1600000, 0x00000000a1600000| Untracked 
| 535|0x00000000a1700000, 0x00000000a1800000, 0x00000000a1800000|100%| O|  |TAMS 0x00000000a1700000, 0x00000000a1700000| Untracked 
| 536|0x00000000a1800000, 0x00000000a1900000, 0x00000000a1900000|100%| O|  |TAMS 0x00000000a1800000, 0x00000000a1800000| Untracked 
| 537|0x00000000a1900000, 0x00000000a1a00000, 0x00000000a1a00000|100%| O|  |TAMS 0x00000000a1900000, 0x00000000a1900000| Untracked 
| 538|0x00000000a1a00000, 0x00000000a1b00000, 0x00000000a1b00000|100%| O|  |TAMS 0x00000000a1a00000, 0x00000000a1a00000| Untracked 
| 539|0x00000000a1b00000, 0x00000000a1c00000, 0x00000000a1c00000|100%| O|  |TAMS 0x00000000a1b00000, 0x00000000a1b00000| Untracked 
| 540|0x00000000a1c00000, 0x00000000a1d00000, 0x00000000a1d00000|100%| O|  |TAMS 0x00000000a1c00000, 0x00000000a1c00000| Untracked 
| 541|0x00000000a1d00000, 0x00000000a1e00000, 0x00000000a1e00000|100%| O|  |TAMS 0x00000000a1d00000, 0x00000000a1d00000| Untracked 
| 542|0x00000000a1e00000, 0x00000000a1f00000, 0x00000000a1f00000|100%| O|  |TAMS 0x00000000a1e00000, 0x00000000a1e00000| Untracked 
| 543|0x00000000a1f00000, 0x00000000a2000000, 0x00000000a2000000|100%| O|  |TAMS 0x00000000a1f00000, 0x00000000a1f00000| Untracked 
| 544|0x00000000a2000000, 0x00000000a2100000, 0x00000000a2100000|100%| O|  |TAMS 0x00000000a2000000, 0x00000000a2000000| Untracked 
| 545|0x00000000a2100000, 0x00000000a2200000, 0x00000000a2200000|100%| O|  |TAMS 0x00000000a2100000, 0x00000000a2100000| Untracked 
| 546|0x00000000a2200000, 0x00000000a2300000, 0x00000000a2300000|100%| O|  |TAMS 0x00000000a2200000, 0x00000000a2200000| Untracked 
| 547|0x00000000a2300000, 0x00000000a2400000, 0x00000000a2400000|100%| O|  |TAMS 0x00000000a2300000, 0x00000000a2300000| Untracked 
| 548|0x00000000a2400000, 0x00000000a2500000, 0x00000000a2500000|100%| O|  |TAMS 0x00000000a2400000, 0x00000000a2400000| Untracked 
| 549|0x00000000a2500000, 0x00000000a2600000, 0x00000000a2600000|100%| O|  |TAMS 0x00000000a2500000, 0x00000000a2500000| Untracked 
| 550|0x00000000a2600000, 0x00000000a2700000, 0x00000000a2700000|100%| O|  |TAMS 0x00000000a2600000, 0x00000000a2600000| Untracked 
| 551|0x00000000a2700000, 0x00000000a2800000, 0x00000000a2800000|100%| O|  |TAMS 0x00000000a2700000, 0x00000000a2700000| Untracked 
| 552|0x00000000a2800000, 0x00000000a2900000, 0x00000000a2900000|100%| O|  |TAMS 0x00000000a2800000, 0x00000000a2800000| Untracked 
| 553|0x00000000a2900000, 0x00000000a2a00000, 0x00000000a2a00000|100%| O|  |TAMS 0x00000000a2900000, 0x00000000a2900000| Untracked 
| 554|0x00000000a2a00000, 0x00000000a2b00000, 0x00000000a2b00000|100%| O|  |TAMS 0x00000000a2a00000, 0x00000000a2a00000| Untracked 
| 555|0x00000000a2b00000, 0x00000000a2c00000, 0x00000000a2c00000|100%| O|  |TAMS 0x00000000a2b00000, 0x00000000a2b00000| Untracked 
| 556|0x00000000a2c00000, 0x00000000a2d00000, 0x00000000a2d00000|100%| O|  |TAMS 0x00000000a2c00000, 0x00000000a2c00000| Untracked 
| 557|0x00000000a2d00000, 0x00000000a2e00000, 0x00000000a2e00000|100%| O|  |TAMS 0x00000000a2d00000, 0x00000000a2d00000| Untracked 
| 558|0x00000000a2e00000, 0x00000000a2f00000, 0x00000000a2f00000|100%| O|  |TAMS 0x00000000a2e00000, 0x00000000a2e00000| Untracked 
| 559|0x00000000a2f00000, 0x00000000a3000000, 0x00000000a3000000|100%| O|  |TAMS 0x00000000a2f00000, 0x00000000a2f00000| Untracked 
| 560|0x00000000a3000000, 0x00000000a3100000, 0x00000000a3100000|100%| O|  |TAMS 0x00000000a3000000, 0x00000000a3000000| Untracked 
| 561|0x00000000a3100000, 0x00000000a3200000, 0x00000000a3200000|100%| O|  |TAMS 0x00000000a3100000, 0x00000000a3100000| Untracked 
| 562|0x00000000a3200000, 0x00000000a3300000, 0x00000000a3300000|100%| O|  |TAMS 0x00000000a3200000, 0x00000000a3200000| Untracked 
| 563|0x00000000a3300000, 0x00000000a3400000, 0x00000000a3400000|100%| O|  |TAMS 0x00000000a3300000, 0x00000000a3300000| Untracked 
| 564|0x00000000a3400000, 0x00000000a3500000, 0x00000000a3500000|100%| O|  |TAMS 0x00000000a3400000, 0x00000000a3400000| Untracked 
| 565|0x00000000a3500000, 0x00000000a3600000, 0x00000000a3600000|100%| O|  |TAMS 0x00000000a3500000, 0x00000000a3500000| Untracked 
| 566|0x00000000a3600000, 0x00000000a3700000, 0x00000000a3700000|100%| O|  |TAMS 0x00000000a3600000, 0x00000000a3600000| Untracked 
| 567|0x00000000a3700000, 0x00000000a3800000, 0x00000000a3800000|100%| O|  |TAMS 0x00000000a3700000, 0x00000000a3700000| Untracked 
| 568|0x00000000a3800000, 0x00000000a3900000, 0x00000000a3900000|100%| O|  |TAMS 0x00000000a3800000, 0x00000000a3800000| Untracked 
| 569|0x00000000a3900000, 0x00000000a3a00000, 0x00000000a3a00000|100%| O|  |TAMS 0x00000000a3900000, 0x00000000a3900000| Untracked 
| 570|0x00000000a3a00000, 0x00000000a3b00000, 0x00000000a3b00000|100%| O|  |TAMS 0x00000000a3a00000, 0x00000000a3a00000| Untracked 
| 571|0x00000000a3b00000, 0x00000000a3c00000, 0x00000000a3c00000|100%| O|  |TAMS 0x00000000a3b00000, 0x00000000a3b00000| Untracked 
| 572|0x00000000a3c00000, 0x00000000a3d00000, 0x00000000a3d00000|100%| O|  |TAMS 0x00000000a3c00000, 0x00000000a3c00000| Untracked 
| 573|0x00000000a3d00000, 0x00000000a3e00000, 0x00000000a3e00000|100%| O|  |TAMS 0x00000000a3d00000, 0x00000000a3d00000| Untracked 
| 574|0x00000000a3e00000, 0x00000000a3f00000, 0x00000000a3f00000|100%| O|  |TAMS 0x00000000a3e00000, 0x00000000a3e00000| Untracked 
| 575|0x00000000a3f00000, 0x00000000a4000000, 0x00000000a4000000|100%| O|  |TAMS 0x00000000a3f00000, 0x00000000a3f00000| Untracked 
| 576|0x00000000a4000000, 0x00000000a4100000, 0x00000000a4100000|100%| O|  |TAMS 0x00000000a4000000, 0x00000000a4000000| Untracked 
| 577|0x00000000a4100000, 0x00000000a4200000, 0x00000000a4200000|100%| O|  |TAMS 0x00000000a4100000, 0x00000000a4100000| Untracked 
| 578|0x00000000a4200000, 0x00000000a4300000, 0x00000000a4300000|100%| O|  |TAMS 0x00000000a4200000, 0x00000000a4200000| Untracked 
| 579|0x00000000a4300000, 0x00000000a4400000, 0x00000000a4400000|100%| O|  |TAMS 0x00000000a4300000, 0x00000000a4300000| Untracked 
| 580|0x00000000a4400000, 0x00000000a4500000, 0x00000000a4500000|100%| O|  |TAMS 0x00000000a4400000, 0x00000000a4400000| Untracked 
| 581|0x00000000a4500000, 0x00000000a4600000, 0x00000000a4600000|100%| O|  |TAMS 0x00000000a4500000, 0x00000000a4500000| Untracked 
| 582|0x00000000a4600000, 0x00000000a465ac00, 0x00000000a4700000| 35%| O|  |TAMS 0x00000000a4600000, 0x00000000a4600000| Untracked 
| 583|0x00000000a4700000, 0x00000000a4700000, 0x00000000a4800000|  0%| F|  |TAMS 0x00000000a4700000, 0x00000000a4700000| Untracked 
| 584|0x00000000a4800000, 0x00000000a4800000, 0x00000000a4900000|  0%| F|  |TAMS 0x00000000a4800000, 0x00000000a4800000| Untracked 
| 585|0x00000000a4900000, 0x00000000a4900000, 0x00000000a4a00000|  0%| F|  |TAMS 0x00000000a4900000, 0x00000000a4900000| Untracked 
| 586|0x00000000a4a00000, 0x00000000a4a00000, 0x00000000a4b00000|  0%| F|  |TAMS 0x00000000a4a00000, 0x00000000a4a00000| Untracked 
| 587|0x00000000a4b00000, 0x00000000a4b00000, 0x00000000a4c00000|  0%| F|  |TAMS 0x00000000a4b00000, 0x00000000a4b00000| Untracked 
| 588|0x00000000a4c00000, 0x00000000a4c00000, 0x00000000a4d00000|  0%| F|  |TAMS 0x00000000a4c00000, 0x00000000a4c00000| Untracked 
| 589|0x00000000a4d00000, 0x00000000a4d00000, 0x00000000a4e00000|  0%| F|  |TAMS 0x00000000a4d00000, 0x00000000a4d00000| Untracked 
| 590|0x00000000a4e00000, 0x00000000a4e00000, 0x00000000a4f00000|  0%| F|  |TAMS 0x00000000a4e00000, 0x00000000a4e00000| Untracked 
| 591|0x00000000a4f00000, 0x00000000a4f00000, 0x00000000a5000000|  0%| F|  |TAMS 0x00000000a4f00000, 0x00000000a4f00000| Untracked 
| 592|0x00000000a5000000, 0x00000000a5000000, 0x00000000a5100000|  0%| F|  |TAMS 0x00000000a5000000, 0x00000000a5000000| Untracked 
| 593|0x00000000a5100000, 0x00000000a5100000, 0x00000000a5200000|  0%| F|  |TAMS 0x00000000a5100000, 0x00000000a5100000| Untracked 
| 594|0x00000000a5200000, 0x00000000a5200000, 0x00000000a5300000|  0%| F|  |TAMS 0x00000000a5200000, 0x00000000a5200000| Untracked 
| 595|0x00000000a5300000, 0x00000000a5300000, 0x00000000a5400000|  0%| F|  |TAMS 0x00000000a5300000, 0x00000000a5300000| Untracked 
| 596|0x00000000a5400000, 0x00000000a5400000, 0x00000000a5500000|  0%| F|  |TAMS 0x00000000a5400000, 0x00000000a5400000| Untracked 
| 597|0x00000000a5500000, 0x00000000a5500000, 0x00000000a5600000|  0%| F|  |TAMS 0x00000000a5500000, 0x00000000a5500000| Untracked 
| 598|0x00000000a5600000, 0x00000000a5600000, 0x00000000a5700000|  0%| F|  |TAMS 0x00000000a5600000, 0x00000000a5600000| Untracked 
| 599|0x00000000a5700000, 0x00000000a5700000, 0x00000000a5800000|  0%| F|  |TAMS 0x00000000a5700000, 0x00000000a5700000| Untracked 
| 600|0x00000000a5800000, 0x00000000a5800000, 0x00000000a5900000|  0%| F|  |TAMS 0x00000000a5800000, 0x00000000a5800000| Untracked 
| 601|0x00000000a5900000, 0x00000000a5900000, 0x00000000a5a00000|  0%| F|  |TAMS 0x00000000a5900000, 0x00000000a5900000| Untracked 
| 602|0x00000000a5a00000, 0x00000000a5a00000, 0x00000000a5b00000|  0%| F|  |TAMS 0x00000000a5a00000, 0x00000000a5a00000| Untracked 
| 603|0x00000000a5b00000, 0x00000000a5b00000, 0x00000000a5c00000|  0%| F|  |TAMS 0x00000000a5b00000, 0x00000000a5b00000| Untracked 
| 604|0x00000000a5c00000, 0x00000000a5c00000, 0x00000000a5d00000|  0%| F|  |TAMS 0x00000000a5c00000, 0x00000000a5c00000| Untracked 
| 605|0x00000000a5d00000, 0x00000000a5d00000, 0x00000000a5e00000|  0%| F|  |TAMS 0x00000000a5d00000, 0x00000000a5d00000| Untracked 
| 606|0x00000000a5e00000, 0x00000000a5e00000, 0x00000000a5f00000|  0%| F|  |TAMS 0x00000000a5e00000, 0x00000000a5e00000| Untracked 
| 607|0x00000000a5f00000, 0x00000000a5f00000, 0x00000000a6000000|  0%| F|  |TAMS 0x00000000a5f00000, 0x00000000a5f00000| Untracked 
| 608|0x00000000a6000000, 0x00000000a6000000, 0x00000000a6100000|  0%| F|  |TAMS 0x00000000a6000000, 0x00000000a6000000| Untracked 
| 609|0x00000000a6100000, 0x00000000a6100000, 0x00000000a6200000|  0%| F|  |TAMS 0x00000000a6100000, 0x00000000a6100000| Untracked 
| 610|0x00000000a6200000, 0x00000000a6200000, 0x00000000a6300000|  0%| F|  |TAMS 0x00000000a6200000, 0x00000000a6200000| Untracked 
| 611|0x00000000a6300000, 0x00000000a6300000, 0x00000000a6400000|  0%| F|  |TAMS 0x00000000a6300000, 0x00000000a6300000| Untracked 
| 612|0x00000000a6400000, 0x00000000a6400000, 0x00000000a6500000|  0%| F|  |TAMS 0x00000000a6400000, 0x00000000a6400000| Untracked 
| 613|0x00000000a6500000, 0x00000000a6500000, 0x00000000a6600000|  0%| F|  |TAMS 0x00000000a6500000, 0x00000000a6500000| Untracked 
| 614|0x00000000a6600000, 0x00000000a6600000, 0x00000000a6700000|  0%| F|  |TAMS 0x00000000a6600000, 0x00000000a6600000| Untracked 
| 615|0x00000000a6700000, 0x00000000a6700000, 0x00000000a6800000|  0%| F|  |TAMS 0x00000000a6700000, 0x00000000a6700000| Untracked 
| 616|0x00000000a6800000, 0x00000000a6800000, 0x00000000a6900000|  0%| F|  |TAMS 0x00000000a6800000, 0x00000000a6800000| Untracked 
| 617|0x00000000a6900000, 0x00000000a6900000, 0x00000000a6a00000|  0%| F|  |TAMS 0x00000000a6900000, 0x00000000a6900000| Untracked 
| 618|0x00000000a6a00000, 0x00000000a6a00000, 0x00000000a6b00000|  0%| F|  |TAMS 0x00000000a6a00000, 0x00000000a6a00000| Untracked 
| 619|0x00000000a6b00000, 0x00000000a6b00000, 0x00000000a6c00000|  0%| F|  |TAMS 0x00000000a6b00000, 0x00000000a6b00000| Untracked 
| 620|0x00000000a6c00000, 0x00000000a6c00000, 0x00000000a6d00000|  0%| F|  |TAMS 0x00000000a6c00000, 0x00000000a6c00000| Untracked 
| 621|0x00000000a6d00000, 0x00000000a6d00000, 0x00000000a6e00000|  0%| F|  |TAMS 0x00000000a6d00000, 0x00000000a6d00000| Untracked 
| 622|0x00000000a6e00000, 0x00000000a6e00000, 0x00000000a6f00000|  0%| F|  |TAMS 0x00000000a6e00000, 0x00000000a6e00000| Untracked 
| 623|0x00000000a6f00000, 0x00000000a6f00000, 0x00000000a7000000|  0%| F|  |TAMS 0x00000000a6f00000, 0x00000000a6f00000| Untracked 
| 624|0x00000000a7000000, 0x00000000a7000000, 0x00000000a7100000|  0%| F|  |TAMS 0x00000000a7000000, 0x00000000a7000000| Untracked 
| 625|0x00000000a7100000, 0x00000000a7100000, 0x00000000a7200000|  0%| F|  |TAMS 0x00000000a7100000, 0x00000000a7100000| Untracked 
| 626|0x00000000a7200000, 0x00000000a7200000, 0x00000000a7300000|  0%| F|  |TAMS 0x00000000a7200000, 0x00000000a7200000| Untracked 
| 627|0x00000000a7300000, 0x00000000a7300000, 0x00000000a7400000|  0%| F|  |TAMS 0x00000000a7300000, 0x00000000a7300000| Untracked 
| 628|0x00000000a7400000, 0x00000000a7400000, 0x00000000a7500000|  0%| F|  |TAMS 0x00000000a7400000, 0x00000000a7400000| Untracked 
| 629|0x00000000a7500000, 0x00000000a7500000, 0x00000000a7600000|  0%| F|  |TAMS 0x00000000a7500000, 0x00000000a7500000| Untracked 
| 630|0x00000000a7600000, 0x00000000a7600000, 0x00000000a7700000|  0%| F|  |TAMS 0x00000000a7600000, 0x00000000a7600000| Untracked 
| 631|0x00000000a7700000, 0x00000000a7700000, 0x00000000a7800000|  0%| F|  |TAMS 0x00000000a7700000, 0x00000000a7700000| Untracked 
| 632|0x00000000a7800000, 0x00000000a7800000, 0x00000000a7900000|  0%| F|  |TAMS 0x00000000a7800000, 0x00000000a7800000| Untracked 
| 633|0x00000000a7900000, 0x00000000a7900000, 0x00000000a7a00000|  0%| F|  |TAMS 0x00000000a7900000, 0x00000000a7900000| Untracked 
| 634|0x00000000a7a00000, 0x00000000a7a00000, 0x00000000a7b00000|  0%| F|  |TAMS 0x00000000a7a00000, 0x00000000a7a00000| Untracked 
| 635|0x00000000a7b00000, 0x00000000a7b00000, 0x00000000a7c00000|  0%| F|  |TAMS 0x00000000a7b00000, 0x00000000a7b00000| Untracked 
| 636|0x00000000a7c00000, 0x00000000a7c00000, 0x00000000a7d00000|  0%| F|  |TAMS 0x00000000a7c00000, 0x00000000a7c00000| Untracked 
| 637|0x00000000a7d00000, 0x00000000a7d00000, 0x00000000a7e00000|  0%| F|  |TAMS 0x00000000a7d00000, 0x00000000a7d00000| Untracked 
| 638|0x00000000a7e00000, 0x00000000a7e00000, 0x00000000a7f00000|  0%| F|  |TAMS 0x00000000a7e00000, 0x00000000a7e00000| Untracked 
| 639|0x00000000a7f00000, 0x00000000a7f00000, 0x00000000a8000000|  0%| F|  |TAMS 0x00000000a7f00000, 0x00000000a7f00000| Untracked 
| 640|0x00000000a8000000, 0x00000000a8000000, 0x00000000a8100000|  0%| F|  |TAMS 0x00000000a8000000, 0x00000000a8000000| Untracked 
| 641|0x00000000a8100000, 0x00000000a8100000, 0x00000000a8200000|  0%| F|  |TAMS 0x00000000a8100000, 0x00000000a8100000| Untracked 
| 642|0x00000000a8200000, 0x00000000a8200000, 0x00000000a8300000|  0%| F|  |TAMS 0x00000000a8200000, 0x00000000a8200000| Untracked 
| 643|0x00000000a8300000, 0x00000000a8300000, 0x00000000a8400000|  0%| F|  |TAMS 0x00000000a8300000, 0x00000000a8300000| Untracked 
| 644|0x00000000a8400000, 0x00000000a8400000, 0x00000000a8500000|  0%| F|  |TAMS 0x00000000a8400000, 0x00000000a8400000| Untracked 
| 645|0x00000000a8500000, 0x00000000a8500000, 0x00000000a8600000|  0%| F|  |TAMS 0x00000000a8500000, 0x00000000a8500000| Untracked 
| 646|0x00000000a8600000, 0x00000000a8600000, 0x00000000a8700000|  0%| F|  |TAMS 0x00000000a8600000, 0x00000000a8600000| Untracked 
| 647|0x00000000a8700000, 0x00000000a8700000, 0x00000000a8800000|  0%| F|  |TAMS 0x00000000a8700000, 0x00000000a8700000| Untracked 
| 648|0x00000000a8800000, 0x00000000a8800000, 0x00000000a8900000|  0%| F|  |TAMS 0x00000000a8800000, 0x00000000a8800000| Untracked 
| 649|0x00000000a8900000, 0x00000000a8900000, 0x00000000a8a00000|  0%| F|  |TAMS 0x00000000a8900000, 0x00000000a8900000| Untracked 
| 650|0x00000000a8a00000, 0x00000000a8a00000, 0x00000000a8b00000|  0%| F|  |TAMS 0x00000000a8a00000, 0x00000000a8a00000| Untracked 
| 651|0x00000000a8b00000, 0x00000000a8b00000, 0x00000000a8c00000|  0%| F|  |TAMS 0x00000000a8b00000, 0x00000000a8b00000| Untracked 
| 652|0x00000000a8c00000, 0x00000000a8c00000, 0x00000000a8d00000|  0%| F|  |TAMS 0x00000000a8c00000, 0x00000000a8c00000| Untracked 
| 653|0x00000000a8d00000, 0x00000000a8d00000, 0x00000000a8e00000|  0%| F|  |TAMS 0x00000000a8d00000, 0x00000000a8d00000| Untracked 
| 654|0x00000000a8e00000, 0x00000000a8e00000, 0x00000000a8f00000|  0%| F|  |TAMS 0x00000000a8e00000, 0x00000000a8e00000| Untracked 
| 655|0x00000000a8f00000, 0x00000000a8f00000, 0x00000000a9000000|  0%| F|  |TAMS 0x00000000a8f00000, 0x00000000a8f00000| Untracked 
| 656|0x00000000a9000000, 0x00000000a9000000, 0x00000000a9100000|  0%| F|  |TAMS 0x00000000a9000000, 0x00000000a9000000| Untracked 
| 657|0x00000000a9100000, 0x00000000a9100000, 0x00000000a9200000|  0%| F|  |TAMS 0x00000000a9100000, 0x00000000a9100000| Untracked 
| 658|0x00000000a9200000, 0x00000000a9200000, 0x00000000a9300000|  0%| F|  |TAMS 0x00000000a9200000, 0x00000000a9200000| Untracked 
| 659|0x00000000a9300000, 0x00000000a9300000, 0x00000000a9400000|  0%| F|  |TAMS 0x00000000a9300000, 0x00000000a9300000| Untracked 
| 660|0x00000000a9400000, 0x00000000a9400000, 0x00000000a9500000|  0%| F|  |TAMS 0x00000000a9400000, 0x00000000a9400000| Untracked 
| 661|0x00000000a9500000, 0x00000000a9500000, 0x00000000a9600000|  0%| F|  |TAMS 0x00000000a9500000, 0x00000000a9500000| Untracked 
| 662|0x00000000a9600000, 0x00000000a9600000, 0x00000000a9700000|  0%| F|  |TAMS 0x00000000a9600000, 0x00000000a9600000| Untracked 
| 663|0x00000000a9700000, 0x00000000a9700000, 0x00000000a9800000|  0%| F|  |TAMS 0x00000000a9700000, 0x00000000a9700000| Untracked 
| 664|0x00000000a9800000, 0x00000000a9800000, 0x00000000a9900000|  0%| F|  |TAMS 0x00000000a9800000, 0x00000000a9800000| Untracked 
| 665|0x00000000a9900000, 0x00000000a9900000, 0x00000000a9a00000|  0%| F|  |TAMS 0x00000000a9900000, 0x00000000a9900000| Untracked 
| 666|0x00000000a9a00000, 0x00000000a9a00000, 0x00000000a9b00000|  0%| F|  |TAMS 0x00000000a9a00000, 0x00000000a9a00000| Untracked 
| 667|0x00000000a9b00000, 0x00000000a9b00000, 0x00000000a9c00000|  0%| F|  |TAMS 0x00000000a9b00000, 0x00000000a9b00000| Untracked 
| 668|0x00000000a9c00000, 0x00000000a9c00000, 0x00000000a9d00000|  0%| F|  |TAMS 0x00000000a9c00000, 0x00000000a9c00000| Untracked 
| 669|0x00000000a9d00000, 0x00000000a9d00000, 0x00000000a9e00000|  0%| F|  |TAMS 0x00000000a9d00000, 0x00000000a9d00000| Untracked 
| 670|0x00000000a9e00000, 0x00000000a9e00000, 0x00000000a9f00000|  0%| F|  |TAMS 0x00000000a9e00000, 0x00000000a9e00000| Untracked 
| 671|0x00000000a9f00000, 0x00000000a9f00000, 0x00000000aa000000|  0%| F|  |TAMS 0x00000000a9f00000, 0x00000000a9f00000| Untracked 
| 672|0x00000000aa000000, 0x00000000aa000000, 0x00000000aa100000|  0%| F|  |TAMS 0x00000000aa000000, 0x00000000aa000000| Untracked 
| 673|0x00000000aa100000, 0x00000000aa100000, 0x00000000aa200000|  0%| F|  |TAMS 0x00000000aa100000, 0x00000000aa100000| Untracked 
| 674|0x00000000aa200000, 0x00000000aa200000, 0x00000000aa300000|  0%| F|  |TAMS 0x00000000aa200000, 0x00000000aa200000| Untracked 
| 675|0x00000000aa300000, 0x00000000aa300000, 0x00000000aa400000|  0%| F|  |TAMS 0x00000000aa300000, 0x00000000aa300000| Untracked 
| 676|0x00000000aa400000, 0x00000000aa400000, 0x00000000aa500000|  0%| F|  |TAMS 0x00000000aa400000, 0x00000000aa400000| Untracked 
| 677|0x00000000aa500000, 0x00000000aa500000, 0x00000000aa600000|  0%| F|  |TAMS 0x00000000aa500000, 0x00000000aa500000| Untracked 
| 678|0x00000000aa600000, 0x00000000aa600000, 0x00000000aa700000|  0%| F|  |TAMS 0x00000000aa600000, 0x00000000aa600000| Untracked 
| 679|0x00000000aa700000, 0x00000000aa700000, 0x00000000aa800000|  0%| F|  |TAMS 0x00000000aa700000, 0x00000000aa700000| Untracked 
| 680|0x00000000aa800000, 0x00000000aa800000, 0x00000000aa900000|  0%| F|  |TAMS 0x00000000aa800000, 0x00000000aa800000| Untracked 
| 681|0x00000000aa900000, 0x00000000aa900000, 0x00000000aaa00000|  0%| F|  |TAMS 0x00000000aa900000, 0x00000000aa900000| Untracked 
| 682|0x00000000aaa00000, 0x00000000aaa00000, 0x00000000aab00000|  0%| F|  |TAMS 0x00000000aaa00000, 0x00000000aaa00000| Untracked 
| 683|0x00000000aab00000, 0x00000000aab00000, 0x00000000aac00000|  0%| F|  |TAMS 0x00000000aab00000, 0x00000000aab00000| Untracked 
| 684|0x00000000aac00000, 0x00000000aac00000, 0x00000000aad00000|  0%| F|  |TAMS 0x00000000aac00000, 0x00000000aac00000| Untracked 
| 685|0x00000000aad00000, 0x00000000aad00000, 0x00000000aae00000|  0%| F|  |TAMS 0x00000000aad00000, 0x00000000aad00000| Untracked 
| 686|0x00000000aae00000, 0x00000000aae00000, 0x00000000aaf00000|  0%| F|  |TAMS 0x00000000aae00000, 0x00000000aae00000| Untracked 
| 687|0x00000000aaf00000, 0x00000000aaf00000, 0x00000000ab000000|  0%| F|  |TAMS 0x00000000aaf00000, 0x00000000aaf00000| Untracked 
| 688|0x00000000ab000000, 0x00000000ab000000, 0x00000000ab100000|  0%| F|  |TAMS 0x00000000ab000000, 0x00000000ab000000| Untracked 
| 689|0x00000000ab100000, 0x00000000ab100000, 0x00000000ab200000|  0%| F|  |TAMS 0x00000000ab100000, 0x00000000ab100000| Untracked 
| 690|0x00000000ab200000, 0x00000000ab200000, 0x00000000ab300000|  0%| F|  |TAMS 0x00000000ab200000, 0x00000000ab200000| Untracked 
| 691|0x00000000ab300000, 0x00000000ab300000, 0x00000000ab400000|  0%| F|  |TAMS 0x00000000ab300000, 0x00000000ab300000| Untracked 
| 692|0x00000000ab400000, 0x00000000ab400000, 0x00000000ab500000|  0%| F|  |TAMS 0x00000000ab400000, 0x00000000ab400000| Untracked 
| 693|0x00000000ab500000, 0x00000000ab500000, 0x00000000ab600000|  0%| F|  |TAMS 0x00000000ab500000, 0x00000000ab500000| Untracked 
| 694|0x00000000ab600000, 0x00000000ab600000, 0x00000000ab700000|  0%| F|  |TAMS 0x00000000ab600000, 0x00000000ab600000| Untracked 
| 695|0x00000000ab700000, 0x00000000ab700000, 0x00000000ab800000|  0%| F|  |TAMS 0x00000000ab700000, 0x00000000ab700000| Untracked 
| 696|0x00000000ab800000, 0x00000000ab800000, 0x00000000ab900000|  0%| F|  |TAMS 0x00000000ab800000, 0x00000000ab800000| Untracked 
| 697|0x00000000ab900000, 0x00000000ab900000, 0x00000000aba00000|  0%| F|  |TAMS 0x00000000ab900000, 0x00000000ab900000| Untracked 
| 698|0x00000000aba00000, 0x00000000aba00000, 0x00000000abb00000|  0%| F|  |TAMS 0x00000000aba00000, 0x00000000aba00000| Untracked 
| 699|0x00000000abb00000, 0x00000000abb00000, 0x00000000abc00000|  0%| F|  |TAMS 0x00000000abb00000, 0x00000000abb00000| Untracked 
| 700|0x00000000abc00000, 0x00000000abc00000, 0x00000000abd00000|  0%| F|  |TAMS 0x00000000abc00000, 0x00000000abc00000| Untracked 
| 701|0x00000000abd00000, 0x00000000abd00000, 0x00000000abe00000|  0%| F|  |TAMS 0x00000000abd00000, 0x00000000abd00000| Untracked 
| 702|0x00000000abe00000, 0x00000000abe00000, 0x00000000abf00000|  0%| F|  |TAMS 0x00000000abe00000, 0x00000000abe00000| Untracked 
| 703|0x00000000abf00000, 0x00000000abf00000, 0x00000000ac000000|  0%| F|  |TAMS 0x00000000abf00000, 0x00000000abf00000| Untracked 
| 704|0x00000000ac000000, 0x00000000ac000000, 0x00000000ac100000|  0%| F|  |TAMS 0x00000000ac000000, 0x00000000ac000000| Untracked 
| 705|0x00000000ac100000, 0x00000000ac100000, 0x00000000ac200000|  0%| F|  |TAMS 0x00000000ac100000, 0x00000000ac100000| Untracked 
| 706|0x00000000ac200000, 0x00000000ac200000, 0x00000000ac300000|  0%| F|  |TAMS 0x00000000ac200000, 0x00000000ac200000| Untracked 
| 707|0x00000000ac300000, 0x00000000ac300000, 0x00000000ac400000|  0%| F|  |TAMS 0x00000000ac300000, 0x00000000ac300000| Untracked 
| 708|0x00000000ac400000, 0x00000000ac400000, 0x00000000ac500000|  0%| F|  |TAMS 0x00000000ac400000, 0x00000000ac400000| Untracked 
| 709|0x00000000ac500000, 0x00000000ac500000, 0x00000000ac600000|  0%| F|  |TAMS 0x00000000ac500000, 0x00000000ac500000| Untracked 
| 710|0x00000000ac600000, 0x00000000ac600000, 0x00000000ac700000|  0%| F|  |TAMS 0x00000000ac600000, 0x00000000ac600000| Untracked 
| 711|0x00000000ac700000, 0x00000000ac700000, 0x00000000ac800000|  0%| F|  |TAMS 0x00000000ac700000, 0x00000000ac700000| Untracked 
| 712|0x00000000ac800000, 0x00000000ac800000, 0x00000000ac900000|  0%| F|  |TAMS 0x00000000ac800000, 0x00000000ac800000| Untracked 
| 713|0x00000000ac900000, 0x00000000ac900000, 0x00000000aca00000|  0%| F|  |TAMS 0x00000000ac900000, 0x00000000ac900000| Untracked 
| 714|0x00000000aca00000, 0x00000000aca00000, 0x00000000acb00000|  0%| F|  |TAMS 0x00000000aca00000, 0x00000000aca00000| Untracked 
| 715|0x00000000acb00000, 0x00000000acb00000, 0x00000000acc00000|  0%| F|  |TAMS 0x00000000acb00000, 0x00000000acb00000| Untracked 
| 716|0x00000000acc00000, 0x00000000acc00000, 0x00000000acd00000|  0%| F|  |TAMS 0x00000000acc00000, 0x00000000acc00000| Untracked 
| 717|0x00000000acd00000, 0x00000000acd00000, 0x00000000ace00000|  0%| F|  |TAMS 0x00000000acd00000, 0x00000000acd00000| Untracked 
| 718|0x00000000ace00000, 0x00000000ace00000, 0x00000000acf00000|  0%| F|  |TAMS 0x00000000ace00000, 0x00000000ace00000| Untracked 
| 719|0x00000000acf00000, 0x00000000acf00000, 0x00000000ad000000|  0%| F|  |TAMS 0x00000000acf00000, 0x00000000acf00000| Untracked 
| 720|0x00000000ad000000, 0x00000000ad000000, 0x00000000ad100000|  0%| F|  |TAMS 0x00000000ad000000, 0x00000000ad000000| Untracked 
| 721|0x00000000ad100000, 0x00000000ad100000, 0x00000000ad200000|  0%| F|  |TAMS 0x00000000ad100000, 0x00000000ad100000| Untracked 
| 722|0x00000000ad200000, 0x00000000ad200000, 0x00000000ad300000|  0%| F|  |TAMS 0x00000000ad200000, 0x00000000ad200000| Untracked 
| 723|0x00000000ad300000, 0x00000000ad300000, 0x00000000ad400000|  0%| F|  |TAMS 0x00000000ad300000, 0x00000000ad300000| Untracked 
| 724|0x00000000ad400000, 0x00000000ad400000, 0x00000000ad500000|  0%| F|  |TAMS 0x00000000ad400000, 0x00000000ad400000| Untracked 
| 725|0x00000000ad500000, 0x00000000ad500000, 0x00000000ad600000|  0%| F|  |TAMS 0x00000000ad500000, 0x00000000ad500000| Untracked 
| 726|0x00000000ad600000, 0x00000000ad600000, 0x00000000ad700000|  0%| F|  |TAMS 0x00000000ad600000, 0x00000000ad600000| Untracked 
| 727|0x00000000ad700000, 0x00000000ad700000, 0x00000000ad800000|  0%| F|  |TAMS 0x00000000ad700000, 0x00000000ad700000| Untracked 
| 728|0x00000000ad800000, 0x00000000ad800000, 0x00000000ad900000|  0%| F|  |TAMS 0x00000000ad800000, 0x00000000ad800000| Untracked 
| 729|0x00000000ad900000, 0x00000000ad900000, 0x00000000ada00000|  0%| F|  |TAMS 0x00000000ad900000, 0x00000000ad900000| Untracked 
| 730|0x00000000ada00000, 0x00000000ada00000, 0x00000000adb00000|  0%| F|  |TAMS 0x00000000ada00000, 0x00000000ada00000| Untracked 
| 731|0x00000000adb00000, 0x00000000adb00000, 0x00000000adc00000|  0%| F|  |TAMS 0x00000000adb00000, 0x00000000adb00000| Untracked 
| 732|0x00000000adc00000, 0x00000000adc00000, 0x00000000add00000|  0%| F|  |TAMS 0x00000000adc00000, 0x00000000adc00000| Untracked 
| 733|0x00000000add00000, 0x00000000add00000, 0x00000000ade00000|  0%| F|  |TAMS 0x00000000add00000, 0x00000000add00000| Untracked 
| 734|0x00000000ade00000, 0x00000000ade00000, 0x00000000adf00000|  0%| F|  |TAMS 0x00000000ade00000, 0x00000000ade00000| Untracked 
| 735|0x00000000adf00000, 0x00000000adf00000, 0x00000000ae000000|  0%| F|  |TAMS 0x00000000adf00000, 0x00000000adf00000| Untracked 
| 736|0x00000000ae000000, 0x00000000ae000000, 0x00000000ae100000|  0%| F|  |TAMS 0x00000000ae000000, 0x00000000ae000000| Untracked 
| 737|0x00000000ae100000, 0x00000000ae100000, 0x00000000ae200000|  0%| F|  |TAMS 0x00000000ae100000, 0x00000000ae100000| Untracked 
| 738|0x00000000ae200000, 0x00000000ae200000, 0x00000000ae300000|  0%| F|  |TAMS 0x00000000ae200000, 0x00000000ae200000| Untracked 
| 739|0x00000000ae300000, 0x00000000ae300000, 0x00000000ae400000|  0%| F|  |TAMS 0x00000000ae300000, 0x00000000ae300000| Untracked 
| 740|0x00000000ae400000, 0x00000000ae400000, 0x00000000ae500000|  0%| F|  |TAMS 0x00000000ae400000, 0x00000000ae400000| Untracked 
| 741|0x00000000ae500000, 0x00000000ae500000, 0x00000000ae600000|  0%| F|  |TAMS 0x00000000ae500000, 0x00000000ae500000| Untracked 
| 742|0x00000000ae600000, 0x00000000ae600000, 0x00000000ae700000|  0%| F|  |TAMS 0x00000000ae600000, 0x00000000ae600000| Untracked 
| 743|0x00000000ae700000, 0x00000000ae700000, 0x00000000ae800000|  0%| F|  |TAMS 0x00000000ae700000, 0x00000000ae700000| Untracked 
| 744|0x00000000ae800000, 0x00000000ae800000, 0x00000000ae900000|  0%| F|  |TAMS 0x00000000ae800000, 0x00000000ae800000| Untracked 
| 745|0x00000000ae900000, 0x00000000ae900000, 0x00000000aea00000|  0%| F|  |TAMS 0x00000000ae900000, 0x00000000ae900000| Untracked 
| 746|0x00000000aea00000, 0x00000000aea00000, 0x00000000aeb00000|  0%| F|  |TAMS 0x00000000aea00000, 0x00000000aea00000| Untracked 
| 747|0x00000000aeb00000, 0x00000000aeb00000, 0x00000000aec00000|  0%| F|  |TAMS 0x00000000aeb00000, 0x00000000aeb00000| Untracked 
| 748|0x00000000aec00000, 0x00000000aec00000, 0x00000000aed00000|  0%| F|  |TAMS 0x00000000aec00000, 0x00000000aec00000| Untracked 
| 749|0x00000000aed00000, 0x00000000aed00000, 0x00000000aee00000|  0%| F|  |TAMS 0x00000000aed00000, 0x00000000aed00000| Untracked 
| 750|0x00000000aee00000, 0x00000000aee00000, 0x00000000aef00000|  0%| F|  |TAMS 0x00000000aee00000, 0x00000000aee00000| Untracked 
| 751|0x00000000aef00000, 0x00000000aef00000, 0x00000000af000000|  0%| F|  |TAMS 0x00000000aef00000, 0x00000000aef00000| Untracked 
| 752|0x00000000af000000, 0x00000000af000000, 0x00000000af100000|  0%| F|  |TAMS 0x00000000af000000, 0x00000000af000000| Untracked 
| 753|0x00000000af100000, 0x00000000af100000, 0x00000000af200000|  0%| F|  |TAMS 0x00000000af100000, 0x00000000af100000| Untracked 
| 754|0x00000000af200000, 0x00000000af200000, 0x00000000af300000|  0%| F|  |TAMS 0x00000000af200000, 0x00000000af200000| Untracked 
| 755|0x00000000af300000, 0x00000000af300000, 0x00000000af400000|  0%| F|  |TAMS 0x00000000af300000, 0x00000000af300000| Untracked 
| 756|0x00000000af400000, 0x00000000af400000, 0x00000000af500000|  0%| F|  |TAMS 0x00000000af400000, 0x00000000af400000| Untracked 
| 757|0x00000000af500000, 0x00000000af500000, 0x00000000af600000|  0%| F|  |TAMS 0x00000000af500000, 0x00000000af500000| Untracked 
| 758|0x00000000af600000, 0x00000000af600000, 0x00000000af700000|  0%| F|  |TAMS 0x00000000af600000, 0x00000000af600000| Untracked 
| 759|0x00000000af700000, 0x00000000af700000, 0x00000000af800000|  0%| F|  |TAMS 0x00000000af700000, 0x00000000af700000| Untracked 
| 760|0x00000000af800000, 0x00000000af800000, 0x00000000af900000|  0%| F|  |TAMS 0x00000000af800000, 0x00000000af800000| Untracked 
| 761|0x00000000af900000, 0x00000000af900000, 0x00000000afa00000|  0%| F|  |TAMS 0x00000000af900000, 0x00000000af900000| Untracked 
| 762|0x00000000afa00000, 0x00000000afa00000, 0x00000000afb00000|  0%| F|  |TAMS 0x00000000afa00000, 0x00000000afa00000| Untracked 
| 763|0x00000000afb00000, 0x00000000afb00000, 0x00000000afc00000|  0%| F|  |TAMS 0x00000000afb00000, 0x00000000afb00000| Untracked 
| 764|0x00000000afc00000, 0x00000000afc00000, 0x00000000afd00000|  0%| F|  |TAMS 0x00000000afc00000, 0x00000000afc00000| Untracked 
| 765|0x00000000afd00000, 0x00000000afd00000, 0x00000000afe00000|  0%| F|  |TAMS 0x00000000afd00000, 0x00000000afd00000| Untracked 
| 766|0x00000000afe00000, 0x00000000afe00000, 0x00000000aff00000|  0%| F|  |TAMS 0x00000000afe00000, 0x00000000afe00000| Untracked 
| 767|0x00000000aff00000, 0x00000000aff00000, 0x00000000b0000000|  0%| F|  |TAMS 0x00000000aff00000, 0x00000000aff00000| Untracked 
| 768|0x00000000b0000000, 0x00000000b0000000, 0x00000000b0100000|  0%| F|  |TAMS 0x00000000b0000000, 0x00000000b0000000| Untracked 
| 769|0x00000000b0100000, 0x00000000b0100000, 0x00000000b0200000|  0%| F|  |TAMS 0x00000000b0100000, 0x00000000b0100000| Untracked 
| 770|0x00000000b0200000, 0x00000000b0200000, 0x00000000b0300000|  0%| F|  |TAMS 0x00000000b0200000, 0x00000000b0200000| Untracked 
| 771|0x00000000b0300000, 0x00000000b0300000, 0x00000000b0400000|  0%| F|  |TAMS 0x00000000b0300000, 0x00000000b0300000| Untracked 
| 772|0x00000000b0400000, 0x00000000b0400000, 0x00000000b0500000|  0%| F|  |TAMS 0x00000000b0400000, 0x00000000b0400000| Untracked 
| 773|0x00000000b0500000, 0x00000000b0500000, 0x00000000b0600000|  0%| F|  |TAMS 0x00000000b0500000, 0x00000000b0500000| Untracked 
| 774|0x00000000b0600000, 0x00000000b0600000, 0x00000000b0700000|  0%| F|  |TAMS 0x00000000b0600000, 0x00000000b0600000| Untracked 
| 775|0x00000000b0700000, 0x00000000b0700000, 0x00000000b0800000|  0%| F|  |TAMS 0x00000000b0700000, 0x00000000b0700000| Untracked 
| 776|0x00000000b0800000, 0x00000000b0800000, 0x00000000b0900000|  0%| F|  |TAMS 0x00000000b0800000, 0x00000000b0800000| Untracked 
| 777|0x00000000b0900000, 0x00000000b0900000, 0x00000000b0a00000|  0%| F|  |TAMS 0x00000000b0900000, 0x00000000b0900000| Untracked 
| 778|0x00000000b0a00000, 0x00000000b0a00000, 0x00000000b0b00000|  0%| F|  |TAMS 0x00000000b0a00000, 0x00000000b0a00000| Untracked 
| 779|0x00000000b0b00000, 0x00000000b0b00000, 0x00000000b0c00000|  0%| F|  |TAMS 0x00000000b0b00000, 0x00000000b0b00000| Untracked 
| 780|0x00000000b0c00000, 0x00000000b0c00000, 0x00000000b0d00000|  0%| F|  |TAMS 0x00000000b0c00000, 0x00000000b0c00000| Untracked 
| 781|0x00000000b0d00000, 0x00000000b0d00000, 0x00000000b0e00000|  0%| F|  |TAMS 0x00000000b0d00000, 0x00000000b0d00000| Untracked 
| 782|0x00000000b0e00000, 0x00000000b0e00000, 0x00000000b0f00000|  0%| F|  |TAMS 0x00000000b0e00000, 0x00000000b0e00000| Untracked 
| 783|0x00000000b0f00000, 0x00000000b0f00000, 0x00000000b1000000|  0%| F|  |TAMS 0x00000000b0f00000, 0x00000000b0f00000| Untracked 
| 784|0x00000000b1000000, 0x00000000b1000000, 0x00000000b1100000|  0%| F|  |TAMS 0x00000000b1000000, 0x00000000b1000000| Untracked 
| 785|0x00000000b1100000, 0x00000000b1100000, 0x00000000b1200000|  0%| F|  |TAMS 0x00000000b1100000, 0x00000000b1100000| Untracked 
| 786|0x00000000b1200000, 0x00000000b1200000, 0x00000000b1300000|  0%| F|  |TAMS 0x00000000b1200000, 0x00000000b1200000| Untracked 
| 787|0x00000000b1300000, 0x00000000b1300000, 0x00000000b1400000|  0%| F|  |TAMS 0x00000000b1300000, 0x00000000b1300000| Untracked 
| 788|0x00000000b1400000, 0x00000000b1400000, 0x00000000b1500000|  0%| F|  |TAMS 0x00000000b1400000, 0x00000000b1400000| Untracked 
| 789|0x00000000b1500000, 0x00000000b1500000, 0x00000000b1600000|  0%| F|  |TAMS 0x00000000b1500000, 0x00000000b1500000| Untracked 
| 790|0x00000000b1600000, 0x00000000b1600000, 0x00000000b1700000|  0%| F|  |TAMS 0x00000000b1600000, 0x00000000b1600000| Untracked 
| 791|0x00000000b1700000, 0x00000000b1700000, 0x00000000b1800000|  0%| F|  |TAMS 0x00000000b1700000, 0x00000000b1700000| Untracked 
| 792|0x00000000b1800000, 0x00000000b1800000, 0x00000000b1900000|  0%| F|  |TAMS 0x00000000b1800000, 0x00000000b1800000| Untracked 
| 793|0x00000000b1900000, 0x00000000b1900000, 0x00000000b1a00000|  0%| F|  |TAMS 0x00000000b1900000, 0x00000000b1900000| Untracked 
| 794|0x00000000b1a00000, 0x00000000b1a00000, 0x00000000b1b00000|  0%| F|  |TAMS 0x00000000b1a00000, 0x00000000b1a00000| Untracked 
| 795|0x00000000b1b00000, 0x00000000b1b00000, 0x00000000b1c00000|  0%| F|  |TAMS 0x00000000b1b00000, 0x00000000b1b00000| Untracked 
| 796|0x00000000b1c00000, 0x00000000b1c00000, 0x00000000b1d00000|  0%| F|  |TAMS 0x00000000b1c00000, 0x00000000b1c00000| Untracked 
| 797|0x00000000b1d00000, 0x00000000b1d00000, 0x00000000b1e00000|  0%| F|  |TAMS 0x00000000b1d00000, 0x00000000b1d00000| Untracked 
| 798|0x00000000b1e00000, 0x00000000b1e00000, 0x00000000b1f00000|  0%| F|  |TAMS 0x00000000b1e00000, 0x00000000b1e00000| Untracked 
| 799|0x00000000b1f00000, 0x00000000b1f00000, 0x00000000b2000000|  0%| F|  |TAMS 0x00000000b1f00000, 0x00000000b1f00000| Untracked 
| 800|0x00000000b2000000, 0x00000000b2000000, 0x00000000b2100000|  0%| F|  |TAMS 0x00000000b2000000, 0x00000000b2000000| Untracked 
| 801|0x00000000b2100000, 0x00000000b2100000, 0x00000000b2200000|  0%| F|  |TAMS 0x00000000b2100000, 0x00000000b2100000| Untracked 
| 802|0x00000000b2200000, 0x00000000b2200000, 0x00000000b2300000|  0%| F|  |TAMS 0x00000000b2200000, 0x00000000b2200000| Untracked 
| 803|0x00000000b2300000, 0x00000000b2300000, 0x00000000b2400000|  0%| F|  |TAMS 0x00000000b2300000, 0x00000000b2300000| Untracked 
| 804|0x00000000b2400000, 0x00000000b2400000, 0x00000000b2500000|  0%| F|  |TAMS 0x00000000b2400000, 0x00000000b2400000| Untracked 
| 805|0x00000000b2500000, 0x00000000b2500000, 0x00000000b2600000|  0%| F|  |TAMS 0x00000000b2500000, 0x00000000b2500000| Untracked 
| 806|0x00000000b2600000, 0x00000000b2600000, 0x00000000b2700000|  0%| F|  |TAMS 0x00000000b2600000, 0x00000000b2600000| Untracked 
| 807|0x00000000b2700000, 0x00000000b2700000, 0x00000000b2800000|  0%| F|  |TAMS 0x00000000b2700000, 0x00000000b2700000| Untracked 
| 808|0x00000000b2800000, 0x00000000b2800000, 0x00000000b2900000|  0%| F|  |TAMS 0x00000000b2800000, 0x00000000b2800000| Untracked 
| 809|0x00000000b2900000, 0x00000000b2900000, 0x00000000b2a00000|  0%| F|  |TAMS 0x00000000b2900000, 0x00000000b2900000| Untracked 
| 810|0x00000000b2a00000, 0x00000000b2a00000, 0x00000000b2b00000|  0%| F|  |TAMS 0x00000000b2a00000, 0x00000000b2a00000| Untracked 
| 811|0x00000000b2b00000, 0x00000000b2b00000, 0x00000000b2c00000|  0%| F|  |TAMS 0x00000000b2b00000, 0x00000000b2b00000| Untracked 
| 812|0x00000000b2c00000, 0x00000000b2c00000, 0x00000000b2d00000|  0%| F|  |TAMS 0x00000000b2c00000, 0x00000000b2c00000| Untracked 
| 813|0x00000000b2d00000, 0x00000000b2d00000, 0x00000000b2e00000|  0%| F|  |TAMS 0x00000000b2d00000, 0x00000000b2d00000| Untracked 
| 814|0x00000000b2e00000, 0x00000000b2e00000, 0x00000000b2f00000|  0%| F|  |TAMS 0x00000000b2e00000, 0x00000000b2e00000| Untracked 
| 815|0x00000000b2f00000, 0x00000000b2f00000, 0x00000000b3000000|  0%| F|  |TAMS 0x00000000b2f00000, 0x00000000b2f00000| Untracked 
| 816|0x00000000b3000000, 0x00000000b3000000, 0x00000000b3100000|  0%| F|  |TAMS 0x00000000b3000000, 0x00000000b3000000| Untracked 
| 817|0x00000000b3100000, 0x00000000b3100000, 0x00000000b3200000|  0%| F|  |TAMS 0x00000000b3100000, 0x00000000b3100000| Untracked 
| 818|0x00000000b3200000, 0x00000000b3200000, 0x00000000b3300000|  0%| F|  |TAMS 0x00000000b3200000, 0x00000000b3200000| Untracked 
| 819|0x00000000b3300000, 0x00000000b3300000, 0x00000000b3400000|  0%| F|  |TAMS 0x00000000b3300000, 0x00000000b3300000| Untracked 
| 820|0x00000000b3400000, 0x00000000b3400000, 0x00000000b3500000|  0%| F|  |TAMS 0x00000000b3400000, 0x00000000b3400000| Untracked 
| 821|0x00000000b3500000, 0x00000000b3500000, 0x00000000b3600000|  0%| F|  |TAMS 0x00000000b3500000, 0x00000000b3500000| Untracked 
| 822|0x00000000b3600000, 0x00000000b3600000, 0x00000000b3700000|  0%| F|  |TAMS 0x00000000b3600000, 0x00000000b3600000| Untracked 
| 823|0x00000000b3700000, 0x00000000b3700000, 0x00000000b3800000|  0%| F|  |TAMS 0x00000000b3700000, 0x00000000b3700000| Untracked 
| 824|0x00000000b3800000, 0x00000000b3800000, 0x00000000b3900000|  0%| F|  |TAMS 0x00000000b3800000, 0x00000000b3800000| Untracked 
| 825|0x00000000b3900000, 0x00000000b3900000, 0x00000000b3a00000|  0%| F|  |TAMS 0x00000000b3900000, 0x00000000b3900000| Untracked 
| 826|0x00000000b3a00000, 0x00000000b3a00000, 0x00000000b3b00000|  0%| F|  |TAMS 0x00000000b3a00000, 0x00000000b3a00000| Untracked 
| 827|0x00000000b3b00000, 0x00000000b3b00000, 0x00000000b3c00000|  0%| F|  |TAMS 0x00000000b3b00000, 0x00000000b3b00000| Untracked 
| 828|0x00000000b3c00000, 0x00000000b3c00000, 0x00000000b3d00000|  0%| F|  |TAMS 0x00000000b3c00000, 0x00000000b3c00000| Untracked 
| 829|0x00000000b3d00000, 0x00000000b3d00000, 0x00000000b3e00000|  0%| F|  |TAMS 0x00000000b3d00000, 0x00000000b3d00000| Untracked 
| 830|0x00000000b3e00000, 0x00000000b3e00000, 0x00000000b3f00000|  0%| F|  |TAMS 0x00000000b3e00000, 0x00000000b3e00000| Untracked 
| 831|0x00000000b3f00000, 0x00000000b3f00000, 0x00000000b4000000|  0%| F|  |TAMS 0x00000000b3f00000, 0x00000000b3f00000| Untracked 
| 832|0x00000000b4000000, 0x00000000b4000000, 0x00000000b4100000|  0%| F|  |TAMS 0x00000000b4000000, 0x00000000b4000000| Untracked 
| 833|0x00000000b4100000, 0x00000000b4100000, 0x00000000b4200000|  0%| F|  |TAMS 0x00000000b4100000, 0x00000000b4100000| Untracked 
| 834|0x00000000b4200000, 0x00000000b4200000, 0x00000000b4300000|  0%| F|  |TAMS 0x00000000b4200000, 0x00000000b4200000| Untracked 
| 835|0x00000000b4300000, 0x00000000b4300000, 0x00000000b4400000|  0%| F|  |TAMS 0x00000000b4300000, 0x00000000b4300000| Untracked 
| 836|0x00000000b4400000, 0x00000000b4400000, 0x00000000b4500000|  0%| F|  |TAMS 0x00000000b4400000, 0x00000000b4400000| Untracked 
| 837|0x00000000b4500000, 0x00000000b4500000, 0x00000000b4600000|  0%| F|  |TAMS 0x00000000b4500000, 0x00000000b4500000| Untracked 
| 838|0x00000000b4600000, 0x00000000b4600000, 0x00000000b4700000|  0%| F|  |TAMS 0x00000000b4600000, 0x00000000b4600000| Untracked 
| 839|0x00000000b4700000, 0x00000000b4700000, 0x00000000b4800000|  0%| F|  |TAMS 0x00000000b4700000, 0x00000000b4700000| Untracked 
| 840|0x00000000b4800000, 0x00000000b4800000, 0x00000000b4900000|  0%| F|  |TAMS 0x00000000b4800000, 0x00000000b4800000| Untracked 
| 841|0x00000000b4900000, 0x00000000b4900000, 0x00000000b4a00000|  0%| F|  |TAMS 0x00000000b4900000, 0x00000000b4900000| Untracked 
| 842|0x00000000b4a00000, 0x00000000b4a00000, 0x00000000b4b00000|  0%| F|  |TAMS 0x00000000b4a00000, 0x00000000b4a00000| Untracked 
| 843|0x00000000b4b00000, 0x00000000b4b00000, 0x00000000b4c00000|  0%| F|  |TAMS 0x00000000b4b00000, 0x00000000b4b00000| Untracked 
| 844|0x00000000b4c00000, 0x00000000b4c00000, 0x00000000b4d00000|  0%| F|  |TAMS 0x00000000b4c00000, 0x00000000b4c00000| Untracked 
| 845|0x00000000b4d00000, 0x00000000b4d00000, 0x00000000b4e00000|  0%| F|  |TAMS 0x00000000b4d00000, 0x00000000b4d00000| Untracked 
| 846|0x00000000b4e00000, 0x00000000b4e00000, 0x00000000b4f00000|  0%| F|  |TAMS 0x00000000b4e00000, 0x00000000b4e00000| Untracked 
| 847|0x00000000b4f00000, 0x00000000b4f00000, 0x00000000b5000000|  0%| F|  |TAMS 0x00000000b4f00000, 0x00000000b4f00000| Untracked 
| 848|0x00000000b5000000, 0x00000000b5000000, 0x00000000b5100000|  0%| F|  |TAMS 0x00000000b5000000, 0x00000000b5000000| Untracked 
| 849|0x00000000b5100000, 0x00000000b5100000, 0x00000000b5200000|  0%| F|  |TAMS 0x00000000b5100000, 0x00000000b5100000| Untracked 
| 850|0x00000000b5200000, 0x00000000b5200000, 0x00000000b5300000|  0%| F|  |TAMS 0x00000000b5200000, 0x00000000b5200000| Untracked 
| 851|0x00000000b5300000, 0x00000000b5300000, 0x00000000b5400000|  0%| F|  |TAMS 0x00000000b5300000, 0x00000000b5300000| Untracked 
| 852|0x00000000b5400000, 0x00000000b5400000, 0x00000000b5500000|  0%| F|  |TAMS 0x00000000b5400000, 0x00000000b5400000| Untracked 
| 853|0x00000000b5500000, 0x00000000b5500000, 0x00000000b5600000|  0%| F|  |TAMS 0x00000000b5500000, 0x00000000b5500000| Untracked 
| 854|0x00000000b5600000, 0x00000000b5600000, 0x00000000b5700000|  0%| F|  |TAMS 0x00000000b5600000, 0x00000000b5600000| Untracked 
| 855|0x00000000b5700000, 0x00000000b5700000, 0x00000000b5800000|  0%| F|  |TAMS 0x00000000b5700000, 0x00000000b5700000| Untracked 
| 856|0x00000000b5800000, 0x00000000b5800000, 0x00000000b5900000|  0%| F|  |TAMS 0x00000000b5800000, 0x00000000b5800000| Untracked 
| 857|0x00000000b5900000, 0x00000000b5900000, 0x00000000b5a00000|  0%| F|  |TAMS 0x00000000b5900000, 0x00000000b5900000| Untracked 
| 858|0x00000000b5a00000, 0x00000000b5a00000, 0x00000000b5b00000|  0%| F|  |TAMS 0x00000000b5a00000, 0x00000000b5a00000| Untracked 
| 859|0x00000000b5b00000, 0x00000000b5b00000, 0x00000000b5c00000|  0%| F|  |TAMS 0x00000000b5b00000, 0x00000000b5b00000| Untracked 
| 860|0x00000000b5c00000, 0x00000000b5c00000, 0x00000000b5d00000|  0%| F|  |TAMS 0x00000000b5c00000, 0x00000000b5c00000| Untracked 
| 861|0x00000000b5d00000, 0x00000000b5d00000, 0x00000000b5e00000|  0%| F|  |TAMS 0x00000000b5d00000, 0x00000000b5d00000| Untracked 
| 862|0x00000000b5e00000, 0x00000000b5e00000, 0x00000000b5f00000|  0%| F|  |TAMS 0x00000000b5e00000, 0x00000000b5e00000| Untracked 
| 863|0x00000000b5f00000, 0x00000000b5f00000, 0x00000000b6000000|  0%| F|  |TAMS 0x00000000b5f00000, 0x00000000b5f00000| Untracked 
| 864|0x00000000b6000000, 0x00000000b6000000, 0x00000000b6100000|  0%| F|  |TAMS 0x00000000b6000000, 0x00000000b6000000| Untracked 
| 865|0x00000000b6100000, 0x00000000b6100000, 0x00000000b6200000|  0%| F|  |TAMS 0x00000000b6100000, 0x00000000b6100000| Untracked 
| 866|0x00000000b6200000, 0x00000000b6200000, 0x00000000b6300000|  0%| F|  |TAMS 0x00000000b6200000, 0x00000000b6200000| Untracked 
| 867|0x00000000b6300000, 0x00000000b6300000, 0x00000000b6400000|  0%| F|  |TAMS 0x00000000b6300000, 0x00000000b6300000| Untracked 
| 868|0x00000000b6400000, 0x00000000b6400000, 0x00000000b6500000|  0%| F|  |TAMS 0x00000000b6400000, 0x00000000b6400000| Untracked 
| 869|0x00000000b6500000, 0x00000000b6500000, 0x00000000b6600000|  0%| F|  |TAMS 0x00000000b6500000, 0x00000000b6500000| Untracked 
| 870|0x00000000b6600000, 0x00000000b6600000, 0x00000000b6700000|  0%| F|  |TAMS 0x00000000b6600000, 0x00000000b6600000| Untracked 
| 871|0x00000000b6700000, 0x00000000b6700000, 0x00000000b6800000|  0%| F|  |TAMS 0x00000000b6700000, 0x00000000b6700000| Untracked 
| 872|0x00000000b6800000, 0x00000000b6800000, 0x00000000b6900000|  0%| F|  |TAMS 0x00000000b6800000, 0x00000000b6800000| Untracked 
| 873|0x00000000b6900000, 0x00000000b6900000, 0x00000000b6a00000|  0%| F|  |TAMS 0x00000000b6900000, 0x00000000b6900000| Untracked 
| 874|0x00000000b6a00000, 0x00000000b6a00000, 0x00000000b6b00000|  0%| F|  |TAMS 0x00000000b6a00000, 0x00000000b6a00000| Untracked 
| 875|0x00000000b6b00000, 0x00000000b6b00000, 0x00000000b6c00000|  0%| F|  |TAMS 0x00000000b6b00000, 0x00000000b6b00000| Untracked 
| 876|0x00000000b6c00000, 0x00000000b6c00000, 0x00000000b6d00000|  0%| F|  |TAMS 0x00000000b6c00000, 0x00000000b6c00000| Untracked 
| 877|0x00000000b6d00000, 0x00000000b6d00000, 0x00000000b6e00000|  0%| F|  |TAMS 0x00000000b6d00000, 0x00000000b6d00000| Untracked 
| 878|0x00000000b6e00000, 0x00000000b6e00000, 0x00000000b6f00000|  0%| F|  |TAMS 0x00000000b6e00000, 0x00000000b6e00000| Untracked 
| 879|0x00000000b6f00000, 0x00000000b6f00000, 0x00000000b7000000|  0%| F|  |TAMS 0x00000000b6f00000, 0x00000000b6f00000| Untracked 
| 880|0x00000000b7000000, 0x00000000b7000000, 0x00000000b7100000|  0%| F|  |TAMS 0x00000000b7000000, 0x00000000b7000000| Untracked 
| 881|0x00000000b7100000, 0x00000000b7100000, 0x00000000b7200000|  0%| F|  |TAMS 0x00000000b7100000, 0x00000000b7100000| Untracked 
| 882|0x00000000b7200000, 0x00000000b7200000, 0x00000000b7300000|  0%| F|  |TAMS 0x00000000b7200000, 0x00000000b7200000| Untracked 
| 883|0x00000000b7300000, 0x00000000b7300000, 0x00000000b7400000|  0%| F|  |TAMS 0x00000000b7300000, 0x00000000b7300000| Untracked 
| 884|0x00000000b7400000, 0x00000000b7400000, 0x00000000b7500000|  0%| F|  |TAMS 0x00000000b7400000, 0x00000000b7400000| Untracked 
| 885|0x00000000b7500000, 0x00000000b7500000, 0x00000000b7600000|  0%| F|  |TAMS 0x00000000b7500000, 0x00000000b7500000| Untracked 
| 886|0x00000000b7600000, 0x00000000b7600000, 0x00000000b7700000|  0%| F|  |TAMS 0x00000000b7600000, 0x00000000b7600000| Untracked 
| 887|0x00000000b7700000, 0x00000000b7700000, 0x00000000b7800000|  0%| F|  |TAMS 0x00000000b7700000, 0x00000000b7700000| Untracked 
| 888|0x00000000b7800000, 0x00000000b7800000, 0x00000000b7900000|  0%| F|  |TAMS 0x00000000b7800000, 0x00000000b7800000| Untracked 
| 889|0x00000000b7900000, 0x00000000b7900000, 0x00000000b7a00000|  0%| F|  |TAMS 0x00000000b7900000, 0x00000000b7900000| Untracked 
| 890|0x00000000b7a00000, 0x00000000b7a00000, 0x00000000b7b00000|  0%| F|  |TAMS 0x00000000b7a00000, 0x00000000b7a00000| Untracked 
| 891|0x00000000b7b00000, 0x00000000b7b00000, 0x00000000b7c00000|  0%| F|  |TAMS 0x00000000b7b00000, 0x00000000b7b00000| Untracked 
| 892|0x00000000b7c00000, 0x00000000b7c00000, 0x00000000b7d00000|  0%| F|  |TAMS 0x00000000b7c00000, 0x00000000b7c00000| Untracked 
| 893|0x00000000b7d00000, 0x00000000b7d00000, 0x00000000b7e00000|  0%| F|  |TAMS 0x00000000b7d00000, 0x00000000b7d00000| Untracked 
| 894|0x00000000b7e00000, 0x00000000b7e00000, 0x00000000b7f00000|  0%| F|  |TAMS 0x00000000b7e00000, 0x00000000b7e00000| Untracked 
| 895|0x00000000b7f00000, 0x00000000b7f00000, 0x00000000b8000000|  0%| F|  |TAMS 0x00000000b7f00000, 0x00000000b7f00000| Untracked 
| 896|0x00000000b8000000, 0x00000000b8000000, 0x00000000b8100000|  0%| F|  |TAMS 0x00000000b8000000, 0x00000000b8000000| Untracked 
| 897|0x00000000b8100000, 0x00000000b8100000, 0x00000000b8200000|  0%| F|  |TAMS 0x00000000b8100000, 0x00000000b8100000| Untracked 
| 898|0x00000000b8200000, 0x00000000b8200000, 0x00000000b8300000|  0%| F|  |TAMS 0x00000000b8200000, 0x00000000b8200000| Untracked 
| 899|0x00000000b8300000, 0x00000000b8300000, 0x00000000b8400000|  0%| F|  |TAMS 0x00000000b8300000, 0x00000000b8300000| Untracked 
| 900|0x00000000b8400000, 0x00000000b8400000, 0x00000000b8500000|  0%| F|  |TAMS 0x00000000b8400000, 0x00000000b8400000| Untracked 
| 901|0x00000000b8500000, 0x00000000b8500000, 0x00000000b8600000|  0%| F|  |TAMS 0x00000000b8500000, 0x00000000b8500000| Untracked 
| 902|0x00000000b8600000, 0x00000000b8600000, 0x00000000b8700000|  0%| F|  |TAMS 0x00000000b8600000, 0x00000000b8600000| Untracked 
| 903|0x00000000b8700000, 0x00000000b8700000, 0x00000000b8800000|  0%| F|  |TAMS 0x00000000b8700000, 0x00000000b8700000| Untracked 
| 904|0x00000000b8800000, 0x00000000b8800000, 0x00000000b8900000|  0%| F|  |TAMS 0x00000000b8800000, 0x00000000b8800000| Untracked 
| 905|0x00000000b8900000, 0x00000000b8900000, 0x00000000b8a00000|  0%| F|  |TAMS 0x00000000b8900000, 0x00000000b8900000| Untracked 
| 906|0x00000000b8a00000, 0x00000000b8a00000, 0x00000000b8b00000|  0%| F|  |TAMS 0x00000000b8a00000, 0x00000000b8a00000| Untracked 
| 907|0x00000000b8b00000, 0x00000000b8b00000, 0x00000000b8c00000|  0%| F|  |TAMS 0x00000000b8b00000, 0x00000000b8b00000| Untracked 
| 908|0x00000000b8c00000, 0x00000000b8c00000, 0x00000000b8d00000|  0%| F|  |TAMS 0x00000000b8c00000, 0x00000000b8c00000| Untracked 
| 909|0x00000000b8d00000, 0x00000000b8d00000, 0x00000000b8e00000|  0%| F|  |TAMS 0x00000000b8d00000, 0x00000000b8d00000| Untracked 
| 910|0x00000000b8e00000, 0x00000000b8e00000, 0x00000000b8f00000|  0%| F|  |TAMS 0x00000000b8e00000, 0x00000000b8e00000| Untracked 
| 911|0x00000000b8f00000, 0x00000000b8f00000, 0x00000000b9000000|  0%| F|  |TAMS 0x00000000b8f00000, 0x00000000b8f00000| Untracked 
| 912|0x00000000b9000000, 0x00000000b9000000, 0x00000000b9100000|  0%| F|  |TAMS 0x00000000b9000000, 0x00000000b9000000| Untracked 
| 913|0x00000000b9100000, 0x00000000b9100000, 0x00000000b9200000|  0%| F|  |TAMS 0x00000000b9100000, 0x00000000b9100000| Untracked 
| 914|0x00000000b9200000, 0x00000000b9200000, 0x00000000b9300000|  0%| F|  |TAMS 0x00000000b9200000, 0x00000000b9200000| Untracked 
| 915|0x00000000b9300000, 0x00000000b9300000, 0x00000000b9400000|  0%| F|  |TAMS 0x00000000b9300000, 0x00000000b9300000| Untracked 
| 916|0x00000000b9400000, 0x00000000b9400000, 0x00000000b9500000|  0%| F|  |TAMS 0x00000000b9400000, 0x00000000b9400000| Untracked 
| 917|0x00000000b9500000, 0x00000000b9500000, 0x00000000b9600000|  0%| F|  |TAMS 0x00000000b9500000, 0x00000000b9500000| Untracked 
| 918|0x00000000b9600000, 0x00000000b9600000, 0x00000000b9700000|  0%| F|  |TAMS 0x00000000b9600000, 0x00000000b9600000| Untracked 
| 919|0x00000000b9700000, 0x00000000b9700000, 0x00000000b9800000|  0%| F|  |TAMS 0x00000000b9700000, 0x00000000b9700000| Untracked 
| 920|0x00000000b9800000, 0x00000000b9800000, 0x00000000b9900000|  0%| F|  |TAMS 0x00000000b9800000, 0x00000000b9800000| Untracked 
| 921|0x00000000b9900000, 0x00000000b9900000, 0x00000000b9a00000|  0%| F|  |TAMS 0x00000000b9900000, 0x00000000b9900000| Untracked 
| 922|0x00000000b9a00000, 0x00000000b9a00000, 0x00000000b9b00000|  0%| F|  |TAMS 0x00000000b9a00000, 0x00000000b9a00000| Untracked 
| 923|0x00000000b9b00000, 0x00000000b9b00000, 0x00000000b9c00000|  0%| F|  |TAMS 0x00000000b9b00000, 0x00000000b9b00000| Untracked 
| 924|0x00000000b9c00000, 0x00000000b9c00000, 0x00000000b9d00000|  0%| F|  |TAMS 0x00000000b9c00000, 0x00000000b9c00000| Untracked 
| 925|0x00000000b9d00000, 0x00000000b9d00000, 0x00000000b9e00000|  0%| F|  |TAMS 0x00000000b9d00000, 0x00000000b9d00000| Untracked 
| 926|0x00000000b9e00000, 0x00000000b9e00000, 0x00000000b9f00000|  0%| F|  |TAMS 0x00000000b9e00000, 0x00000000b9e00000| Untracked 
| 927|0x00000000b9f00000, 0x00000000b9f00000, 0x00000000ba000000|  0%| F|  |TAMS 0x00000000b9f00000, 0x00000000b9f00000| Untracked 
| 928|0x00000000ba000000, 0x00000000ba000000, 0x00000000ba100000|  0%| F|  |TAMS 0x00000000ba000000, 0x00000000ba000000| Untracked 
| 929|0x00000000ba100000, 0x00000000ba100000, 0x00000000ba200000|  0%| F|  |TAMS 0x00000000ba100000, 0x00000000ba100000| Untracked 
| 930|0x00000000ba200000, 0x00000000ba200000, 0x00000000ba300000|  0%| F|  |TAMS 0x00000000ba200000, 0x00000000ba200000| Untracked 
| 931|0x00000000ba300000, 0x00000000ba300000, 0x00000000ba400000|  0%| F|  |TAMS 0x00000000ba300000, 0x00000000ba300000| Untracked 
| 932|0x00000000ba400000, 0x00000000ba400000, 0x00000000ba500000|  0%| F|  |TAMS 0x00000000ba400000, 0x00000000ba400000| Untracked 
| 933|0x00000000ba500000, 0x00000000ba500000, 0x00000000ba600000|  0%| F|  |TAMS 0x00000000ba500000, 0x00000000ba500000| Untracked 
| 934|0x00000000ba600000, 0x00000000ba600000, 0x00000000ba700000|  0%| F|  |TAMS 0x00000000ba600000, 0x00000000ba600000| Untracked 
| 935|0x00000000ba700000, 0x00000000ba700000, 0x00000000ba800000|  0%| F|  |TAMS 0x00000000ba700000, 0x00000000ba700000| Untracked 
| 936|0x00000000ba800000, 0x00000000ba800000, 0x00000000ba900000|  0%| F|  |TAMS 0x00000000ba800000, 0x00000000ba800000| Untracked 
| 937|0x00000000ba900000, 0x00000000ba900000, 0x00000000baa00000|  0%| F|  |TAMS 0x00000000ba900000, 0x00000000ba900000| Untracked 
| 938|0x00000000baa00000, 0x00000000baa00000, 0x00000000bab00000|  0%| F|  |TAMS 0x00000000baa00000, 0x00000000baa00000| Untracked 
| 939|0x00000000bab00000, 0x00000000bab00000, 0x00000000bac00000|  0%| F|  |TAMS 0x00000000bab00000, 0x00000000bab00000| Untracked 
| 940|0x00000000bac00000, 0x00000000bac00000, 0x00000000bad00000|  0%| F|  |TAMS 0x00000000bac00000, 0x00000000bac00000| Untracked 
| 941|0x00000000bad00000, 0x00000000bad00000, 0x00000000bae00000|  0%| F|  |TAMS 0x00000000bad00000, 0x00000000bad00000| Untracked 
| 942|0x00000000bae00000, 0x00000000bae00000, 0x00000000baf00000|  0%| F|  |TAMS 0x00000000bae00000, 0x00000000bae00000| Untracked 
| 943|0x00000000baf00000, 0x00000000baf00000, 0x00000000bb000000|  0%| F|  |TAMS 0x00000000baf00000, 0x00000000baf00000| Untracked 
| 944|0x00000000bb000000, 0x00000000bb000000, 0x00000000bb100000|  0%| F|  |TAMS 0x00000000bb000000, 0x00000000bb000000| Untracked 
| 945|0x00000000bb100000, 0x00000000bb100000, 0x00000000bb200000|  0%| F|  |TAMS 0x00000000bb100000, 0x00000000bb100000| Untracked 
| 946|0x00000000bb200000, 0x00000000bb200000, 0x00000000bb300000|  0%| F|  |TAMS 0x00000000bb200000, 0x00000000bb200000| Untracked 
| 947|0x00000000bb300000, 0x00000000bb300000, 0x00000000bb400000|  0%| F|  |TAMS 0x00000000bb300000, 0x00000000bb300000| Untracked 
| 948|0x00000000bb400000, 0x00000000bb400000, 0x00000000bb500000|  0%| F|  |TAMS 0x00000000bb400000, 0x00000000bb400000| Untracked 
| 949|0x00000000bb500000, 0x00000000bb500000, 0x00000000bb600000|  0%| F|  |TAMS 0x00000000bb500000, 0x00000000bb500000| Untracked 
| 950|0x00000000bb600000, 0x00000000bb600000, 0x00000000bb700000|  0%| F|  |TAMS 0x00000000bb600000, 0x00000000bb600000| Untracked 
| 951|0x00000000bb700000, 0x00000000bb700000, 0x00000000bb800000|  0%| F|  |TAMS 0x00000000bb700000, 0x00000000bb700000| Untracked 
| 952|0x00000000bb800000, 0x00000000bb800000, 0x00000000bb900000|  0%| F|  |TAMS 0x00000000bb800000, 0x00000000bb800000| Untracked 
| 953|0x00000000bb900000, 0x00000000bb900000, 0x00000000bba00000|  0%| F|  |TAMS 0x00000000bb900000, 0x00000000bb900000| Untracked 
| 954|0x00000000bba00000, 0x00000000bba00000, 0x00000000bbb00000|  0%| F|  |TAMS 0x00000000bba00000, 0x00000000bba00000| Untracked 
| 955|0x00000000bbb00000, 0x00000000bbb00000, 0x00000000bbc00000|  0%| F|  |TAMS 0x00000000bbb00000, 0x00000000bbb00000| Untracked 
| 956|0x00000000bbc00000, 0x00000000bbc00000, 0x00000000bbd00000|  0%| F|  |TAMS 0x00000000bbc00000, 0x00000000bbc00000| Untracked 
| 957|0x00000000bbd00000, 0x00000000bbd00000, 0x00000000bbe00000|  0%| F|  |TAMS 0x00000000bbd00000, 0x00000000bbd00000| Untracked 
| 958|0x00000000bbe00000, 0x00000000bbe00000, 0x00000000bbf00000|  0%| F|  |TAMS 0x00000000bbe00000, 0x00000000bbe00000| Untracked 
| 959|0x00000000bbf00000, 0x00000000bbf00000, 0x00000000bc000000|  0%| F|  |TAMS 0x00000000bbf00000, 0x00000000bbf00000| Untracked 
| 960|0x00000000bc000000, 0x00000000bc000000, 0x00000000bc100000|  0%| F|  |TAMS 0x00000000bc000000, 0x00000000bc000000| Untracked 
| 961|0x00000000bc100000, 0x00000000bc100000, 0x00000000bc200000|  0%| F|  |TAMS 0x00000000bc100000, 0x00000000bc100000| Untracked 
| 962|0x00000000bc200000, 0x00000000bc200000, 0x00000000bc300000|  0%| F|  |TAMS 0x00000000bc200000, 0x00000000bc200000| Untracked 
| 963|0x00000000bc300000, 0x00000000bc300000, 0x00000000bc400000|  0%| F|  |TAMS 0x00000000bc300000, 0x00000000bc300000| Untracked 
| 964|0x00000000bc400000, 0x00000000bc400000, 0x00000000bc500000|  0%| F|  |TAMS 0x00000000bc400000, 0x00000000bc400000| Untracked 
| 965|0x00000000bc500000, 0x00000000bc500000, 0x00000000bc600000|  0%| F|  |TAMS 0x00000000bc500000, 0x00000000bc500000| Untracked 
| 966|0x00000000bc600000, 0x00000000bc600000, 0x00000000bc700000|  0%| F|  |TAMS 0x00000000bc600000, 0x00000000bc600000| Untracked 
| 967|0x00000000bc700000, 0x00000000bc700000, 0x00000000bc800000|  0%| F|  |TAMS 0x00000000bc700000, 0x00000000bc700000| Untracked 
| 968|0x00000000bc800000, 0x00000000bc800000, 0x00000000bc900000|  0%| F|  |TAMS 0x00000000bc800000, 0x00000000bc800000| Untracked 
| 969|0x00000000bc900000, 0x00000000bc900000, 0x00000000bca00000|  0%| F|  |TAMS 0x00000000bc900000, 0x00000000bc900000| Untracked 
| 970|0x00000000bca00000, 0x00000000bca00000, 0x00000000bcb00000|  0%| F|  |TAMS 0x00000000bca00000, 0x00000000bca00000| Untracked 
| 971|0x00000000bcb00000, 0x00000000bcb00000, 0x00000000bcc00000|  0%| F|  |TAMS 0x00000000bcb00000, 0x00000000bcb00000| Untracked 
| 972|0x00000000bcc00000, 0x00000000bcc00000, 0x00000000bcd00000|  0%| F|  |TAMS 0x00000000bcc00000, 0x00000000bcc00000| Untracked 
| 973|0x00000000bcd00000, 0x00000000bcd00000, 0x00000000bce00000|  0%| F|  |TAMS 0x00000000bcd00000, 0x00000000bcd00000| Untracked 
| 974|0x00000000bce00000, 0x00000000bce00000, 0x00000000bcf00000|  0%| F|  |TAMS 0x00000000bce00000, 0x00000000bce00000| Untracked 
| 975|0x00000000bcf00000, 0x00000000bcf00000, 0x00000000bd000000|  0%| F|  |TAMS 0x00000000bcf00000, 0x00000000bcf00000| Untracked 
| 976|0x00000000bd000000, 0x00000000bd000000, 0x00000000bd100000|  0%| F|  |TAMS 0x00000000bd000000, 0x00000000bd000000| Untracked 
| 977|0x00000000bd100000, 0x00000000bd100000, 0x00000000bd200000|  0%| F|  |TAMS 0x00000000bd100000, 0x00000000bd100000| Untracked 
| 978|0x00000000bd200000, 0x00000000bd200000, 0x00000000bd300000|  0%| F|  |TAMS 0x00000000bd200000, 0x00000000bd200000| Untracked 
| 979|0x00000000bd300000, 0x00000000bd300000, 0x00000000bd400000|  0%| F|  |TAMS 0x00000000bd300000, 0x00000000bd300000| Untracked 
| 980|0x00000000bd400000, 0x00000000bd400000, 0x00000000bd500000|  0%| F|  |TAMS 0x00000000bd400000, 0x00000000bd400000| Untracked 
| 981|0x00000000bd500000, 0x00000000bd500000, 0x00000000bd600000|  0%| F|  |TAMS 0x00000000bd500000, 0x00000000bd500000| Untracked 
| 982|0x00000000bd600000, 0x00000000bd600000, 0x00000000bd700000|  0%| F|  |TAMS 0x00000000bd600000, 0x00000000bd600000| Untracked 
| 983|0x00000000bd700000, 0x00000000bd700000, 0x00000000bd800000|  0%| F|  |TAMS 0x00000000bd700000, 0x00000000bd700000| Untracked 
| 984|0x00000000bd800000, 0x00000000bd800000, 0x00000000bd900000|  0%| F|  |TAMS 0x00000000bd800000, 0x00000000bd800000| Untracked 
| 985|0x00000000bd900000, 0x00000000bd900000, 0x00000000bda00000|  0%| F|  |TAMS 0x00000000bd900000, 0x00000000bd900000| Untracked 
| 986|0x00000000bda00000, 0x00000000bda00000, 0x00000000bdb00000|  0%| F|  |TAMS 0x00000000bda00000, 0x00000000bda00000| Untracked 
| 987|0x00000000bdb00000, 0x00000000bdb00000, 0x00000000bdc00000|  0%| F|  |TAMS 0x00000000bdb00000, 0x00000000bdb00000| Untracked 
| 988|0x00000000bdc00000, 0x00000000bdc00000, 0x00000000bdd00000|  0%| F|  |TAMS 0x00000000bdc00000, 0x00000000bdc00000| Untracked 
| 989|0x00000000bdd00000, 0x00000000bdd00000, 0x00000000bde00000|  0%| F|  |TAMS 0x00000000bdd00000, 0x00000000bdd00000| Untracked 
| 990|0x00000000bde00000, 0x00000000bde00000, 0x00000000bdf00000|  0%| F|  |TAMS 0x00000000bde00000, 0x00000000bde00000| Untracked 
| 991|0x00000000bdf00000, 0x00000000bdf00000, 0x00000000be000000|  0%| F|  |TAMS 0x00000000bdf00000, 0x00000000bdf00000| Untracked 
| 992|0x00000000be000000, 0x00000000be000000, 0x00000000be100000|  0%| F|  |TAMS 0x00000000be000000, 0x00000000be000000| Untracked 
| 993|0x00000000be100000, 0x00000000be100000, 0x00000000be200000|  0%| F|  |TAMS 0x00000000be100000, 0x00000000be100000| Untracked 
| 994|0x00000000be200000, 0x00000000be200000, 0x00000000be300000|  0%| F|  |TAMS 0x00000000be200000, 0x00000000be200000| Untracked 
| 995|0x00000000be300000, 0x00000000be300000, 0x00000000be400000|  0%| F|  |TAMS 0x00000000be300000, 0x00000000be300000| Untracked 
| 996|0x00000000be400000, 0x00000000be400000, 0x00000000be500000|  0%| F|  |TAMS 0x00000000be400000, 0x00000000be400000| Untracked 
| 997|0x00000000be500000, 0x00000000be500000, 0x00000000be600000|  0%| F|  |TAMS 0x00000000be500000, 0x00000000be500000| Untracked 
| 998|0x00000000be600000, 0x00000000be600000, 0x00000000be700000|  0%| F|  |TAMS 0x00000000be600000, 0x00000000be600000| Untracked 
| 999|0x00000000be700000, 0x00000000be700000, 0x00000000be800000|  0%| F|  |TAMS 0x00000000be700000, 0x00000000be700000| Untracked 
|1000|0x00000000be800000, 0x00000000be800000, 0x00000000be900000|  0%| F|  |TAMS 0x00000000be800000, 0x00000000be800000| Untracked 
|1001|0x00000000be900000, 0x00000000be900000, 0x00000000bea00000|  0%| F|  |TAMS 0x00000000be900000, 0x00000000be900000| Untracked 
|1002|0x00000000bea00000, 0x00000000bea00000, 0x00000000beb00000|  0%| F|  |TAMS 0x00000000bea00000, 0x00000000bea00000| Untracked 
|1003|0x00000000beb00000, 0x00000000beb00000, 0x00000000bec00000|  0%| F|  |TAMS 0x00000000beb00000, 0x00000000beb00000| Untracked 
|1004|0x00000000bec00000, 0x00000000bec00000, 0x00000000bed00000|  0%| F|  |TAMS 0x00000000bec00000, 0x00000000bec00000| Untracked 
|1005|0x00000000bed00000, 0x00000000bed00000, 0x00000000bee00000|  0%| F|  |TAMS 0x00000000bed00000, 0x00000000bed00000| Untracked 
|1006|0x00000000bee00000, 0x00000000bee00000, 0x00000000bef00000|  0%| F|  |TAMS 0x00000000bee00000, 0x00000000bee00000| Untracked 
|1007|0x00000000bef00000, 0x00000000bef00000, 0x00000000bf000000|  0%| F|  |TAMS 0x00000000bef00000, 0x00000000bef00000| Untracked 
|1008|0x00000000bf000000, 0x00000000bf000000, 0x00000000bf100000|  0%| F|  |TAMS 0x00000000bf000000, 0x00000000bf000000| Untracked 
|1009|0x00000000bf100000, 0x00000000bf100000, 0x00000000bf200000|  0%| F|  |TAMS 0x00000000bf100000, 0x00000000bf100000| Untracked 
|1010|0x00000000bf200000, 0x00000000bf200000, 0x00000000bf300000|  0%| F|  |TAMS 0x00000000bf200000, 0x00000000bf200000| Untracked 
|1011|0x00000000bf300000, 0x00000000bf300000, 0x00000000bf400000|  0%| F|  |TAMS 0x00000000bf300000, 0x00000000bf300000| Untracked 
|1012|0x00000000bf400000, 0x00000000bf400000, 0x00000000bf500000|  0%| F|  |TAMS 0x00000000bf400000, 0x00000000bf400000| Untracked 
|1013|0x00000000bf500000, 0x00000000bf500000, 0x00000000bf600000|  0%| F|  |TAMS 0x00000000bf500000, 0x00000000bf500000| Untracked 
|1014|0x00000000bf600000, 0x00000000bf600000, 0x00000000bf700000|  0%| F|  |TAMS 0x00000000bf600000, 0x00000000bf600000| Untracked 
|1015|0x00000000bf700000, 0x00000000bf700000, 0x00000000bf800000|  0%| F|  |TAMS 0x00000000bf700000, 0x00000000bf700000| Untracked 
|1016|0x00000000bf800000, 0x00000000bf800000, 0x00000000bf900000|  0%| F|  |TAMS 0x00000000bf800000, 0x00000000bf800000| Untracked 
|1017|0x00000000bf900000, 0x00000000bf900000, 0x00000000bfa00000|  0%| F|  |TAMS 0x00000000bf900000, 0x00000000bf900000| Untracked 
|1018|0x00000000bfa00000, 0x00000000bfa00000, 0x00000000bfb00000|  0%| F|  |TAMS 0x00000000bfa00000, 0x00000000bfa00000| Untracked 
|1019|0x00000000bfb00000, 0x00000000bfb778d0, 0x00000000bfc00000| 46%| S|CS|TAMS 0x00000000bfb00000, 0x00000000bfb00000| Complete 
|1020|0x00000000bfc00000, 0x00000000bfd00000, 0x00000000bfd00000|100%| S|CS|TAMS 0x00000000bfc00000, 0x00000000bfc00000| Complete 
|1021|0x00000000bfd00000, 0x00000000bfe00000, 0x00000000bfe00000|100%| S|CS|TAMS 0x00000000bfd00000, 0x00000000bfd00000| Complete 
|1022|0x00000000bfe00000, 0x00000000bfe00000, 0x00000000bff00000|  0%| F|  |TAMS 0x00000000bfe00000, 0x00000000bfe00000| Untracked 
|1023|0x00000000bff00000, 0x00000000bff00000, 0x00000000c0000000|  0%| F|  |TAMS 0x00000000bff00000, 0x00000000bff00000| Untracked 
|1024|0x00000000c0000000, 0x00000000c0000000, 0x00000000c0100000|  0%| F|  |TAMS 0x00000000c0000000, 0x00000000c0000000| Untracked 
|1025|0x00000000c0100000, 0x00000000c0100000, 0x00000000c0200000|  0%| F|  |TAMS 0x00000000c0100000, 0x00000000c0100000| Untracked 
|1026|0x00000000c0200000, 0x00000000c0200000, 0x00000000c0300000|  0%| F|  |TAMS 0x00000000c0200000, 0x00000000c0200000| Untracked 
|1027|0x00000000c0300000, 0x00000000c0300000, 0x00000000c0400000|  0%| F|  |TAMS 0x00000000c0300000, 0x00000000c0300000| Untracked 
|1028|0x00000000c0400000, 0x00000000c0400000, 0x00000000c0500000|  0%| F|  |TAMS 0x00000000c0400000, 0x00000000c0400000| Untracked 
|1029|0x00000000c0500000, 0x00000000c0500000, 0x00000000c0600000|  0%| F|  |TAMS 0x00000000c0500000, 0x00000000c0500000| Untracked 
|1030|0x00000000c0600000, 0x00000000c0600000, 0x00000000c0700000|  0%| F|  |TAMS 0x00000000c0600000, 0x00000000c0600000| Untracked 
|1031|0x00000000c0700000, 0x00000000c0700000, 0x00000000c0800000|  0%| F|  |TAMS 0x00000000c0700000, 0x00000000c0700000| Untracked 
|1032|0x00000000c0800000, 0x00000000c0883340, 0x00000000c0900000| 51%| E|  |TAMS 0x00000000c0800000, 0x00000000c0800000| Complete 
|1033|0x00000000c0900000, 0x00000000c0a00000, 0x00000000c0a00000|100%| E|CS|TAMS 0x00000000c0900000, 0x00000000c0900000| Complete 
|1034|0x00000000c0a00000, 0x00000000c0b00000, 0x00000000c0b00000|100%| E|CS|TAMS 0x00000000c0a00000, 0x00000000c0a00000| Complete 
|1035|0x00000000c0b00000, 0x00000000c0c00000, 0x00000000c0c00000|100%| E|CS|TAMS 0x00000000c0b00000, 0x00000000c0b00000| Complete 
|1036|0x00000000c0c00000, 0x00000000c0d00000, 0x00000000c0d00000|100%| E|CS|TAMS 0x00000000c0c00000, 0x00000000c0c00000| Complete 
|1037|0x00000000c0d00000, 0x00000000c0e00000, 0x00000000c0e00000|100%| E|CS|TAMS 0x00000000c0d00000, 0x00000000c0d00000| Complete 
|1038|0x00000000c0e00000, 0x00000000c0f00000, 0x00000000c0f00000|100%| E|CS|TAMS 0x00000000c0e00000, 0x00000000c0e00000| Complete 
|1039|0x00000000c0f00000, 0x00000000c1000000, 0x00000000c1000000|100%| E|CS|TAMS 0x00000000c0f00000, 0x00000000c0f00000| Complete 
|1040|0x00000000c1000000, 0x00000000c1100000, 0x00000000c1100000|100%| E|CS|TAMS 0x00000000c1000000, 0x00000000c1000000| Complete 
|1041|0x00000000c1100000, 0x00000000c1200000, 0x00000000c1200000|100%| E|CS|TAMS 0x00000000c1100000, 0x00000000c1100000| Complete 
|1042|0x00000000c1200000, 0x00000000c1300000, 0x00000000c1300000|100%| E|CS|TAMS 0x00000000c1200000, 0x00000000c1200000| Complete 
|1043|0x00000000c1300000, 0x00000000c1400000, 0x00000000c1400000|100%| E|CS|TAMS 0x00000000c1300000, 0x00000000c1300000| Complete 
|1044|0x00000000c1400000, 0x00000000c1500000, 0x00000000c1500000|100%| E|CS|TAMS 0x00000000c1400000, 0x00000000c1400000| Complete 
|1045|0x00000000c1500000, 0x00000000c1600000, 0x00000000c1600000|100%| E|CS|TAMS 0x00000000c1500000, 0x00000000c1500000| Complete 
|1046|0x00000000c1600000, 0x00000000c1700000, 0x00000000c1700000|100%| E|CS|TAMS 0x00000000c1600000, 0x00000000c1600000| Complete 
|1047|0x00000000c1700000, 0x00000000c1800000, 0x00000000c1800000|100%| E|CS|TAMS 0x00000000c1700000, 0x00000000c1700000| Complete 
|1048|0x00000000c1800000, 0x00000000c1900000, 0x00000000c1900000|100%| E|CS|TAMS 0x00000000c1800000, 0x00000000c1800000| Complete 
|1049|0x00000000c1900000, 0x00000000c1a00000, 0x00000000c1a00000|100%| E|CS|TAMS 0x00000000c1900000, 0x00000000c1900000| Complete 
|1050|0x00000000c1a00000, 0x00000000c1b00000, 0x00000000c1b00000|100%| E|CS|TAMS 0x00000000c1a00000, 0x00000000c1a00000| Complete 
|1051|0x00000000c1b00000, 0x00000000c1c00000, 0x00000000c1c00000|100%| E|CS|TAMS 0x00000000c1b00000, 0x00000000c1b00000| Complete 
|1052|0x00000000c1c00000, 0x00000000c1d00000, 0x00000000c1d00000|100%| E|CS|TAMS 0x00000000c1c00000, 0x00000000c1c00000| Complete 
|1053|0x00000000c1d00000, 0x00000000c1e00000, 0x00000000c1e00000|100%| E|CS|TAMS 0x00000000c1d00000, 0x00000000c1d00000| Complete 
|1054|0x00000000c1e00000, 0x00000000c1f00000, 0x00000000c1f00000|100%| E|CS|TAMS 0x00000000c1e00000, 0x00000000c1e00000| Complete 
|1055|0x00000000c1f00000, 0x00000000c2000000, 0x00000000c2000000|100%| E|CS|TAMS 0x00000000c1f00000, 0x00000000c1f00000| Complete 
|1056|0x00000000c2000000, 0x00000000c2100000, 0x00000000c2100000|100%| E|CS|TAMS 0x00000000c2000000, 0x00000000c2000000| Complete 
|1057|0x00000000c2100000, 0x00000000c2200000, 0x00000000c2200000|100%| E|CS|TAMS 0x00000000c2100000, 0x00000000c2100000| Complete 
|1058|0x00000000c2200000, 0x00000000c2300000, 0x00000000c2300000|100%| E|CS|TAMS 0x00000000c2200000, 0x00000000c2200000| Complete 
|1059|0x00000000c2300000, 0x00000000c2400000, 0x00000000c2400000|100%| E|CS|TAMS 0x00000000c2300000, 0x00000000c2300000| Complete 

Card table byte_map: [0x0000015ec2520000,0x0000015ec2920000] _byte_map_base: 0x0000015ec2120000

Marking Bits (Prev, Next): (CMBitMap*) 0x0000015eaa30c4d0, (CMBitMap*) 0x0000015eaa30c490
 Prev Bits: [0x0000015ec4d20000, 0x0000015ec6d20000)
 Next Bits: [0x0000015ec2d20000, 0x0000015ec4d20000)

Polling page: 0x0000015ea8130000

Metaspace:

Usage:
  Non-class:    169.74 MB used.
      Class:     26.16 MB used.
       Both:    195.90 MB used.

Virtual space:
  Non-class space:      192.00 MB reserved,     170.50 MB ( 89%) committed,  3 nodes.
      Class space:        1.00 GB reserved,      26.88 MB (  3%) committed,  1 nodes.
             Both:        1.19 GB reserved,     197.38 MB ( 16%) committed. 

Chunk freelists:
   Non-Class:  5.20 MB
       Class:  4.97 MB
        Both:  10.17 MB

MaxMetaspaceSize: unlimited
CompressedClassSpaceSize: 1.00 GB
Initial GC threshold: 21.00 MB
Current GC threshold: 320.56 MB
CDS: on
MetaspaceReclaimPolicy: balanced
 - commit_granule_bytes: 65536.
 - commit_granule_words: 8192.
 - virtual_space_node_default_size: 8388608.
 - enlarge_chunks_in_place: 1.
 - new_chunks_are_fully_committed: 0.
 - uncommit_free_chunks: 1.
 - use_allocation_guard: 0.
 - handle_deallocations: 1.


Internal statistics:

num_allocs_failed_limit: 12.
num_arena_births: 2640.
num_arena_deaths: 296.
num_vsnodes_births: 4.
num_vsnodes_deaths: 0.
num_space_committed: 3156.
num_space_uncommitted: 0.
num_chunks_returned_to_freelist: 471.
num_chunks_taken_from_freelist: 11298.
num_chunk_merges: 178.
num_chunk_splits: 7448.
num_chunks_enlarged: 4935.
num_inconsistent_stats: 0.

CodeHeap 'non-profiled nmethods': size=118848Kb used=42780Kb max_used=42780Kb free=76067Kb
 bounds [0x0000015eb99e0000, 0x0000015ebc3b0000, 0x0000015ec0df0000]
CodeHeap 'profiled nmethods': size=118848Kb used=73714Kb max_used=73714Kb free=45133Kb
 bounds [0x0000015eb1df0000, 0x0000015eb65f0000, 0x0000015eb9200000]
CodeHeap 'non-nmethods': size=8064Kb used=4805Kb max_used=4920Kb free=3259Kb
 bounds [0x0000015eb9200000, 0x0000015eb96f0000, 0x0000015eb99e0000]
 total_blobs=40364 nmethods=39267 adapters=1001
 compilation: enabled
              stopped_count=0, restarted_count=0
 full_count=0

Compilation events (20 events):
Event: 401.173 Thread 0x0000015f15ae6a20 nmethod 53031 0x0000015eb65cd090 code [0x0000015eb65cd280, 0x0000015eb65cd7c8]
Event: 401.173 Thread 0x0000015eca04fd90 nmethod 53032 0x0000015eb65cda90 code [0x0000015eb65cdc80, 0x0000015eb65ce148]
Event: 401.173 Thread 0x0000015f10b1b4f0 53035   !   3       jdk.internal.reflect.GeneratedConstructorAccessor243::newInstance (49 bytes)
Event: 401.174 Thread 0x0000015f17aeea30 nmethod 53033 0x0000015eb65ce390 code [0x0000015eb65ce580, 0x0000015eb65ceac8]
Event: 401.175 Thread 0x0000015f15ae6f70 nmethod 53034 0x0000015eb65ced90 code [0x0000015eb65cef80, 0x0000015eb65cf448]
Event: 401.175 Thread 0x0000015f10b1b4f0 nmethod 53035 0x0000015eb65cf690 code [0x0000015eb65cf880, 0x0000015eb65cfd48]
Event: 401.177 Thread 0x0000015f1c25be20 nmethod 52990 0x0000015ebc392010 code [0x0000015ebc392260, 0x0000015ebc393b98]
Event: 401.178 Thread 0x0000015f1c25be20 52997       4       org.xml.sax.helpers.XMLFilterImpl::startElement (22 bytes)
Event: 401.182 Thread 0x0000015eca04f2e0 nmethod 52844 0x0000015ebc394a10 code [0x0000015ebc394ca0, 0x0000015ebc3972f0]
Event: 401.184 Thread 0x0000015eca04f2e0 52921       4       java.util.regex.Pattern::createGroup (86 bytes)
Event: 401.187 Thread 0x0000015eca04f2e0 nmethod 52921 0x0000015ebc398290 code [0x0000015ebc398420, 0x0000015ebc398958]
Event: 401.187 Thread 0x0000015eca04f2e0 52978       4       java.util.regex.Pattern::accept (43 bytes)
Event: 401.188 Thread 0x0000015eca04f2e0 nmethod 52978 0x0000015ebc398b90 code [0x0000015ebc398d00, 0x0000015ebc398e18]
Event: 401.188 Thread 0x0000015eca04f2e0 52998       4       org.xml.sax.helpers.XMLFilterImpl::endElement (20 bytes)
Event: 401.211 Thread 0x0000015f15ae6f70 53047       3       jdk.internal.loader.URLClassPath::findResources (11 bytes)
Event: 401.211 Thread 0x0000015f15ae6f70 nmethod 53047 0x0000015eb65cff90 code [0x0000015eb65d0140, 0x0000015eb65d0438]
Event: 401.233 Thread 0x0000015f1c25ae30 nmethod 52919 0x0000015ebc398f10 code [0x0000015ebc3992c0, 0x0000015ebc39c590]
Event: 401.233 Thread 0x0000015f1c25ae30 53044   !   4       com.sun.xml.bind.v2.runtime.unmarshaller.StructureLoader::startElement (434 bytes)
Event: 401.235 Thread 0x0000015eca04f2e0 nmethod 52998 0x0000015ebc39dd90 code [0x0000015ebc39e020, 0x0000015ebc3a01b0]
Event: 401.235 Thread 0x0000015eca04f2e0 52985   !   4       com.sun.xml.bind.v2.runtime.reflect.Accessor$FieldReflection::set (43 bytes)

GC Heap History (20 events):
Event: 331.368 GC heap before
{Heap before GC invocations=181 (full 0):
 garbage-first heap   total 1085440K, used 955576K [0x0000000080000000, 0x0000000100000000)
  region size 1024K, 509 young (521216K), 25 survivors (25600K)
 Metaspace       used 194134K, committed 195392K, reserved 1245184K
  class space    used 25981K, committed 26560K, reserved 1048576K
}
Event: 331.374 GC heap after
{Heap after GC invocations=182 (full 0):
 garbage-first heap   total 1085440K, used 450768K [0x0000000080000000, 0x0000000100000000)
  region size 1024K, 23 young (23552K), 23 survivors (23552K)
 Metaspace       used 194134K, committed 195392K, reserved 1245184K
  class space    used 25981K, committed 26560K, reserved 1048576K
}
Event: 331.632 GC heap before
{Heap before GC invocations=182 (full 0):
 garbage-first heap   total 1085440K, used 955600K [0x0000000080000000, 0x0000000100000000)
  region size 1024K, 513 young (525312K), 23 survivors (23552K)
 Metaspace       used 194144K, committed 195392K, reserved 1245184K
  class space    used 25981K, committed 26560K, reserved 1048576K
}
Event: 331.638 GC heap after
{Heap after GC invocations=183 (full 0):
 garbage-first heap   total 1085440K, used 450768K [0x0000000080000000, 0x0000000100000000)
  region size 1024K, 23 young (23552K), 23 survivors (23552K)
 Metaspace       used 194144K, committed 195392K, reserved 1245184K
  class space    used 25981K, committed 26560K, reserved 1048576K
}
Event: 332.136 GC heap before
{Heap before GC invocations=183 (full 0):
 garbage-first heap   total 1085440K, used 953552K [0x0000000080000000, 0x0000000100000000)
  region size 1024K, 513 young (525312K), 23 survivors (23552K)
 Metaspace       used 194164K, committed 195392K, reserved 1245184K
  class space    used 25982K, committed 26560K, reserved 1048576K
}
Event: 332.142 GC heap after
{Heap after GC invocations=184 (full 0):
 garbage-first heap   total 1085440K, used 450956K [0x0000000080000000, 0x0000000100000000)
  region size 1024K, 24 young (24576K), 24 survivors (24576K)
 Metaspace       used 194164K, committed 195392K, reserved 1245184K
  class space    used 25982K, committed 26560K, reserved 1048576K
}
Event: 332.864 GC heap before
{Heap before GC invocations=184 (full 0):
 garbage-first heap   total 1085440K, used 956812K [0x0000000080000000, 0x0000000100000000)
  region size 1024K, 512 young (524288K), 24 survivors (24576K)
 Metaspace       used 194216K, committed 195520K, reserved 1245184K
  class space    used 25987K, committed 26624K, reserved 1048576K
}
Event: 332.871 GC heap after
{Heap after GC invocations=185 (full 0):
 garbage-first heap   total 1085440K, used 448628K [0x0000000080000000, 0x0000000100000000)
  region size 1024K, 21 young (21504K), 21 survivors (21504K)
 Metaspace       used 194216K, committed 195520K, reserved 1245184K
  class space    used 25987K, committed 26624K, reserved 1048576K
}
Event: 332.927 GC heap before
{Heap before GC invocations=185 (full 0):
 garbage-first heap   total 1085440K, used 477300K [0x0000000080000000, 0x0000000100000000)
  region size 1024K, 35 young (35840K), 21 survivors (21504K)
 Metaspace       used 195025K, committed 196288K, reserved 1245184K
  class space    used 26102K, committed 26688K, reserved 1048576K
}
Event: 332.934 GC heap after
{Heap after GC invocations=186 (full 0):
 garbage-first heap   total 1085440K, used 470764K [0x0000000080000000, 0x0000000100000000)
  region size 1024K, 28 young (28672K), 28 survivors (28672K)
 Metaspace       used 195025K, committed 196288K, reserved 1245184K
  class space    used 26102K, committed 26688K, reserved 1048576K
}
Event: 332.937 GC heap before
{Heap before GC invocations=186 (full 0):
 garbage-first heap   total 1085440K, used 476908K [0x0000000080000000, 0x0000000100000000)
  region size 1024K, 29 young (29696K), 28 survivors (28672K)
 Metaspace       used 195029K, committed 196288K, reserved 1245184K
  class space    used 26103K, committed 26688K, reserved 1048576K
}
Event: 332.943 GC heap after
{Heap after GC invocations=187 (full 0):
 garbage-first heap   total 1085440K, used 472621K [0x0000000080000000, 0x0000000100000000)
  region size 1024K, 28 young (28672K), 28 survivors (28672K)
 Metaspace       used 195029K, committed 196288K, reserved 1245184K
  class space    used 26103K, committed 26688K, reserved 1048576K
}
Event: 333.796 GC heap before
{Heap before GC invocations=187 (full 0):
 garbage-first heap   total 1085440K, used 860717K [0x0000000080000000, 0x0000000100000000)
  region size 1024K, 380 young (389120K), 28 survivors (28672K)
 Metaspace       used 195606K, committed 196928K, reserved 1245184K
  class space    used 26169K, committed 26752K, reserved 1048576K
}
Event: 333.819 GC heap after
{Heap after GC invocations=188 (full 0):
 garbage-first heap   total 1085440K, used 562820K [0x0000000080000000, 0x0000000100000000)
  region size 1024K, 48 young (49152K), 48 survivors (49152K)
 Metaspace       used 195606K, committed 196928K, reserved 1245184K
  class space    used 26169K, committed 26752K, reserved 1048576K
}
Event: 334.128 GC heap before
{Heap before GC invocations=188 (full 0):
 garbage-first heap   total 1085440K, used 731780K [0x0000000080000000, 0x0000000100000000)
  region size 1024K, 186 young (190464K), 48 survivors (49152K)
 Metaspace       used 195608K, committed 196928K, reserved 1245184K
  class space    used 26169K, committed 26752K, reserved 1048576K
}
Event: 334.143 GC heap after
{Heap after GC invocations=189 (full 0):
 garbage-first heap   total 1085440K, used 603156K [0x0000000080000000, 0x0000000100000000)
  region size 1024K, 19 young (19456K), 19 survivors (19456K)
 Metaspace       used 195608K, committed 196928K, reserved 1245184K
  class space    used 26169K, committed 26752K, reserved 1048576K
}
Event: 401.044 GC heap before
{Heap before GC invocations=190 (full 0):
 garbage-first heap   total 1085440K, used 867348K [0x0000000080000000, 0x0000000100000000)
  region size 1024K, 276 young (282624K), 19 survivors (19456K)
 Metaspace       used 200352K, committed 201920K, reserved 1245184K
  class space    used 26767K, committed 27520K, reserved 1048576K
}
Event: 401.049 GC heap after
{Heap after GC invocations=191 (full 0):
 garbage-first heap   total 1085440K, used 583094K [0x0000000080000000, 0x0000000100000000)
  region size 1024K, 15 young (15360K), 15 survivors (15360K)
 Metaspace       used 200352K, committed 201920K, reserved 1245184K
  class space    used 26767K, committed 27520K, reserved 1048576K
}
Event: 401.201 GC heap before
{Heap before GC invocations=191 (full 0):
 garbage-first heap   total 1085440K, used 620982K [0x0000000080000000, 0x0000000100000000)
  region size 1024K, 53 young (54272K), 15 survivors (15360K)
 Metaspace       used 200448K, committed 201984K, reserved 1245184K
  class space    used 26774K, committed 27520K, reserved 1048576K
}
Event: 401.210 GC heap after
{Heap after GC invocations=192 (full 0):
 garbage-first heap   total 1085440K, used 490313K [0x0000000080000000, 0x0000000100000000)
  region size 1024K, 3 young (3072K), 3 survivors (3072K)
 Metaspace       used 200448K, committed 201984K, reserved 1245184K
  class space    used 26774K, committed 27520K, reserved 1048576K
}

Dll operation events (15 events):
Event: 0.003 Loaded shared library D:\Java\ms-17.0.15\bin\java.dll
Event: 0.011 Loaded shared library D:\Java\ms-17.0.15\bin\jsvml.dll
Event: 0.026 Loaded shared library D:\Java\ms-17.0.15\bin\net.dll
Event: 0.027 Loaded shared library D:\Java\ms-17.0.15\bin\nio.dll
Event: 0.028 Loaded shared library D:\Java\ms-17.0.15\bin\zip.dll
Event: 0.070 Loaded shared library D:\Java\ms-17.0.15\bin\jimage.dll
Event: 0.089 Loaded shared library D:\Java\ms-17.0.15\bin\verify.dll
Event: 0.183 Loaded shared library D:\Projects\kotlinApp\gradle\native\e1d6ef7f7dcc3fd88c89a11ec53ec762bb8ba0a96d01ffa2cd45eb1d1d8dd5c5\windows-amd64\native-platform.dll
Event: 0.201 Loaded shared library D:\Projects\kotlinApp\gradle\native\5664cfc778a61ccfe75a443a1ab52a65af34e5dc3c78e0209fed803814484fcb\windows-amd64\native-platform-file-events.dll
Event: 0.485 Loaded shared library D:\Java\ms-17.0.15\bin\management.dll
Event: 0.486 Loaded shared library D:\Java\ms-17.0.15\bin\management_ext.dll
Event: 0.569 Loaded shared library D:\Java\ms-17.0.15\bin\extnet.dll
Event: 0.674 Loaded shared library D:\Java\ms-17.0.15\bin\sunmscapi.dll
Event: 122.572 Loaded shared library C:\Users\theja\AppData\Local\Temp\native-platform12719582707728159690dir\native-platform.dll
Event: 122.902 Loaded shared library D:\Java\ms-17.0.15\bin\rmi.dll

Deoptimization events (20 events):
Event: 400.991 Thread 0x0000015f1aefd030 DEOPT PACKING pc=0x0000015eb63181cd sp=0x000000435e3f84a0
Event: 400.991 Thread 0x0000015f1aefd030 DEOPT UNPACKING pc=0x0000015eb9257143 sp=0x000000435e3f7990 mode 0
Event: 400.993 Thread 0x0000015f1aefd030 DEOPT PACKING pc=0x0000015eb63181cd sp=0x000000435e3f84a0
Event: 400.993 Thread 0x0000015f1aefd030 DEOPT UNPACKING pc=0x0000015eb9257143 sp=0x000000435e3f7990 mode 0
Event: 401.004 Thread 0x0000015f1aefd030 DEOPT PACKING pc=0x0000015eb2c75513 sp=0x000000435e3f8b60
Event: 401.004 Thread 0x0000015f1aefd030 DEOPT UNPACKING pc=0x0000015eb9257143 sp=0x000000435e3f8018 mode 0
Event: 401.032 Thread 0x0000015f1aefd030 DEOPT PACKING pc=0x0000015eb63181cd sp=0x000000435e3f84c0
Event: 401.032 Thread 0x0000015f1aefd030 DEOPT UNPACKING pc=0x0000015eb9257143 sp=0x000000435e3f79b0 mode 0
Event: 401.035 Thread 0x0000015f1aefd030 DEOPT PACKING pc=0x0000015eb63181cd sp=0x000000435e3f84c0
Event: 401.035 Thread 0x0000015f1aefd030 DEOPT UNPACKING pc=0x0000015eb9257143 sp=0x000000435e3f79b0 mode 0
Event: 401.037 Thread 0x0000015f1aefd030 DEOPT PACKING pc=0x0000015eb63181cd sp=0x000000435e3f84c0
Event: 401.037 Thread 0x0000015f1aefd030 DEOPT UNPACKING pc=0x0000015eb9257143 sp=0x000000435e3f79b0 mode 0
Event: 401.080 Thread 0x0000015f1aefd030 DEOPT PACKING pc=0x0000015eb63181cd sp=0x000000435e3f84c0
Event: 401.080 Thread 0x0000015f1aefd030 DEOPT UNPACKING pc=0x0000015eb9257143 sp=0x000000435e3f79b0 mode 0
Event: 401.091 Thread 0x0000015f1aefd030 DEOPT PACKING pc=0x0000015eb2c75513 sp=0x000000435e3f8b60
Event: 401.091 Thread 0x0000015f1aefd030 DEOPT UNPACKING pc=0x0000015eb9257143 sp=0x000000435e3f8018 mode 0
Event: 401.093 Thread 0x0000015f1aefd030 Uncommon trap: trap_request=0xffffffbe fr.pc=0x0000015eba12cb14 relative=0x0000000000000994
Event: 401.094 Thread 0x0000015f1aefd030 Uncommon trap: reason=profile_predicate action=maybe_recompile pc=0x0000015eba12cb14 method=com.sun.org.apache.xerces.internal.impl.XMLDocumentFragmentScannerImpl.scanDocument(Z)Z @ 13 c2
Event: 401.094 Thread 0x0000015f1aefd030 DEOPT PACKING pc=0x0000015eba12cb14 sp=0x000000435e3f8b60
Event: 401.094 Thread 0x0000015f1aefd030 DEOPT UNPACKING pc=0x0000015eb92569a3 sp=0x000000435e3f8b30 mode 2

Classes loaded (20 events):
Event: 400.632 Loading class sun/security/ssl/TransportContext$NotifyHandshake$1 done
Event: 400.632 Loading class sun/net/www/protocol/http/AuthCacheValue
Event: 400.632 Loading class sun/net/www/protocol/http/AuthCacheValue done
Event: 400.632 Loading class sun/net/www/protocol/http/AuthenticationInfo done
Event: 400.632 Loading class sun/net/www/protocol/http/AuthCacheImpl
Event: 400.632 Loading class sun/net/www/protocol/http/AuthCache
Event: 400.632 Loading class sun/net/www/protocol/http/AuthCache done
Event: 400.632 Loading class sun/net/www/protocol/http/AuthCacheImpl done
Event: 400.707 Loading class sun/net/www/http/KeepAliveCache$1
Event: 400.707 Loading class sun/net/www/http/KeepAliveCache$1 done
Event: 400.708 Loading class sun/net/www/http/ClientVector
Event: 400.708 Loading class sun/net/www/http/ClientVector done
Event: 400.709 Loading class sun/net/www/http/KeepAliveEntry
Event: 400.709 Loading class sun/net/www/http/KeepAliveEntry done
Event: 400.709 Loading class sun/net/www/protocol/http/EmptyInputStream
Event: 400.709 Loading class sun/net/www/protocol/http/EmptyInputStream done
Event: 400.709 Loading class sun/net/www/protocol/http/HttpURLConnection$HttpInputStream
Event: 400.709 Loading class sun/net/www/protocol/http/HttpURLConnection$HttpInputStream done
Event: 400.758 Loading class java/util/concurrent/ConcurrentHashMap$KeySpliterator
Event: 400.759 Loading class java/util/concurrent/ConcurrentHashMap$KeySpliterator done

Classes unloaded (20 events):
Event: 328.018 Thread 0x0000015eca030040 Unloading class 0x0000015ecd2bb400 '_BuildScript_$_run_closure1'
Event: 328.018 Thread 0x0000015eca030040 Unloading class 0x0000015ecd2bb800 '_BuildScript_'
Event: 328.018 Thread 0x0000015eca030040 Unloading class 0x0000015ecd2b6918 '_BuildScript_$_run_closure1$_closure2'
Event: 328.018 Thread 0x0000015eca030040 Unloading class 0x0000015ecd2b6530 '_BuildScript_$_run_closure1'
Event: 328.018 Thread 0x0000015eca030040 Unloading class 0x0000015ecd2b6000 '_BuildScript_'
Event: 328.018 Thread 0x0000015eca030040 Unloading class 0x0000015ecd2b4918 '_BuildScript_$_run_closure1$_closure2'
Event: 328.018 Thread 0x0000015eca030040 Unloading class 0x0000015ecd2b4530 '_BuildScript_$_run_closure1'
Event: 328.018 Thread 0x0000015eca030040 Unloading class 0x0000015ecd2b4000 '_BuildScript_'
Event: 328.018 Thread 0x0000015eca030040 Unloading class 0x0000015ecd29a000 '_BuildScript_$_run_closure2'
Event: 328.018 Thread 0x0000015eca030040 Unloading class 0x0000015ecd299920 '_BuildScript_$_run_closure1$_closure3'
Event: 328.018 Thread 0x0000015eca030040 Unloading class 0x0000015ecd299538 '_BuildScript_$_run_closure1'
Event: 328.018 Thread 0x0000015eca030040 Unloading class 0x0000015ecd299000 '_BuildScript_'
Event: 328.018 Thread 0x0000015eca030040 Unloading class 0x0000015ecd2923e8 '_BuildScript_$_run_closure1$_closure3'
Event: 328.018 Thread 0x0000015eca030040 Unloading class 0x0000015ecd292000 '_BuildScript_$_run_closure1$_closure2'
Event: 328.018 Thread 0x0000015eca030040 Unloading class 0x0000015ecd291400 '_BuildScript_$_run_closure1'
Event: 328.018 Thread 0x0000015eca030040 Unloading class 0x0000015ecd291800 '_BuildScript_'
Event: 328.018 Thread 0x0000015eca030040 Unloading class 0x0000015ecd210c00 'java/lang/invoke/LambdaForm$DMH+0x0000015ecd210c00'
Event: 328.018 Thread 0x0000015eca030040 Unloading class 0x0000015ecd210800 'java/lang/invoke/LambdaForm$DMH+0x0000015ecd210800'
Event: 328.018 Thread 0x0000015eca030040 Unloading class 0x0000015ecd210400 'java/lang/invoke/LambdaForm$DMH+0x0000015ecd210400'
Event: 328.018 Thread 0x0000015eca030040 Unloading class 0x0000015ecd1e0800 'jdk/internal/reflect/GeneratedSerializationConstructorAccessor194'

Classes redefined (0 events):
No events

Internal exceptions (20 events):
Event: 400.501 Thread 0x0000015f1aefd030 Exception <a 'sun/nio/fs/WindowsException'{0x00000000b62eb650}> (0x00000000b62eb650) 
thrown [s\src\hotspot\share\prims\jni.cpp, line 516]
Event: 400.501 Thread 0x0000015f1aefd030 Exception <a 'sun/nio/fs/WindowsException'{0x00000000b62ecc70}> (0x00000000b62ecc70) 
thrown [s\src\hotspot\share\prims\jni.cpp, line 516]
Event: 400.501 Thread 0x0000015f1aefd030 Exception <a 'sun/nio/fs/WindowsException'{0x00000000b62ef2e8}> (0x00000000b62ef2e8) 
thrown [s\src\hotspot\share\prims\jni.cpp, line 516]
Event: 400.501 Thread 0x0000015f1aefd030 Exception <a 'sun/nio/fs/WindowsException'{0x00000000b62f0958}> (0x00000000b62f0958) 
thrown [s\src\hotspot\share\prims\jni.cpp, line 516]
Event: 400.501 Thread 0x0000015f1aefd030 Exception <a 'sun/nio/fs/WindowsException'{0x00000000b62f3330}> (0x00000000b62f3330) 
thrown [s\src\hotspot\share\prims\jni.cpp, line 516]
Event: 400.501 Thread 0x0000015f1aefd030 Exception <a 'sun/nio/fs/WindowsException'{0x00000000b62f4970}> (0x00000000b62f4970) 
thrown [s\src\hotspot\share\prims\jni.cpp, line 516]
Event: 400.501 Thread 0x0000015f1aefd030 Exception <a 'sun/nio/fs/WindowsException'{0x00000000b62f7080}> (0x00000000b62f7080) 
thrown [s\src\hotspot\share\prims\jni.cpp, line 516]
Event: 400.502 Thread 0x0000015f1aefd030 Exception <a 'sun/nio/fs/WindowsException'{0x00000000b62f86f0}> (0x00000000b62f86f0) 
thrown [s\src\hotspot\share\prims\jni.cpp, line 516]
Event: 400.502 Thread 0x0000015f1aefd030 Exception <a 'sun/nio/fs/WindowsException'{0x00000000b62fb0d0}> (0x00000000b62fb0d0) 
thrown [s\src\hotspot\share\prims\jni.cpp, line 516]
Event: 400.502 Thread 0x0000015f1aefd030 Exception <a 'sun/nio/fs/WindowsException'{0x00000000b62fc720}> (0x00000000b62fc720) 
thrown [s\src\hotspot\share\prims\jni.cpp, line 516]
Event: 400.502 Thread 0x0000015f1aefd030 Exception <a 'sun/nio/fs/WindowsException'{0x00000000b62fed68}> (0x00000000b62fed68) 
thrown [s\src\hotspot\share\prims\jni.cpp, line 516]
Event: 400.502 Thread 0x0000015f1aefd030 Exception <a 'sun/nio/fs/WindowsException'{0x00000000b61005b8}> (0x00000000b61005b8) 
thrown [s\src\hotspot\share\prims\jni.cpp, line 516]
Event: 400.502 Thread 0x0000015f1aefd030 Exception <a 'sun/nio/fs/WindowsException'{0x00000000b6102b88}> (0x00000000b6102b88) 
thrown [s\src\hotspot\share\prims\jni.cpp, line 516]
Event: 400.502 Thread 0x0000015f1aefd030 Exception <a 'sun/nio/fs/WindowsException'{0x00000000b61041a8}> (0x00000000b61041a8) 
thrown [s\src\hotspot\share\prims\jni.cpp, line 516]
Event: 400.502 Thread 0x0000015f1aefd030 Exception <a 'sun/nio/fs/WindowsException'{0x00000000b61060f0}> (0x00000000b61060f0) 
thrown [s\src\hotspot\share\prims\jni.cpp, line 516]
Event: 400.502 Thread 0x0000015f1aefd030 Exception <a 'sun/nio/fs/WindowsException'{0x00000000b6107760}> (0x00000000b6107760) 
thrown [s\src\hotspot\share\prims\jni.cpp, line 516]
Event: 400.502 Thread 0x0000015f1aefd030 Exception <a 'sun/nio/fs/WindowsException'{0x00000000b6109880}> (0x00000000b6109880) 
thrown [s\src\hotspot\share\prims\jni.cpp, line 516]
Event: 400.502 Thread 0x0000015f1aefd030 Exception <a 'sun/nio/fs/WindowsException'{0x00000000b610b218}> (0x00000000b610b218) 
thrown [s\src\hotspot\share\prims\jni.cpp, line 516]
Event: 400.724 Thread 0x0000015f1aefd030 Exception <a 'java/lang/NoSuchMethodError'{0x00000000b57ae0e0}: 'java.lang.Object java.lang.invoke.DirectMethodHandle$Holder.newInvokeSpecial(java.lang.Object, double)'> (0x00000000b57ae0e0) 
thrown [s\src\hotspot\share\interpreter\linkResolver.cpp, line 759]
Event: 400.758 Thread 0x0000015f1aefd030 Exception <a 'sun/nio/fs/WindowsException'{0x00000000b56d6760}> (0x00000000b56d6760) 
thrown [s\src\hotspot\share\prims\jni.cpp, line 516]

VM Operations (20 events):
Event: 394.219 Executing VM operation: Cleanup
Event: 394.219 Executing VM operation: Cleanup done
Event: 400.141 Executing VM operation: ICBufferFull
Event: 400.141 Executing VM operation: ICBufferFull done
Event: 400.187 Executing VM operation: HandshakeAllThreads
Event: 400.188 Executing VM operation: HandshakeAllThreads done
Event: 400.190 Executing VM operation: HandshakeAllThreads
Event: 400.190 Executing VM operation: HandshakeAllThreads done
Event: 400.571 Executing VM operation: HandshakeAllThreads
Event: 400.571 Executing VM operation: HandshakeAllThreads done
Event: 400.574 Executing VM operation: HandshakeAllThreads
Event: 400.574 Executing VM operation: HandshakeAllThreads done
Event: 400.583 Executing VM operation: HandshakeAllThreads
Event: 400.583 Executing VM operation: HandshakeAllThreads done
Event: 400.876 Executing VM operation: ICBufferFull
Event: 400.876 Executing VM operation: ICBufferFull done
Event: 401.044 Executing VM operation: G1CollectForAllocation
Event: 401.049 Executing VM operation: G1CollectForAllocation done
Event: 401.201 Executing VM operation: G1CollectForAllocation
Event: 401.210 Executing VM operation: G1CollectForAllocation done

Memory protections (0 events):
No events

Nmethod flushes (20 events):
Event: 335.222 Thread 0x0000015eca0527a0 flushing  nmethod 0x0000015eb63b3610
Event: 335.222 Thread 0x0000015eca0527a0 flushing  nmethod 0x0000015eb63b3a10
Event: 335.222 Thread 0x0000015eca0527a0 flushing  nmethod 0x0000015eb63c3290
Event: 335.222 Thread 0x0000015eca0527a0 flushing  nmethod 0x0000015eb63d1510
Event: 335.222 Thread 0x0000015eca0527a0 flushing  nmethod 0x0000015eb63d5190
Event: 335.222 Thread 0x0000015eca0527a0 flushing  nmethod 0x0000015eb63e0a90
Event: 335.222 Thread 0x0000015eca0527a0 flushing  nmethod 0x0000015eb63e9690
Event: 335.222 Thread 0x0000015eca0527a0 flushing  nmethod 0x0000015eb63f0a90
Event: 335.222 Thread 0x0000015eca0527a0 flushing  nmethod 0x0000015eb6427390
Event: 335.222 Thread 0x0000015eca0527a0 flushing  nmethod 0x0000015eb6460d10
Event: 335.222 Thread 0x0000015eca0527a0 flushing  nmethod 0x0000015eb6483510
Event: 335.222 Thread 0x0000015eca0527a0 flushing  nmethod 0x0000015eb6483f10
Event: 335.222 Thread 0x0000015eca0527a0 flushing  nmethod 0x0000015eb648e910
Event: 335.222 Thread 0x0000015eca0527a0 flushing  nmethod 0x0000015eb648ee90
Event: 335.222 Thread 0x0000015eca0527a0 flushing  nmethod 0x0000015eb648f290
Event: 335.222 Thread 0x0000015eca0527a0 flushing  nmethod 0x0000015eb6490910
Event: 335.222 Thread 0x0000015eca0527a0 flushing  nmethod 0x0000015eb6496f10
Event: 335.222 Thread 0x0000015eca0527a0 flushing  nmethod 0x0000015eb64a5490
Event: 335.223 Thread 0x0000015eca0527a0 flushing  nmethod 0x0000015eb64fd810
Event: 335.223 Thread 0x0000015eca0527a0 flushing  nmethod 0x0000015eb6501390

Events (20 events):
Event: 400.840 Thread 0x0000015f1ba77d50 Thread exited: 0x0000015f1ba77d50
Event: 400.859 Thread 0x0000015f1ba78c80 Thread exited: 0x0000015f1ba78c80
Event: 400.860 Thread 0x0000015f1ba754d0 Thread exited: 0x0000015f1ba754d0
Event: 400.860 Thread 0x0000015f1ba78770 Thread exited: 0x0000015f1ba78770
Event: 400.860 Thread 0x0000015f1ba74ab0 Thread exited: 0x0000015f1ba74ab0
Event: 400.868 Thread 0x0000015f1ba74fc0 Thread exited: 0x0000015f1ba74fc0
Event: 400.869 Thread 0x0000015f1ba7aae0 Thread exited: 0x0000015f1ba7aae0
Event: 400.869 Thread 0x0000015f1ba79190 Thread exited: 0x0000015f1ba79190
Event: 400.907 Thread 0x0000015f1ba7a5d0 Thread exited: 0x0000015f1ba7a5d0
Event: 400.910 Thread 0x0000015f1ba745a0 Thread exited: 0x0000015f1ba745a0
Event: 400.948 Thread 0x0000015f1ba73670 Thread exited: 0x0000015f1ba73670
Event: 400.964 Thread 0x0000015f1ba7a0c0 Thread exited: 0x0000015f1ba7a0c0
Event: 401.019 Thread 0x0000015f1ba76910 Thread exited: 0x0000015f1ba76910
Event: 401.020 Thread 0x0000015f1ba76e20 Thread exited: 0x0000015f1ba76e20
Event: 401.022 Thread 0x0000015f1ba76400 Thread exited: 0x0000015f1ba76400
Event: 401.023 Thread 0x0000015f1ba759e0 Thread exited: 0x0000015f1ba759e0
Event: 401.023 Thread 0x0000015f1ba796a0 Thread exited: 0x0000015f1ba796a0
Event: 401.023 Thread 0x0000015f1ba79bb0 Thread exited: 0x0000015f1ba79bb0
Event: 401.024 Thread 0x0000015f1ba72230 Thread exited: 0x0000015f1ba72230
Event: 401.084 Thread 0x0000015f1ba75ef0 Thread exited: 0x0000015f1ba75ef0


Dynamic libraries:
0x00007ff6b2e80000 - 0x00007ff6b2e8e000 	D:\Java\ms-17.0.15\bin\java.exe
0x00007ffdef370000 - 0x00007ffdef587000 	C:\Windows\SYSTEM32\ntdll.dll
0x00007ffdeeb70000 - 0x00007ffdeec34000 	C:\Windows\System32\KERNEL32.DLL
0x00007ffdec540000 - 0x00007ffdec913000 	C:\Windows\System32\KERNELBASE.dll
0x00007ffdecda0000 - 0x00007ffdeceb1000 	C:\Windows\System32\ucrtbase.dll
0x00007ffdabd30000 - 0x00007ffdabd47000 	D:\Java\ms-17.0.15\bin\jli.dll
0x00007ffda9d60000 - 0x00007ffda9d7d000 	D:\Java\ms-17.0.15\bin\VCRUNTIME140.dll
0x00007ffdef170000 - 0x00007ffdef321000 	C:\Windows\System32\USER32.dll
0x00007ffdecd70000 - 0x00007ffdecd96000 	C:\Windows\System32\win32u.dll
0x00007ffdee900000 - 0x00007ffdee929000 	C:\Windows\System32\GDI32.dll
0x00007ffdd4b70000 - 0x00007ffdd4e08000 	C:\Windows\WinSxS\amd64_microsoft.windows.common-controls_6595b64144ccf1df_6.0.22621.5124_none_270e8f4f7386d69d\COMCTL32.dll
0x00007ffdecb10000 - 0x00007ffdecc2b000 	C:\Windows\System32\gdi32full.dll
0x00007ffdeecc0000 - 0x00007ffdeed67000 	C:\Windows\System32\msvcrt.dll
0x00007ffdecf40000 - 0x00007ffdecfda000 	C:\Windows\System32\msvcp_win.dll
0x00007ffdee600000 - 0x00007ffdee631000 	C:\Windows\System32\IMM32.DLL
0x00007ffdad2a0000 - 0x00007ffdad2ac000 	D:\Java\ms-17.0.15\bin\vcruntime140_1.dll
0x00007ffda4be0000 - 0x00007ffda4c6d000 	D:\Java\ms-17.0.15\bin\msvcp140.dll
0x00007ffd21ee0000 - 0x00007ffd22b52000 	D:\Java\ms-17.0.15\bin\server\jvm.dll
0x00007ffdee640000 - 0x00007ffdee6f1000 	C:\Windows\System32\ADVAPI32.dll
0x00007ffdeede0000 - 0x00007ffdeee88000 	C:\Windows\System32\sechost.dll
0x00007ffdecfe0000 - 0x00007ffded008000 	C:\Windows\System32\bcrypt.dll
0x00007ffdee4e0000 - 0x00007ffdee5f4000 	C:\Windows\System32\RPCRT4.dll
0x00007ffdeeaf0000 - 0x00007ffdeeb61000 	C:\Windows\System32\WS2_32.dll
0x00007ffdeb2f0000 - 0x00007ffdeb33d000 	C:\Windows\SYSTEM32\POWRPROF.dll
0x00007ffde3bf0000 - 0x00007ffde3c24000 	C:\Windows\SYSTEM32\WINMM.dll
0x00007ffde1370000 - 0x00007ffde137a000 	C:\Windows\SYSTEM32\VERSION.dll
0x00007ffdeb2b0000 - 0x00007ffdeb2c3000 	C:\Windows\SYSTEM32\UMPDC.dll
0x00007ffdeb570000 - 0x00007ffdeb588000 	C:\Windows\SYSTEM32\kernel.appcore.dll
0x00007ffdac470000 - 0x00007ffdac47a000 	D:\Java\ms-17.0.15\bin\jimage.dll
0x00007ffde99b0000 - 0x00007ffde9be2000 	C:\Windows\SYSTEM32\DBGHELP.DLL
0x00007ffded010000 - 0x00007ffded3a2000 	C:\Windows\System32\combase.dll
0x00007ffdee7b0000 - 0x00007ffdee887000 	C:\Windows\System32\OLEAUT32.dll
0x00007ffdde2e0000 - 0x00007ffdde312000 	C:\Windows\SYSTEM32\dbgcore.DLL
0x00007ffdecec0000 - 0x00007ffdecf3b000 	C:\Windows\System32\bcryptPrimitives.dll
0x00007ffda4bb0000 - 0x00007ffda4bd5000 	D:\Java\ms-17.0.15\bin\java.dll
0x00007ffda4ad0000 - 0x00007ffda4ba6000 	D:\Java\ms-17.0.15\bin\jsvml.dll
0x00007ffdedc40000 - 0x00007ffdee4d6000 	C:\Windows\System32\SHELL32.dll
0x00007ffdecc30000 - 0x00007ffdecd6f000 	C:\Windows\System32\wintypes.dll
0x00007ffdea360000 - 0x00007ffdeac7a000 	C:\Windows\SYSTEM32\windows.storage.dll
0x00007ffdeefb0000 - 0x00007ffdef0ba000 	C:\Windows\System32\SHCORE.dll
0x00007ffdee890000 - 0x00007ffdee8f3000 	C:\Windows\System32\shlwapi.dll
0x00007ffdec3b0000 - 0x00007ffdec3db000 	C:\Windows\SYSTEM32\profapi.dll
0x00007ffda8f20000 - 0x00007ffda8f3a000 	D:\Java\ms-17.0.15\bin\net.dll
0x00007ffde55b0000 - 0x00007ffde56dc000 	C:\Windows\SYSTEM32\WINHTTP.dll
0x00007ffdeba20000 - 0x00007ffdeba8a000 	C:\Windows\system32\mswsock.dll
0x00007ffda86e0000 - 0x00007ffda86f6000 	D:\Java\ms-17.0.15\bin\nio.dll
0x00007ffda8f80000 - 0x00007ffda8f98000 	D:\Java\ms-17.0.15\bin\zip.dll
0x00007ffda9b20000 - 0x00007ffda9b30000 	D:\Java\ms-17.0.15\bin\verify.dll
0x00007ffdd52b0000 - 0x00007ffdd52d7000 	D:\Projects\kotlinApp\gradle\native\e1d6ef7f7dcc3fd88c89a11ec53ec762bb8ba0a96d01ffa2cd45eb1d1d8dd5c5\windows-amd64\native-platform.dll
0x00007ffd78050000 - 0x00007ffd78194000 	D:\Projects\kotlinApp\gradle\native\5664cfc778a61ccfe75a443a1ab52a65af34e5dc3c78e0209fed803814484fcb\windows-amd64\native-platform-file-events.dll
0x00007ffda90a0000 - 0x00007ffda90aa000 	D:\Java\ms-17.0.15\bin\management.dll
0x00007ffda88e0000 - 0x00007ffda88eb000 	D:\Java\ms-17.0.15\bin\management_ext.dll
0x00007ffded730000 - 0x00007ffded738000 	C:\Windows\System32\PSAPI.DLL
0x00007ffdebc80000 - 0x00007ffdebc9b000 	C:\Windows\SYSTEM32\CRYPTSP.dll
0x00007ffdeb4d0000 - 0x00007ffdeb507000 	C:\Windows\system32\rsaenh.dll
0x00007ffdebb10000 - 0x00007ffdebb38000 	C:\Windows\SYSTEM32\USERENV.dll
0x00007ffdebc70000 - 0x00007ffdebc7c000 	C:\Windows\SYSTEM32\CRYPTBASE.dll
0x00007ffdeafe0000 - 0x00007ffdeb00d000 	C:\Windows\SYSTEM32\IPHLPAPI.DLL
0x00007ffdeec50000 - 0x00007ffdeec59000 	C:\Windows\System32\NSI.dll
0x00007ffde40b0000 - 0x00007ffde40c9000 	C:\Windows\SYSTEM32\dhcpcsvc6.DLL
0x00007ffde4070000 - 0x00007ffde408f000 	C:\Windows\SYSTEM32\dhcpcsvc.DLL
0x00007ffdeb010000 - 0x00007ffdeb112000 	C:\Windows\SYSTEM32\DNSAPI.dll
0x00007ffda7270000 - 0x00007ffda7279000 	D:\Java\ms-17.0.15\bin\extnet.dll
0x00007ffda6cc0000 - 0x00007ffda6cce000 	D:\Java\ms-17.0.15\bin\sunmscapi.dll
0x00007ffdec9a0000 - 0x00007ffdecb07000 	C:\Windows\System32\CRYPT32.dll
0x00007ffdebe30000 - 0x00007ffdebe5d000 	C:\Windows\SYSTEM32\ncrypt.dll
0x00007ffdebdf0000 - 0x00007ffdebe27000 	C:\Windows\SYSTEM32\NTASN1.dll
0x00007ffd86b80000 - 0x00007ffd86b88000 	C:\Windows\system32\wshunix.dll
0x00007ffde5400000 - 0x00007ffde540a000 	C:\Windows\System32\rasadhlp.dll
0x00007ffde3ae0000 - 0x00007ffde3b63000 	C:\Windows\System32\fwpuclnt.dll
0x00007ffdeb690000 - 0x00007ffdeb6c4000 	C:\Windows\SYSTEM32\ntmarta.dll
0x00007ffde5250000 - 0x00007ffde52e7000 	C:\Windows\system32\apphelp.dll
0x00007ffdbc1d0000 - 0x00007ffdbc1ee000 	C:\Users\theja\AppData\Local\Temp\native-platform12719582707728159690dir\native-platform.dll
0x00007ffddb3e0000 - 0x00007ffddb3e7000 	D:\Java\ms-17.0.15\bin\rmi.dll

dbghelp: loaded successfully - version: 4.0.5 - missing functions: none
symbol engine: initialized successfully - sym options: 0x614 - pdb path: .;D:\Java\ms-17.0.15\bin;C:\Windows\SYSTEM32;C:\Windows\WinSxS\amd64_microsoft.windows.common-controls_6595b64144ccf1df_6.0.22621.5124_none_270e8f4f7386d69d;D:\Java\ms-17.0.15\bin\server;D:\Projects\kotlinApp\gradle\native\e1d6ef7f7dcc3fd88c89a11ec53ec762bb8ba0a96d01ffa2cd45eb1d1d8dd5c5\windows-amd64;D:\Projects\kotlinApp\gradle\native\5664cfc778a61ccfe75a443a1ab52a65af34e5dc3c78e0209fed803814484fcb\windows-amd64;C:\Users\theja\AppData\Local\Temp\native-platform12719582707728159690dir

VM Arguments:
jvm_args: --add-opens=java.base/java.util=ALL-UNNAMED --add-opens=java.base/java.lang=ALL-UNNAMED --add-opens=java.base/java.lang.invoke=ALL-UNNAMED --add-opens=java.base/java.util=ALL-UNNAMED --add-opens=java.prefs/java.util.prefs=ALL-UNNAMED --add-opens=java.prefs/java.util.prefs=ALL-UNNAMED --add-opens=java.base/java.nio.charset=ALL-UNNAMED --add-opens=java.base/java.net=ALL-UNNAMED --add-opens=java.base/java.util.concurrent.atomic=ALL-UNNAMED -Xmx2048m -Dfile.encoding=UTF-8 -Duser.country=US -Duser.language=en -Duser.variant 
java_command: org.gradle.launcher.daemon.bootstrap.GradleDaemon 7.2
java_class_path (initial): D:\Projects\kotlinApp\gradle\wrapper\dists\gradle-7.2-bin\2dnblmf4td7x66yl1d74lt32g\gradle-7.2\lib\gradle-launcher-7.2.jar
Launcher Type: SUN_STANDARD

[Global flags]
     intx CICompilerCount                          = 15                                        {product} {ergonomic}
     uint ConcGCThreads                            = 6                                         {product} {ergonomic}
     uint G1ConcRefinementThreads                  = 23                                        {product} {ergonomic}
   size_t G1HeapRegionSize                         = 1048576                                   {product} {ergonomic}
    uintx GCDrainStackTargetSize                   = 64                                        {product} {ergonomic}
   size_t InitialHeapSize                          = 264241152                                 {product} {ergonomic}
   size_t MarkStackSize                            = 4194304                                   {product} {ergonomic}
   size_t MaxHeapSize                              = 2147483648                                {product} {command line}
   size_t MaxNewSize                               = 1287651328                                {product} {ergonomic}
   size_t MinHeapDeltaBytes                        = 1048576                                   {product} {ergonomic}
   size_t MinHeapSize                              = 8388608                                   {product} {ergonomic}
    uintx NonNMethodCodeHeapSize                   = 8192380                                {pd product} {ergonomic}
    uintx NonProfiledCodeHeapSize                  = 121732930                              {pd product} {ergonomic}
    uintx ProfiledCodeHeapSize                     = 121732930                              {pd product} {ergonomic}
    uintx ReservedCodeCacheSize                    = 251658240                              {pd product} {ergonomic}
     bool SegmentedCodeCache                       = true                                      {product} {ergonomic}
   size_t SoftMaxHeapSize                          = 2147483648                             {manageable} {ergonomic}
     bool UseCompressedClassPointers               = true                           {product lp64_product} {ergonomic}
     bool UseCompressedOops                        = true                           {product lp64_product} {ergonomic}
     bool UseG1GC                                  = true                                      {product} {ergonomic}
     bool UseLargePagesIndividualAllocation        = false                                  {pd product} {ergonomic}

Logging:
Log output configuration:
 #0: stdout all=warning uptime,level,tags
 #1: stderr all=off uptime,level,tags

Environment Variables:
JAVA_HOME=D:\Java\java-se-8u44-ri
PATH=C:\Program Files\Common Files\Oracle\Java\javapath;C:\Windows\system32;C:\Windows;C:\Windows\System32\Wbem;C:\Windows\System32\WindowsPowerShell\v1.0\;C:\Windows\System32\OpenSSH\;C:\Program Files (x86)\NVIDIA Corporation\PhysX\Common;C:\Program Files\NVIDIA Corporation\NVIDIA NvDLISR;C:\Program Files\dotnet\;C:\Program Files\Git\cmd;C:\Program Files\nodejs\;C:\ProgramData\chocolatey\bin;C:\Program Files\Docker\Docker\resources\bin;D:\PuTTY\;C:\Users\theja\AppData\Local\Android\Sdk\platform-tools;D:\hadoop-3.3.6;D:\Topaz Labs LLC\Topaz Gigapixel AI\bin\;d:\cursor\resources\app\bin;C:\Users\theja\AppData\Local\Programs\Python\Launcher\;C:\Users\theja\AppData\Local\Microsoft\WindowsApps;C:\Users\theja\.dotnet\tools;C:\Users\theja\AppData\Roaming\npm;C:\Users\theja\AppData\Local\Programs\Ollama;C:\Users\theja\AppData\Local\Programs\Microsoft VS Code\bin;D:\Microsoft VS Code Insiders\bin;C:\Users\theja\AppData\Local\Android\Sdk\platform-tools;D:\hadoop-3.3.6;D:\hbase-1.4.9-bin\hbase-1.4.9;D:\Java\java-se-8u44-ri;D:\Java\java-se-8u44-ri\bin;D:\hadoop-3.3.6\bin;D:\cursor\resources\app\bin
USERNAME=theja
OS=Windows_NT
PROCESSOR_IDENTIFIER=Intel64 Family 6 Model 183 Stepping 1, GenuineIntel
TMP=C:\Users\theja\AppData\Local\Temp
TEMP=C:\Users\theja\AppData\Local\Temp



Periodic native trim disabled


---------------  S Y S T E M  ---------------

OS:
 Windows 11 , 64 bit Build 22621 (10.0.22621.5124)
OS uptime: 1 days 1:35 hours
Hyper-V role detected

CPU: total 32 (initial active 32) (16 cores per cpu, 2 threads per core) family 6 model 183 stepping 1 microcode 0x120, cx8, cmov, fxsr, ht, mmx, 3dnowpref, sse, sse2, sse3, ssse3, sse4.1, sse4.2, popcnt, lzcnt, tsc, tscinvbit, avx, avx2, aes, erms, clmul, bmi1, bmi2, adx, sha, fma, vzeroupper, clflush, clflushopt, clwb, hv
Processor Information for processor 0
  Max Mhz: 2200, Current Mhz: 2200, Mhz Limit: 2200
Processor Information for processor 1
  Max Mhz: 2200, Current Mhz: 2200, Mhz Limit: 2200
Processor Information for processor 2
  Max Mhz: 2200, Current Mhz: 2200, Mhz Limit: 2200
Processor Information for processor 3
  Max Mhz: 2200, Current Mhz: 2200, Mhz Limit: 2200
Processor Information for processor 4
  Max Mhz: 2200, Current Mhz: 2200, Mhz Limit: 2200
Processor Information for processor 5
  Max Mhz: 2200, Current Mhz: 2200, Mhz Limit: 2200
Processor Information for processor 6
  Max Mhz: 2200, Current Mhz: 2200, Mhz Limit: 2200
Processor Information for processor 7
  Max Mhz: 2200, Current Mhz: 2200, Mhz Limit: 2200
Processor Information for processor 8
  Max Mhz: 2200, Current Mhz: 2200, Mhz Limit: 2200
Processor Information for processor 9
  Max Mhz: 2200, Current Mhz: 2200, Mhz Limit: 2200
Processor Information for processor 10
  Max Mhz: 2200, Current Mhz: 2200, Mhz Limit: 2200
Processor Information for processor 11
  Max Mhz: 2200, Current Mhz: 2200, Mhz Limit: 2200
Processor Information for processor 12
  Max Mhz: 2200, Current Mhz: 2200, Mhz Limit: 2200
Processor Information for processor 13
  Max Mhz: 2200, Current Mhz: 2200, Mhz Limit: 2200
Processor Information for processor 14
  Max Mhz: 2200, Current Mhz: 2200, Mhz Limit: 2200
Processor Information for processor 15
  Max Mhz: 2200, Current Mhz: 2200, Mhz Limit: 2200
Processor Information for processor 16
  Max Mhz: 2200, Current Mhz: 2200, Mhz Limit: 2200
Processor Information for processor 17
  Max Mhz: 2200, Current Mhz: 2200, Mhz Limit: 2200
Processor Information for processor 18
  Max Mhz: 2200, Current Mhz: 2200, Mhz Limit: 2200
Processor Information for processor 19
  Max Mhz: 2200, Current Mhz: 2200, Mhz Limit: 2200
Processor Information for processor 20
  Max Mhz: 2200, Current Mhz: 2200, Mhz Limit: 2200
Processor Information for processor 21
  Max Mhz: 2200, Current Mhz: 2200, Mhz Limit: 2200
Processor Information for processor 22
  Max Mhz: 2200, Current Mhz: 2200, Mhz Limit: 2200
Processor Information for processor 23
  Max Mhz: 2200, Current Mhz: 1512, Mhz Limit: 2200
Processor Information for processor 24
  Max Mhz: 2200, Current Mhz: 2200, Mhz Limit: 2200
Processor Information for processor 25
  Max Mhz: 2200, Current Mhz: 1512, Mhz Limit: 2200
Processor Information for processor 26
  Max Mhz: 2200, Current Mhz: 2200, Mhz Limit: 2200
Processor Information for processor 27
  Max Mhz: 2200, Current Mhz: 2200, Mhz Limit: 2200
Processor Information for processor 28
  Max Mhz: 2200, Current Mhz: 2200, Mhz Limit: 2200
Processor Information for processor 29
  Max Mhz: 2200, Current Mhz: 2200, Mhz Limit: 2200
Processor Information for processor 30
  Max Mhz: 2200, Current Mhz: 2200, Mhz Limit: 2200
Processor Information for processor 31
  Max Mhz: 2200, Current Mhz: 2200, Mhz Limit: 2200

Memory: 4k page, system-wide physical 16088M (520M free)
TotalPageFile size 39640M (AvailPageFile size 7864M)
current process WorkingSet (physical memory assigned to process): 1684M, peak: 1855M
current process commit charge ("private bytes"): 1824M, peak: 2060M

vm_info: OpenJDK 64-Bit Server VM (17.0.15+6-LTS) for windows-amd64 JRE (17.0.15+6-LTS), built on Apr  9 2025 22:27:25 by "MicrosoftCorporation" with unknown MS VC++:1939

END.
