#
# A fatal error has been detected by the Java Runtime Environment:
#
#  EXCEPTION_ACCESS_VIOLATION (0xc0000005) at pc=0x000001f5e69625c0, pid=71344, tid=18436
#
# JRE version: OpenJDK Runtime Environment Microsoft-11369865 (17.0.15+6) (build 17.0.15+6-LTS)
# Java VM: OpenJDK 64-Bit Server VM Microsoft-11369865 (17.0.15+6-LTS, mixed mode, sharing, tiered, compressed oops, compressed class ptrs, g1 gc, windows-amd64)
# Problematic frame:
# J 9904 c2 java.util.HashMap.resize()[Ljava/util/HashMap$Node; java.base@17.0.15 (356 bytes) @ 0x000001f5e69625c0 [0x000001f5e69624e0+0x00000000000000e0]
#
# No core dump will be written. Minidumps are not enabled by default on client versions of Windows
#
# If you would like to submit a bug report, please visit:
#   https://github.com/microsoft/openjdk/issues
#

---------------  S U M M A R Y ------------

Command Line: --add-opens=java.base/java.util=ALL-UNNAMED --add-opens=java.base/java.lang=ALL-UNNAMED --add-opens=java.base/java.lang.invoke=ALL-UNNAMED --add-opens=java.prefs/java.util.prefs=ALL-UNNAMED --add-opens=java.base/java.nio.charset=ALL-UNNAMED --add-opens=java.base/java.net=ALL-UNNAMED --add-opens=java.base/java.util.concurrent.atomic=ALL-UNNAMED -Xmx2048m -Dfile.encoding=UTF-8 -Duser.country=US -Duser.language=en -Duser.variant org.gradle.launcher.daemon.bootstrap.GradleDaemon 8.0

Host: Intel(R) Core(TM) i9-14900HX, 32 cores, 15G,  Windows 11 , 64 bit Build 22621 (10.0.22621.5124)
Time: Thu May  1 12:18:45 2025 Eastern Daylight Time elapsed time: 14269.547171 seconds (0d 3h 57m 49s)

---------------  T H R E A D  ---------------

Current thread (0x000001f5cf5c3030):  JavaThread "WorkerExecutor Queue Thread 2" [_thread_in_Java, id=18436, stack(0x00000031a0c00000,0x00000031a0d00000)]

Stack: [0x00000031a0c00000,0x00000031a0d00000],  sp=0x00000031a0cfdae0,  free space=1014k
Native frames: (J=compiled Java code, j=interpreted, Vv=VM code, C=native code)
C  0x000001f5e69625c0

The last pc belongs to nmethod (printed below).

siginfo: EXCEPTION_ACCESS_VIOLATION (0xc0000005), data execution prevention violation at address 0x000001f5669625c0


Registers:
RAX=0x000000004419ad46, RBX=0x000001f580008920, RCX=0x000001f58000e9f0, RDX=0x000000009c8bc880
RSP=0x00000031a0cfdae0, RBP=0x000000008bbc2ef0, RSI=0x000000009d271840, RDI=0x0000000000000000
R8 =0x0000000000000010, R9 =0x000000000000000c, R10=0x0000000000000010, R11=0x0000000000000000
R12=0x0000000000000000, R13=0x000000009c8f5098, R14=0x000000009c8f4ff8, R15=0x000001f5cf5c3030
RIP=0x000001f5e69625c0, EFLAGS=0x0000000000010283

XMM[0]=0x0000000000000000 0x0000000000000000
XMM[1]=0x0000000000000000 0x40998c0000000000
XMM[2]=0x0000000000000000 0x0000000000000000
XMM[3]=0x0000000000000000 0x0000000000000000
XMM[4]=0x0000000000000000 0x0000000000000000
XMM[5]=0x0000000000000000 0x0000000000000000
XMM[6]=0x0000000000000000 0x0000000000000000
XMM[7]=0x0000000000000000 0x0000000000000000
XMM[8]=0x0000000000000000 0x000000009ccf4e40
XMM[9]=0x0000000000000000 0x00000000806b4cd0
XMM[10]=0x0000000000000000 0x0000000000000000
XMM[11]=0x0000000000000000 0x0000000000000000
XMM[12]=0x0000000000000000 0x0000000000000000
XMM[13]=0x0000000000000000 0x0000000000000000
XMM[14]=0x0000000000000000 0x0000000000000000
XMM[15]=0x0000000000000000 0x0000000000000000
  MXCSR=0x00001fa0


Register to memory mapping:

RIP=0x000001f5e69625c0 is at entry_point+224 in (nmethod*)0x000001f5e6962310
Compiled method (c2) 14269555 9904       4       java.util.HashMap::resize (356 bytes)
 total in heap  [0x000001f5e6962310,0x000001f5e69634b8] = 4520
 relocation     [0x000001f5e6962468,0x000001f5e69624b0] = 72
 constants      [0x000001f5e69624c0,0x000001f5e69624e0] = 32
 main code      [0x000001f5e69624e0,0x000001f5e6963180] = 3232
 stub code      [0x000001f5e6963180,0x000001f5e69631a8] = 40
 metadata       [0x000001f5e69631a8,0x000001f5e69631c0] = 24
 scopes data    [0x000001f5e69631c0,0x000001f5e69633b0] = 496
 scopes pcs     [0x000001f5e69633b0,0x000001f5e6963480] = 208
 dependencies   [0x000001f5e6963480,0x000001f5e6963488] = 8
 handler table  [0x000001f5e6963488,0x000001f5e69634b8] = 48
RAX=0x000000004419ad46 is an unknown value
RBX={method} {0x000001f580008928} 'hashCode' '()I' in 'java/lang/Enum'
RCX=0x000001f58000e9f0 is a pointer to class: 
java.lang.String {0x000001f58000e9f8}
 - instance size:     3
 - klass size:        83
 - access:            public final synchronized 
 - state:             fully_initialized
 - name:              'java/lang/String'
 - super:             'java/lang/Object'
 - sub:               
 - arrays:            'java/lang/String'[]
 - methods:           Array<T>(0x000001f580b1b4c8)
 - method ordering:   Array<T>(0x000001f580b1b210)
 - local interfaces:  Array<T>(0x000001f580b1b498)
 - trans. interfaces: Array<T>(0x000001f580b1b498)
 - constants:         constant pool [1396]/operands[28] {0x000001f580b18260} for 'java/lang/String' cache=0x000001f580424580
 - class loader data:  loader data: 0x000001f5f69b0a40 of 'bootstrap'
 - source file:       'String.java'
 - class annotations:       Array<T>(0x0000000000000000)
 - class type annotations:  Array<T>(0x0000000000000000)
 - field annotations:       Array<T>(0x000001f580b22d28)
 - field type annotations:  Array<T>(0x0000000000000000)
 - generic signature: 'Ljava/lang/Object;Ljava/io/Serializable;Ljava/lang/Comparable<Ljava/lang/String;>;Ljava/lang/CharSequence;Ljava/lang/constant/Constable;Ljava/lang/constant/ConstantDesc;'
 - inner classes:     Array<T>(0x000001f580b22cc8)
 - nest members:     Array<T>(0x000001f580b18200)
 - permitted subclasses:     Array<T>(0x000001f5805cca00)
 - java mirror:       a 'java/lang/Class'{0x00000000808005c8} = 'java/lang/String'
 - vtable length      5  (start addr: 0x000001f58000ebb8)
 - itable length      20 (start addr: 0x000001f58000ebe0)
 - ---- static fields (3 words):
 - private static final 'serialVersionUID' 'J' @120 
 - static final 'COMPACT_STRINGS' 'Z' @130 
 - private static final 'serialPersistentFields' '[Ljava/io/ObjectStreamField;' @112 
 - private static final 'REPL' 'C' @128 
 - public static final 'CASE_INSENSITIVE_ORDER' 'Ljava/util/Comparator;' @116 
 - static final 'LATIN1' 'B' @131 
 - static final 'UTF16' 'B' @132 
 - ---- non-static fields (3 words):
 - private 'hash' 'I' @12 
 - private final 'coder' 'B' @16 
 - private 'hashIsZero' 'Z' @17 
 - private final synchronized 'value' '[B' @20 
 - non-static oop maps: 20-20 
RDX=0x000000009c8bc880 is an oop: java.util.LinkedHashMap 
{0x000000009c8bc880} - klass: 'java/util/LinkedHashMap'
 - ---- fields (total size 7 words):
 - transient 'keySet' 'Ljava/util/Set;' @12  NULL (0)
 - transient 'values' 'Ljava/util/Collection;' @16  NULL (0)
 - transient 'size' 'I' @20  0
 - transient 'modCount' 'I' @24  0
 - 'threshold' 'I' @28  0
 - final 'loadFactor' 'F' @32  0.750000 (3f400000)
 - transient 'table' '[Ljava/util/HashMap$Node;' @36  NULL (0)
 - transient 'entrySet' 'Ljava/util/Set;' @40  NULL (0)
 - final 'accessOrder' 'Z' @44  false
 - transient 'head' 'Ljava/util/LinkedHashMap$Entry;' @48  NULL (0)
 - transient 'tail' 'Ljava/util/LinkedHashMap$Entry;' @52  NULL (0)
RSP=0x00000031a0cfdae0 is pointing into the stack for thread: 0x000001f5cf5c3030
RBP=0x000000008bbc2ef0 is an oop: com.android.resources.ResourceType 
{0x000000008bbc2ef0} - klass: 'com/android/resources/ResourceType'
 - ---- fields (total size 5 words):
 - private final 'ordinal' 'I' @12  3
 - private final 'name' 'Ljava/lang/String;' @16  "ATTR"{0x000000008bbc2f18} (8bbc2f18)
 - private final 'mName' 'Ljava/lang/String;' @20  "attr"{0x0000000083baf118} (83baf118)
 - private final 'mKind' 'Lcom/android/resources/ResourceType$Kind;' @24  a 'com/android/resources/ResourceType$Kind'{0x000000008bbc2bd8} (8bbc2bd8)
 - private final 'mDisplayName' 'Ljava/lang/String;' @28  "Attr"{0x000000008bbc2f48} (8bbc2f48)
 - private final 'mAlternateXmlNames' '[Ljava/lang/String;' @32  a 'java/lang/String'[0] {0x000000008bbc2f78} (8bbc2f78)
RSI=0x000000009d271840 is an oop: com.android.ide.common.symbols.Symbol$AttributeSymbolImpl 
{0x000000009d271840} - klass: 'com/android/ide/common/symbols/Symbol$AttributeSymbolImpl'
 - ---- fields (total size 4 words):
 - private final 'intValue' 'I' @12  2130903951 (7f03038f)
 - private final 'isMaybeDefinition' 'Z' @16  false
 - private final 'name' 'Ljava/lang/String;' @20  "queryBackground"{0x000000009d271790} (9d271790)
 - private final 'resourceVisibility' 'Lcom/android/resources/ResourceVisibility;' @24  a 'com/android/resources/ResourceVisibility'{0x0000000086ceb878} (86ceb878)
 - private final 'canonicalName' 'Ljava/lang/String;' @28  "queryBackground"{0x000000009d271790} (9d271790)
RDI=0x0 is NULL
R8 =0x0000000000000010 is an unknown value
R9 =0x000000000000000c is an unknown value
R10=0x0000000000000010 is an unknown value
R11=0x0 is NULL
R12=0x0 is NULL
R13=0x000000009c8f5098 is an oop: java.util.LinkedHashMap$Entry 
{0x000000009c8f5098} - klass: 'java/util/LinkedHashMap$Entry'
 - ---- fields (total size 5 words):
 - final 'hash' 'I' @12  -226098544 (f2860290)
 - final 'key' 'Ljava/lang/Object;' @16  "queryBackground"{0x000000009e9b2ba0} (9e9b2ba0)
 - 'value' 'Ljava/lang/Object;' @20  a 'com/android/ide/common/symbols/Symbol$AttributeSymbolImpl'{0x000000009d271840} (9d271840)
 - 'next' 'Ljava/util/HashMap$Node;' @24  NULL (0)
 - 'before' 'Ljava/util/LinkedHashMap$Entry;' @28  a 'java/util/LinkedHashMap$Entry'{0x000000009c8f4ff8} (9c8f4ff8)
 - 'after' 'Ljava/util/LinkedHashMap$Entry;' @32  NULL (0)
R14=0x000000009c8f4ff8 is an oop: java.util.LinkedHashMap$Entry 
{0x000000009c8f4ff8} - klass: 'java/util/LinkedHashMap$Entry'
 - ---- fields (total size 5 words):
 - final 'hash' 'I' @12  1512510727 (5a271507)
 - final 'key' 'Ljava/lang/Object;' @16  "quantizeMotionSteps"{0x000000009e4dfab0} (9e4dfab0)
 - 'value' 'Ljava/lang/Object;' @20  a 'com/android/ide/common/symbols/Symbol$AttributeSymbolImpl'{0x000000009d271690} (9d271690)
 - 'next' 'Ljava/util/HashMap$Node;' @24  NULL (0)
 - 'before' 'Ljava/util/LinkedHashMap$Entry;' @28  a 'java/util/LinkedHashMap$Entry'{0x000000009c8f4f58} (9c8f4f58)
 - 'after' 'Ljava/util/LinkedHashMap$Entry;' @32  a 'java/util/LinkedHashMap$Entry'{0x000000009c8f5098} (9c8f5098)
R15=0x000001f5cf5c3030 is a thread


Top of Stack: (sp=0x00000031a0cfdae0)
0x00000031a0cfdae0:   0000000000000007 0000000000002d41
0x00000031a0cfdaf0:   000001f5cf5c3030 00007ffb3c37b2e2
0x00000031a0cfdb00:   0000000000000000 0000003100000010
0x00000031a0cfdb10:   000000009c8bc880 000000003c0fcbc0
0x00000031a0cfdb20:   000000009c8f5020 000001f5e7cb9d3c
0x00000031a0cfdb30:   00000031a0cfdbd8 00007ffb3c37add5
0x00000031a0cfdb40:   000000314419e95f 000000008bbc2ef0
0x00000031a0cfdb50:   000000009d271690 0000000000000000
0x00000031a0cfdb60:   000000310000000d 000000009c8afe48
0x00000031a0cfdb70:   000000008bbc2ef0 000001f5e66acaa4
0x00000031a0cfdb80:   000000009c8eb740 000000009e9b2ba0
0x00000031a0cfdb90:   000000009c8b01e0 0000020000000400
0x00000031a0cfdba0:   000000009c8bc880 000001f54419e95f
0x00000031a0cfdbb0:   000000008bbc2ef0 000000009d271840
0x00000031a0cfdbc0:   000000009c8bc8b8 000001f5f2860290
0x00000031a0cfdbd0:   0000000000000000 000000009c8bc880
0x00000031a0cfdbe0:   000000009c8ccae8 000001f580131e78
0x00000031a0cfdbf0:   000000009c8f41a0 000001f5e8196154
0x00000031a0cfdc00:   000000009c8aa428 000001f5e06e141c
0x00000031a0cfdc10:   000000009c8a8968 000001f5e776c4e4
0x00000031a0cfdc20:   000000009c8b00b0 000000009c890408
0x00000031a0cfdc30:   0000000000000668 000000009c8afe20
0x00000031a0cfdc40:   000000009c8b00b0 000000008bbc2ef0
0x00000031a0cfdc50:   000000009c8e0b28 000000009e9b2ba0
0x00000031a0cfdc60:   000000009d271840 000001f5eeb50000
0x00000031a0cfdc70:   000000009c8b00d8 000000009c8b06f0
0x00000031a0cfdc80:   000000009c8df178 f2860290000001a7
0x00000031a0cfdc90:   8bbc2ef000000290 9e9b2ba09d271840
0x00000031a0cfdca0:   000000009c8b01e0 000000009c8e8478
0x00000031a0cfdcb0:   000000009e4df878 0000000000000000
0x00000031a0cfdcc0:   000001f5eeb50000 000000009c8aa428
0x00000031a0cfdcd0:   000000009c8f3750 000000009e9696a8 

Instructions: (pc=0x000001f5e69625c0)
0x000001f5e69624c0:   00 00 80 4e f4 f4 f4 f4 f4 f4 f4 f4 f4 f4 f4 f4
0x000001f5e69624d0:   f4 f4 f4 f4 f4 f4 f4 f4 f4 f4 f4 f4 f4 f4 f4 f4
0x000001f5e69624e0:   44 8b 52 08 49 bb 00 00 00 80 f5 01 00 00 4d 03
0x000001f5e69624f0:   d3 49 3b c2 0f 85 86 eb 31 ff 66 90 0f 1f 40 00
0x000001f5e6962500:   89 84 24 00 90 ff ff 55 48 81 ec 90 00 00 00 48
0x000001f5e6962510:   89 54 24 30 44 8b 5a 1c 44 89 5c 24 28 44 8b 5a
0x000001f5e6962520:   24 45 85 db 0f 85 fa 01 00 00 45 33 d2 45 33 db
0x000001f5e6962530:   4c 89 54 24 20 45 85 db 0f 8f fa 01 00 00 44 8b
0x000001f5e6962540:   54 24 28 45 85 d2 7e 05 45 33 c9 eb 11 41 b9 0c
0x000001f5e6962550:   00 00 00 41 ba 10 00 00 00 44 89 54 24 28 45 85
0x000001f5e6962560:   c9 75 4b 44 8b 44 24 28 c4 c1 7a 2a c0 c5 fa 59
0x000001f5e6962570:   4a 20 41 81 f8 00 00 00 40 0f 8d 59 09 00 00 c5
0x000001f5e6962580:   fa 10 05 39 ff ff ff c5 f8 2e c1 0f 86 12 09 00
0x000001f5e6962590:   00 c5 7a 2c c9 41 81 f9 00 00 00 80 75 10 48 83
0x000001f5e69625a0:   ec 08 c5 fa 11 0c 24 e8 47 eb 2c ff 41 59 44 8b
0x000001f5e69625b0:   44 24 28 41 81 f8 00 00 04 00 0f 87 c4 08 00 00
0x000001f5e69625c0:   48 63 4c 24 28 44 89 4a 1c 41 81 f8 00 00 04 00
0x000001f5e69625d0:   0f 87 e6 06 00 00 4d 8b 8f 08 01 00 00 48 c1 e1
0x000001f5e69625e0:   02 48 83 c1 17 4c 8b d1 49 83 e2 f8 4d 8b c1 4d
0x000001f5e69625f0:   03 c2 4d 3b 87 18 01 00 00 0f 83 bd 06 00 00 4d
0x000001f5e6962600:   89 87 08 01 00 00 41 0f 0d 88 c0 00 00 00 49 c7
0x000001f5e6962610:   01 01 00 00 00 41 0f 0d 88 00 01 00 00 41 c7 41
0x000001f5e6962620:   08 70 25 13 00 8b 5c 24 28 41 89 59 0c 41 0f 0d
0x000001f5e6962630:   88 40 01 00 00 49 8b f9 48 83 c7 10 41 0f 0d 88
0x000001f5e6962640:   80 01 00 00 48 c1 e9 03 48 83 c1 fe 48 33 c0 48
0x000001f5e6962650:   83 f9 08 7f 10 48 ff c9 78 4f 48 89 04 cf 48 ff
0x000001f5e6962660:   c9 7d f7 eb 44 c5 fd ef c0 e9 0d 00 00 00 c5 fe
0x000001f5e6962670:   7f 07 c5 fe 7f 47 20 48 83 c7 40 48 83 e9 08 7d
0x000001f5e6962680:   ed 48 83 c1 04 7c 0c c5 fe 7f 07 48 83 c7 20 48
0x000001f5e6962690:   83 e9 04 48 83 c1 04 7e 10 48 ff c9 c5 f9 d6 07
0x000001f5e69626a0:   48 83 c7 08 48 ff c9 7d f3 44 89 5c 24 3c 4c 89
0x000001f5e69626b0:   4c 24 40 41 80 7f 38 00 0f 85 80 05 00 00 4c 8b 


Stack slot to memory mapping:
stack at sp + 0 slots: 0x0000000000000007 is an unknown value
stack at sp + 1 slots: 0x0000000000002d41 is an unknown value
stack at sp + 2 slots: 0x000001f5cf5c3030 is a thread
stack at sp + 3 slots: 0x00007ffb3c37b2e2 jvm.dll
stack at sp + 4 slots: 0x0 is NULL
stack at sp + 5 slots: 0x0000003100000010 is an unknown value
stack at sp + 6 slots: 0x000000009c8bc880 is an oop: java.util.LinkedHashMap 
{0x000000009c8bc880} - klass: 'java/util/LinkedHashMap'
 - ---- fields (total size 7 words):
 - transient 'keySet' 'Ljava/util/Set;' @12  NULL (0)
 - transient 'values' 'Ljava/util/Collection;' @16  NULL (0)
 - transient 'size' 'I' @20  0
 - transient 'modCount' 'I' @24  0
 - 'threshold' 'I' @28  0
 - final 'loadFactor' 'F' @32  0.750000 (3f400000)
 - transient 'table' '[Ljava/util/HashMap$Node;' @36  NULL (0)
 - transient 'entrySet' 'Ljava/util/Set;' @40  NULL (0)
 - final 'accessOrder' 'Z' @44  false
 - transient 'head' 'Ljava/util/LinkedHashMap$Entry;' @48  NULL (0)
 - transient 'tail' 'Ljava/util/LinkedHashMap$Entry;' @52  NULL (0)
stack at sp + 7 slots: 0x000000003c0fcbc0 is an unknown value


Compiled method (c2) 14269572 9904       4       java.util.HashMap::resize (356 bytes)
 total in heap  [0x000001f5e6962310,0x000001f5e69634b8] = 4520
 relocation     [0x000001f5e6962468,0x000001f5e69624b0] = 72
 constants      [0x000001f5e69624c0,0x000001f5e69624e0] = 32
 main code      [0x000001f5e69624e0,0x000001f5e6963180] = 3232
 stub code      [0x000001f5e6963180,0x000001f5e69631a8] = 40
 metadata       [0x000001f5e69631a8,0x000001f5e69631c0] = 24
 scopes data    [0x000001f5e69631c0,0x000001f5e69633b0] = 496
 scopes pcs     [0x000001f5e69633b0,0x000001f5e6963480] = 208
 dependencies   [0x000001f5e6963480,0x000001f5e6963488] = 8
 handler table  [0x000001f5e6963488,0x000001f5e69634b8] = 48


[Constant Pool]
             Address          hex4                    hex8      
  0x000001f5e69624c0:   0x4e800000      0xf4f4f4f44e800000      
  0x000001f5e69624c4:   0xf4f4f4f4                              
  0x000001f5e69624c8:   0xf4f4f4f4      0xf4f4f4f4f4f4f4f4      
  0x000001f5e69624cc:   0xf4f4f4f4                              
  0x000001f5e69624d0:   0xf4f4f4f4      0xf4f4f4f4f4f4f4f4      
  0x000001f5e69624d4:   0xf4f4f4f4                              
  0x000001f5e69624d8:   0xf4f4f4f4      0xf4f4f4f4f4f4f4f4      
  0x000001f5e69624dc:   0xf4f4f4f4                              

[MachCode]
[Entry Point]
  # {method} {0x000001f5803a1c08} 'resize' '()[Ljava/util/HashMap$Node;' in 'java/util/HashMap'
  #           [sp+0xa0]  (sp of caller)
  0x000001f5e69624e0: ;   {no_reloc}
  0x000001f5e69624e0: 448b 5208 | 49bb 0000 | 0080 f501 | 0000 4d03 | d349 3bc2 

  0x000001f5e69624f4: ;   {runtime_call ic_miss_stub}
  0x000001f5e69624f4: 0f85 86eb | 31ff 6690 | 0f1f 4000 
[Verified Entry Point]
  0x000001f5e6962500: 8984 2400 | 90ff ff55 | 4881 ec90 | 0000 0048 | 8954 2430 | 448b 5a1c | 4489 5c24 | 2844 8b5a 
  0x000001f5e6962520: 2445 85db | 0f85 fa01 | 0000 4533 | d245 33db | 4c89 5424 | 2045 85db | 0f8f fa01 | 0000 448b 
  0x000001f5e6962540: 5424 2845 | 85d2 7e05 | 4533 c9eb | 1141 b90c | 0000 0041 | ba10 0000 | 0044 8954 | 2428 4585 
  0x000001f5e6962560: c975 4b44 | 8b44 2428 | c4c1 7a2a | c0c5 fa59 | 4a20 4181 | f800 0000 | 400f 8d59 

  0x000001f5e696257c: ;   {section_word}
  0x000001f5e696257c: 0900 00c5 | fa10 0539 | ffff ffc5 | f82e c10f | 8612 0900 | 00c5 7a2c | c941 81f9 | 0000 0080 
  0x000001f5e696259c: 7510 4883 | ec08 c5fa 

  0x000001f5e69625a4: ;   {runtime_call StubRoutines (1)}
  0x000001f5e69625a4: 110c 24e8 | 47eb 2cff | 4159 448b | 4424 2841 | 81f8 0000 | 0400 0f87 | c408 0000 | 4863 4c24 
  0x000001f5e69625c4: 2844 894a | 1c41 81f8 | 0000 0400 | 0f87 e606 | 0000 4d8b | 8f08 0100 | 0048 c1e1 | 0248 83c1 
  0x000001f5e69625e4: 174c 8bd1 | 4983 e2f8 | 4d8b c14d | 03c2 4d3b | 8718 0100 | 000f 83bd | 0600 004d | 8987 0801 
  0x000001f5e6962604: 0000 410f | 0d88 c000 | 0000 49c7 | 0101 0000 | 0041 0f0d | 8800 0100 

  0x000001f5e696261c: ;   {metadata('java/util/HashMap$Node'[])}
  0x000001f5e696261c: 0041 c741 | 0870 2513 | 008b 5c24 | 2841 8959 | 0c41 0f0d | 8840 0100 | 0049 8bf9 | 4883 c710 
  0x000001f5e696263c: 410f 0d88 | 8001 0000 | 48c1 e903 | 4883 c1fe | 4833 c048 | 83f9 087f | 1048 ffc9 | 784f 4889 
  0x000001f5e696265c: 04cf 48ff | c97d f7eb | 44c5 fdef | c0e9 0d00 | 0000 c5fe | 7f07 c5fe | 7f47 2048 | 83c7 4048 
  0x000001f5e696267c: 83e9 087d | ed48 83c1 | 047c 0cc5 | fe7f 0748 | 83c7 2048 | 83e9 0448 | 83c1 047e | 1048 ffc9 
  0x000001f5e696269c: c5f9 d607 | 4883 c708 | 48ff c97d | f344 895c | 243c 4c89 | 4c24 4041 | 807f 3800 | 0f85 8005 
  0x000001f5e69626bc: 0000 4c8b | 5424 404d | 8bda 4c8b | 5424 3045 | 895a 244c | 8b54 2440 | 4c8b 5c24 | 304d 33d3 
  0x000001f5e69626dc: 49c1 ea14 | 4d85 d274 | 1a49 c1eb | 0948 b900 | 00b5 eef5 | 0100 0049 | 03cb 8039 | 040f 8577 
  0x000001f5e69626fc: 0500 004c | 8b54 2420 | 4d85 d275 | 7048 8b44 | 2440 4881 | c490 0000 

  0x000001f5e6962714: ;   {poll_return}
  0x000001f5e6962714: 005d 493b | a748 0300 | 000f 8736 | 0a00 00c3 | 458b 430c | 4d8b d34c | 8954 2420 | 458b d8e9 
  0x000001f5e6962734: fdfd ffff | 4181 fb00 | 0000 400f | 8d03 0800 | 0041 8beb | d1e5 81fd | 0000 0040 | 0f8d 1208 
  0x000001f5e6962754: 0000 4183 | fb10 7d0c | 896c 2428 | 4533 c9e9 | f6fd ffff | 448b 4c24 | 2841 d1e1 | 896c 2428 
  0x000001f5e6962774: e9e5 fdff | ff44 8b54 | 243c 4585 | d27e 864c | 8b54 2420 | 458b 5a0c | 448b 4424 | 2844 8944 
  0x000001f5e6962794: 2438 4585 | db0f 865d | 0700 0044 | 8b44 243c | 41ff c845 | 3bc3 0f83 | 4c07 0000 | 448b 5424 
  0x000001f5e69627b4: 3845 85d2 | 0f84 6a07 | 0000 458b | da41 ffcb | 4489 5c24 | 2833 f6eb | 3945 8b5d 

  0x000001f5e69627d0: ;   {metadata('java/util/HashMap$TreeNode')}
  0x000001f5e69627d0: 0841 81fb | c020 1300 | 0f85 0103 | 0000 8bee | 488b d34c | 8b44 2430 | 4c8b 4c24 | 408b fe8b 
  0x000001f5e69627f0: ;   {optimized virtual_call}
  0x000001f5e69627f0: 7424 3ce8 

  0x000001f5e69627f4: ; ImmutableOopMap {[32]=Oop [48]=Oop [64]=Oop }
                      ;*invokevirtual split {reexecute=0 rethrow=0 return_oop=0}
                      ; - java.util.HashMap::resize@217 (line 712)
  0x000001f5e69627f4: 8809 0000 | 8bf5 ffc6 | 3b74 243c | 0f8d 03ff | ffff 4863 | fe4c 8b54 | 2420 458b | 6cba 1045 
  0x000001f5e6962814: 85ed 74e2 | 4180 7f38 | 000f 85b5 | 0300 004c | 8b54 2420 | 4589 64ba | 1045 8b55 | 0c45 8b45 
  0x000001f5e6962834: 1849 8bdd | 4585 c075 | 9044 8b5c | 2428 4523 | da4c 8b54 | 2440 4b8d | 7c9a 1041 | 807f 3800 
  0x000001f5e6962854: 0f85 b203 | 0000 4489 | 2f4c 8bd3 | 4c8b df4d | 33d3 49c1 | ea14 4d85 | d274 8b49 | c1eb 0948 
  0x000001f5e6962874: b900 00b5 | eef5 0100 | 0049 03cb | 8039 040f | 8471 ffff | ff4d 8b57 | 504d 8b5f | 40f0 8344 
  0x000001f5e6962894: 24c0 0080 | 3900 0f84 | 5aff ffff | 4488 214d | 85db 7515 | 498b d749 | ba80 8b03 | 3cfb 7f00 
  0x000001f5e69628b4: 0041 ffd2 | e93d ffff | ff4b 894c | 1af8 4983 | c3f8 4d89 | 5f40 e92b | ffff ff48 | 85ed 0f84 
  0x000001f5e69628d4: 9900 0000 | 4180 7f38 | 000f 8544 | 0500 0044 | 896d 184c | 8bd3 4c8b | c54d 33d0 | 49c1 ea14 
  0x000001f5e69628f4: 4d85 d274 | 7b49 c1e8 | 0948 b900 | 00b5 eef5 | 0100 0049 | 03c8 8039 | 0474 654d | 8b57 504d 
  0x000001f5e6962914: 8b47 40f0 | 8344 24c0 | 0080 3900 | 7452 4488 | 214d 85c0 | 7538 4c89 | 7424 584c | 895c 2450 
  0x000001f5e6962934: 4889 5c24 | 4889 7424 | 2c49 8bd7 | 49ba 808b | 033c fb7f | 0000 41ff | d28b 7424 | 2c48 8b5c 
  0x000001f5e6962954: 2448 4c8b | 5c24 504c | 8b74 2458 | eb12 4b89 | 4c02 f849 | 83c0 f84d | 8947 40eb | 034c 8bf3 
  0x000001f5e6962974: 4c8b d348 | 8b5c 2478 | 498b ea4d | 8b97 5003 

  0x000001f5e6962984: ; ImmutableOopMap {r11=Oop rbx=Oop rbp=Oop r14=Oop [32]=Oop [48]=Oop [64]=Oop [112]=NarrowOop }
                      ;*ifnonnull {reexecute=1 rethrow=0 return_oop=0}
                      ; - (reexecute) java.util.HashMap::resize@306 (line 733)
                      ;   {poll}
  0x000001f5e6962984: 0000 4185 | 0244 8b54 | 2470 4585 | d20f 8534 | 0100 0048 | 85db 7465 | 4180 7f38 | 000f 853d 
  0x000001f5e69629a4: 0300 0044 | 8963 183b | 7424 380f | 83c3 0500 | 004c 8b54 | 2440 498d | 5cba 1041 | 807f 3800 
  0x000001f5e69629c4: 0f85 4d03 | 0000 4d8b | c34d 8bd3 | 4489 134c | 8bd3 4d33 | c249 c1e8 | 144d 85c0 | 741f 4d85 
  0x000001f5e69629e4: db74 1a49 | c1ea 0948 | b900 00b5 | eef5 0100 | 0049 03ca | 8039 040f | 8548 0300 | 0048 85ed 
  0x000001f5e6962a04: 0f84 f0fd | ffff 4180 | 7f38 000f | 857a 0300 | 0044 8965 | 188b ee03 | 6c24 3c3b | 6c24 380f 
  0x000001f5e6962a24: 8367 0500 | 004c 6354 | 243c 4c03 | d74c 8b5c | 2440 4b8d | 5c93 1041 | 807f 3800 | 0f85 7c03 
  0x000001f5e6962a44: 0000 4d8b | d64d 8bde | 4489 1b4c | 8bdb 4d33 | d349 c1ea | 144d 85d2 | 0f84 98fd | ffff 4d85 
  0x000001f5e6962a64: f60f 848f | fdff ff49 | c1eb 0948 | b900 00b5 | eef5 0100 | 0049 03cb | 8039 040f | 8475 fdff 
  0x000001f5e6962a84: ff4d 8b57 | 504d 8b5f | 40f0 8344 | 24c0 0080 | 3900 0f84 | 5efd ffff | 4488 214d | 85db 7515 
  0x000001f5e6962aa4: 498b d749 | ba80 8b03 | 3cfb 7f00 | 0041 ffd2 | e941 fdff | ff4b 894c | 1af8 4983 | c3f8 4d89 
  0x000001f5e6962ac4: 5f40 e92f | fdff ff45 | 8bc2 458b | 500c 4d8b | e848 895c | 2478 498b | d8eb 1033 | ed45 33db 
  0x000001f5e6962ae4: 4533 f645 | 33c0 4c89 | 4424 7844 | 2354 243c | 448b 4318 | 4489 4424 | 7045 85d2 | 0f85 c9fd 
  0x000001f5e6962b04: ffff 4c8b | 5424 784d | 85d2 0f84 | bc00 0000 | 4180 7f38 | 000f 85d5 | 0200 004c | 8b54 2478 
  0x000001f5e6962b24: 4589 6a18 | 4c8b d34c | 8b44 2478 | 4d33 d049 | c1ea 144d | 85d2 0f84 | 3ffe ffff | 49c1 e809 
  0x000001f5e6962b44: 48b9 0000 | b5ee f501 | 0000 4903 | c880 3904 | 0f84 25fe | ffff 4d8b | 5750 4d8b | 4740 f083 
  0x000001f5e6962b64: 4424 c000 | 8039 000f | 840e feff | ff44 8821 | 4d85 c075 | 454c 8974 | 2460 4c89 | 5c24 5848 
  0x000001f5e6962b84: 896c 2450 | 4889 5c24 | 4889 7424 | 2c49 8bd7 | 49ba 808b | 033c fb7f | 0000 41ff | d28b 7424 
  0x000001f5e6962ba4: 2c48 8b5c | 2448 488b | 6c24 504c | 8b5c 2458 | 4c8b 7424 | 60e9 c1fd | ffff 4b89 | 4c02 f849 
  0x000001f5e6962bc4: 83c0 f84d | 8947 40e9 | affd ffff | 4c8b dbe9 | a7fd ffff | 458b 54ba | 1045 85d2 | 0f84 3dfc 
  0x000001f5e6962be4: ffff 4d8b | 5f20 498b | ca4d 85db | 0f84 6402 | 0000 4d8b | 5730 4b89 | 4c1a f849 | 83c3 f84d 
  0x000001f5e6962c04: 895f 20e9 | 17fc ffff | 448b 1f45 | 85db 0f84 | 42fc ffff | 4d8b 5720 | 498b cb4d | 85d2 0f84 
  0x000001f5e6962c24: 4702 0000 | 4d8b 5f30 | 4b89 4c13 | f849 83c2 | f84d 8957 | 20e9 1cfc | ffff 4c8b | 5424 3045 
  0x000001f5e6962c44: 8b52 2445 | 85d2 0f84 | 6efa ffff | 4d8b 5f20 | 498b ca4d | 85db 0f84 | 2e02 0000 | 4d8b 5730 
  0x000001f5e6962c64: 4b89 4c1a | f849 83c3 | f84d 895f | 20e9 48fa | ffff 4d8b | 5750 4d8b | 5f40 f083 | 4424 c000 
  0x000001f5e6962c84: 8039 000f | 8472 faff | ff44 8821 | 4d85 db75 | 1549 8bd7 | 49ba 808b | 033c fb7f | 0000 41ff 
  0x000001f5e6962ca4: d2e9 55fa | ffff 4b89 | 4c1a f849 | 83c3 f84d | 895f 40e9 | 43fa ffff 

  0x000001f5e6962cbc: ;   {metadata('java/util/HashMap$Node'[])}
  0x000001f5e6962cbc: 48ba 7025 | 1380 f501 | 0000 448b | 4424 2848 | 8b6c 2430 | 4489 5c24 

  0x000001f5e6962cd4: ;   {runtime_call _new_array_Java}
  0x000001f5e6962cd4: 3c66 90e8 

  0x000001f5e6962cd8: ; ImmutableOopMap {rbp=Oop [32]=Oop [48]=Oop }
                      ;*anewarray {reexecute=0 rethrow=0 return_oop=1}
                      ; - java.util.HashMap::resize@133 (line 702)
  0x000001f5e6962cd8: 249b 3cff | 4c8b c8e9 | caf9 ffff | 448b 5318 | 4585 d20f | 84b6 fcff | ff4d 8b47 | 2049 8bca 
  0x000001f5e6962cf8: 4d85 c00f | 84a3 0200 | 004d 8b57 | 304b 894c | 02f8 4983 | c0f8 4d89 | 4720 e990 | fcff ff44 
  0x000001f5e6962d18: 8b03 4585 | c00f 84a7 | fcff ff4d | 8b57 2049 | 8bc8 4d85 | d20f 84b6 | 0200 004d | 8b47 304b 
  0x000001f5e6962d38: 894c 10f8 | 4983 c2f8 | 4d89 5720 | e981 fcff | ff4d 8b57 | 504d 8b5f | 40f0 8344 | 24c0 0080 
  0x000001f5e6962d58: 3900 0f84 | a1fc ffff | 4488 214d | 85db 7515 | 498b d749 | ba80 8b03 | 3cfb 7f00 | 0041 ffd2 
  0x000001f5e6962d78: e984 fcff | ff4b 894c | 1af8 4983 | c3f8 4d89 | 5f40 e972 | fcff ff44 | 8b55 1845 | 85d2 0f84 
  0x000001f5e6962d98: 79fc ffff | 4d8b 5f20 | 498b ca4d | 85db 0f84 | 9c02 0000 | 4d8b 5730 | 4b89 4c1a | f849 83c3 
  0x000001f5e6962db8: f84d 895f | 20e9 53fc | ffff 448b | 1b45 85db | 0f84 78fc | ffff 4d8b | 5720 498b | cb4d 85d2 
  0x000001f5e6962dd8: 0f84 7f02 | 0000 4d8b | 5f30 4b89 | 4c13 f849 | 83c2 f84d | 8957 20e9 | 52fc ffff | 458b 5218 
  0x000001f5e6962df8: 4585 d20f | 841e fdff | ff4d 8b47 | 2049 8bca | 4d85 c00f | 8461 0200 | 004d 8b57 | 304b 894c 
  0x000001f5e6962e18: 02f8 4983 | c0f8 4d89 | 4720 e9f8 | fcff ff44 | 8b45 1845 | 85c0 0f84 | affa ffff | 4d8b 5720 
  0x000001f5e6962e38: 498b c84d | 85d2 0f84 | 9702 0000 | 4d8b 4730 | 4b89 4c10 | f849 83c2 | f84d 8957 | 20e9 89fa 
  0x000001f5e6962e58: ffff 498b | d749 baa0 | 8b03 3cfb | 7f00 0041 | ffd2 e9b4 | f9ff ff49 | 8bd7 49ba | a08b 033c 
  0x000001f5e6962e78: fb7f 0000 | 41ff d2e9 | d6f9 ffff | 4863 4c24 | 28e9 37f7 | ffff 498b | d749 baa0 | 8b03 3cfb 
  0x000001f5e6962e98: 7f00 0041 | ffd2 e91b | f8ff ffc5 | f82e c1bd | ffff ffff | 0f8a 0e00 | 0000 0f82 | 0800 0000 
  0x000001f5e6962eb8: 400f 95c5 | 400f b6ed | f7dd ba45 | ffff ff44 | 895c 242c | c5fa 114c 

  0x000001f5e6962ed0: ;   {runtime_call UncommonTrapBlob}
  0x000001f5e6962ed0: 2438 90e8 

  0x000001f5e6962ed4: ; ImmutableOopMap {[32]=Oop [48]=Oop }
                      ;*ifge {reexecute=1 rethrow=0 return_oop=0}
                      ; - (reexecute) java.util.HashMap::resize@112 (line 697)
  0x000001f5e6962ed4: 283a 32ff | ba45 ffff | ff48 8b6c | 2420 48ff | 7424 3048 | 8f44 2420 | 4489 5c24 | 2cc5 fa11 
  0x000001f5e6962ef4: ;   {runtime_call UncommonTrapBlob}
  0x000001f5e6962ef4: 4c24 30e8 

  0x000001f5e6962ef8: ; ImmutableOopMap {rbp=Oop [32]=Oop }
                      ;*if_icmpge {reexecute=1 rethrow=0 return_oop=0}
                      ; - (reexecute) java.util.HashMap::resize@104 (line 697)
  0x000001f5e6962ef8: 043a 32ff | ba76 ffff | ff48 8b6c | 2420 48ff | 7424 3048 | 8f44 2420 | 4889 4424 | f88b 4424 
  0x000001f5e6962f18: 3889 4424 | 2c48 8b44 

  0x000001f5e6962f20: ;   {runtime_call UncommonTrapBlob}
  0x000001f5e6962f20: 24f8 90e8 

  0x000001f5e6962f24: ; ImmutableOopMap {rbp=Oop [32]=Oop [64]=Oop }
                      ;*if_icmpge {reexecute=1 rethrow=0 return_oop=0}
                      ; - (reexecute) java.util.HashMap::resize@154 (line 705)
  0x000001f5e6962f24: d839 32ff | babe ffff | ff48 8b6c | 2420 48ff | 7424 3048 | 8f44 2420 | 4489 5424 

  0x000001f5e6962f40: ;   {runtime_call UncommonTrapBlob}
  0x000001f5e6962f40: 2c66 90e8 

  0x000001f5e6962f44: ; ImmutableOopMap {rbp=Oop [32]=Oop [64]=Oop }
                      ;*if_icmpge {reexecute=1 rethrow=0 return_oop=0}
                      ; - (reexecute) java.util.HashMap::resize@154 (line 705)
  0x000001f5e6962f44: b839 32ff | ba45 ffff | ff48 8b6c | 2420 48ff | 7424 3048 | 8f44 2420 | 4489 5c24 

  0x000001f5e6962f60: ;   {runtime_call UncommonTrapBlob}
  0x000001f5e6962f60: 3066 90e8 

  0x000001f5e6962f64: ; ImmutableOopMap {rbp=Oop [32]=Oop }
                      ;*if_icmplt {reexecute=1 rethrow=0 return_oop=0}
                      ; - (reexecute) java.util.HashMap::resize@31 (line 681)
  0x000001f5e6962f64: 9839 32ff | ba45 ffff | ff44 895c 

  0x000001f5e6962f70: ;   {runtime_call UncommonTrapBlob}
  0x000001f5e6962f70: 242c 90e8 

  0x000001f5e6962f74: ; ImmutableOopMap {[32]=Oop [48]=Oop }
                      ;*if_icmpge {reexecute=1 rethrow=0 return_oop=0}
                      ; - (reexecute) java.util.HashMap::resize@50 (line 685)
  0x000001f5e6962f74: 8839 32ff | bae4 ffff | ff89 7424 | 2c4c 8974 | 2448 4c89 

  0x000001f5e6962f88: ;   {runtime_call UncommonTrapBlob}
  0x000001f5e6962f88: 5c24 58e8 

  0x000001f5e6962f8c: ; ImmutableOopMap {rbp=Oop [32]=Oop [48]=Oop [64]=Oop [72]=Oop [88]=Oop }
                      ;*aastore {reexecute=1 rethrow=0 return_oop=0}
                      ; - (reexecute) java.util.HashMap::resize@326 (line 736)
  0x000001f5e6962f8c: 7039 32ff | bae4 ffff | ff89 7424 | 284c 8974 

  0x000001f5e6962f9c: ;   {runtime_call UncommonTrapBlob}
  0x000001f5e6962f9c: 2450 90e8 

  0x000001f5e6962fa0: ; ImmutableOopMap {[32]=Oop [48]=Oop [64]=Oop [80]=Oop }
                      ;*aastore {reexecute=1 rethrow=0 return_oop=0}
                      ; - (reexecute) java.util.HashMap::resize@346 (line 740)
  0x000001f5e6962fa0: 5c39 32ff | 4c89 7424 | 604c 895c | 2458 4889 | 6c24 5048 | 895c 2448 | 8974 242c | 498b d749 
  0x000001f5e6962fc0: baa0 8b03 | 3cfb 7f00 | 0041 ffd2 | 8b74 242c | 488b 5c24 | 4848 8b6c | 2450 4c8b | 5c24 584c 
  0x000001f5e6962fe0: 8b74 2460 | e9be f9ff | ff4c 8974 | 2460 4c89 | 5c24 5848 | 896c 2450 | 8974 244c | 4889 4424 
  0x000001f5e6963000: f88b 4424 | 2889 4424 | 4848 8b44 | 24f8 498b | d749 baa0 | 8b03 3cfb | 7f00 0041 | ffd2 4889 
  0x000001f5e6963020: 4424 f88b | 4424 4889 | 4424 2848 | 8b44 24f8 | 8b74 244c | 488b 6c24 | 504c 8b5c | 2458 4c8b 
  0x000001f5e6963040: 7424 60e9 | 82f9 ffff | 498b d749 | baa0 8b03 | 3cfb 7f00 | 0041 ffd2 | e9b8 f9ff | ff49 8bd7 
  0x000001f5e6963060: 49ba a08b | 033c fb7f | 0000 41ff | d2e9 d4f9 | ffff 4c89 | 7424 684c | 895c 2460 | 4889 6c24 
  0x000001f5e6963080: 5848 895c | 2450 8974 | 244c 4889 | 4424 f88b | 4424 2889 | 4424 4848 | 8b44 24f8 | 498b d749 
  0x000001f5e69630a0: baa0 8b03 | 3cfb 7f00 | 0041 ffd2 | 4889 4424 | f88b 4424 | 4889 4424 | 2848 8b44 | 24f8 8b74 
  0x000001f5e69630c0: 244c 488b | 5c24 5048 | 8b6c 2458 | 4c8b 5c24 | 604c 8b74 | 2468 e944 | faff ff4c | 8974 2468 
  0x000001f5e69630e0: 4c89 5c24 | 6048 896c | 2458 4889 | 5c24 5089 | 7424 4c48 | 8944 24f8 | 8b44 2428 | 8944 2448 
  0x000001f5e6963100: 488b 4424 | f849 8bd7 | 49ba a08b | 033c fb7f | 0000 41ff | d248 8944 | 24f8 8b44 | 2448 8944 
  0x000001f5e6963120: 2428 488b | 4424 f88b | 7424 4c48 | 8b5c 2450 | 488b 6c24 | 584c 8b5c | 2460 4c8b | 7424 68e9 
  0x000001f5e6963140: 9ff7 ffff | 488b d0eb | 0348 8bd0 | 4881 c490 | 0000 005d 

  0x000001f5e6963154: ;   {runtime_call _rethrow_Java}
  0x000001f5e6963154: e9a7 9d60 

  0x000001f5e6963158: ;   {internal_word}
  0x000001f5e6963158: ff49 ba16 | 2796 e6f5 | 0100 004d | 8997 6003 

  0x000001f5e6963168: ;   {runtime_call SafepointBlob}
  0x000001f5e6963168: 0000 e991 | 4832 fff4 | f4f4 f4f4 | f4f4 f4f4 | f4f4 f4f4 | f4f4 f4f4 
[Stub Code]
  0x000001f5e6963180: ;   {no_reloc}
  0x000001f5e6963180: 48bb c87a | 3380 f501 

  0x000001f5e6963188: ;   {runtime_call I2C/C2I adapters}
  0x000001f5e6963188: 0000 e958 

  0x000001f5e696318c: ;   {runtime_call ExceptionBlob}
  0x000001f5e696318c: a531 ffe9 | 6c50 33ff 
[Deopt Handler Code]
  0x000001f5e6963194: e800 0000 | 0048 832c 

  0x000001f5e696319c: ;   {runtime_call DeoptimizationBlob}
  0x000001f5e696319c: 2405 e9fd | 3a32 fff4 | f4f4 f4f4 
[/MachCode]


---------------  P R O C E S S  ---------------

Threads class SMR info:
_java_thread_list=0x000001f5c2f1a4c0, length=448, elements={
0x000001f5d6cdcfd0, 0x000001f5f6a6a4d0, 0x000001f5f6a6b150, 0x000001f5f6a77bd0,
0x000001f5f6a78590, 0x000001f5f6a7cf60, 0x000001f5f6a7f940, 0x000001f5f73c27b0,
0x000001f5f6a806f0, 0x000001f5f6a84020, 0x000001f5f75c0920, 0x000001f5f75c2630,
0x000001f5fd7c0150, 0x000001f5fd789810, 0x000001f5fdb59830, 0x000001f5fd809780,
0x000001f5fd808850, 0x000001f5fd806f00, 0x000001f5fd808d60, 0x000001f5fd807410,
0x000001f5fede0a90, 0x000001f5fede0070, 0x000001f5fdfe2f10, 0x000001f5fdfe2a00,
0x000001f5fdfe3930, 0x000001f5c237d920, 0x000001f5fdff91b0, 0x000001f5fdffab00,
0x000001f5fdffbf40, 0x000001f5fdffc960, 0x000001f5fdffa0e0, 0x000001f5fdffa5f0,
0x000001f5fdff6e40, 0x000001f5fdff5f10, 0x000001f5fdff96c0, 0x000001f5fdff6420,
0x000001f5fdff6930, 0x000001f5fdff7350, 0x000001f5fdff54f0, 0x000001f5fdffc450,
0x000001f5fdff9bd0, 0x000001f5fdffb010, 0x000001f5fdff8790, 0x000001f5fdff8280,
0x000001f5fdffce70, 0x000001f5fdffb520, 0x000001f5fdffba30, 0x000001f5fdff5a00,
0x000001f5fdff7860, 0x000001f5fdff7d70, 0x000001f5fdff8ca0, 0x000001f5c25fb9b0,
0x000001f5c25fb4a0, 0x000001f5c25fec50, 0x000001f5c25fbec0, 0x000001f5cf5b3820,
0x000001f5cf5acdd0, 0x000001f5cf5bac90, 0x000001f5cf5b4240, 0x000001f5c39e9170,
0x000001f5c237de30, 0x000001f5fdfe75f0, 0x000001f5fdfe0180, 0x000001f5fd8064e0,
0x000001f5fd8069f0, 0x000001f5fd809270, 0x000001f5fd809c90, 0x000001f5c39e9680,
0x000001f5c39e9b90, 0x000001f5c39e8240, 0x000001f5ca37f170, 0x000001f5c3d4d760,
0x000001f5c3d4dc70, 0x000001f5c3d46800, 0x000001f5c3d4e180, 0x000001f5c3d46d10,
0x000001f5c3d47730, 0x000001f5c3d48b70, 0x000001f5c3d4aee0, 0x000001f5c3d48150,
0x000001f5c3d4b3f0, 0x000001f5c3d4c830, 0x000001f5c3d4cd40, 0x000001f5c3d49080,
0x000001f5c3d4b900, 0x000001f5c3d49590, 0x000001f5c3d458d0, 0x000001f5c3d4eba0,
0x000001f5c3d504f0, 0x000001f5c3d4fad0, 0x000001f5c3d52350, 0x000001f5c3d4ffe0,
0x000001f5c3d51420, 0x000001f5c3d541b0, 0x000001f5c3d4d250, 0x000001f5c3d50f10,
0x000001f5c3d50a00, 0x000001f5c3d51930, 0x000001f5c3d53280, 0x000001f5c3d51e40,
0x000001f5c3d53790, 0x000001f5c3d52860, 0x000001f5c3d52d70, 0x000001f5c3d53ca0,
0x000001f5ca36fe70, 0x000001f5ca36bca0, 0x000001f5ca370890, 0x000001f5ca36ad70,
0x000001f5ca3726f0, 0x000001f5ca370380, 0x000001f5ca370da0, 0x000001f5ca36d0e0,
0x000001f5ca36c6c0, 0x000001f5ca36b280, 0x000001f5ca3712b0, 0x000001f5ca372c00,
0x000001f5ca373110, 0x000001f5ca3717c0, 0x000001f5ca373620, 0x000001f5ca371cd0,
0x000001f5ca36e010, 0x000001f5ca3721e0, 0x000001f5ca36db00, 0x000001f5ca36c1b0,
0x000001f5ca373b30, 0x000001f5ca374040, 0x000001f5ca36cbd0, 0x000001f5ca36e520,
0x000001f5ca374550, 0x000001f5ca374a60, 0x000001f5ca36d5f0, 0x000001f5ca374f70,
0x000001f5ca375480, 0x000001f5ca375ea0, 0x000001f5ca375990, 0x000001f5ca36ea30,
0x000001f5ca3763b0, 0x000001f5ca36f960, 0x000001f5ca36ef40, 0x000001f5ca3768c0,
0x000001f5ca36f450, 0x000001f5ca37ce00, 0x000001f5ca3777f0, 0x000001f5ca379140,
0x000001f5ca377d00, 0x000001f5ca37c3e0, 0x000001f5ca37a580, 0x000001f5ca37b4b0,
0x000001f5ca378210, 0x000001f5ca378720, 0x000001f5ca37aa90, 0x000001f5ca37d310,
0x000001f5ca379650, 0x000001f5ca37e240, 0x000001f5ca37b9c0, 0x000001f5ca37d820,
0x000001f5ca37dd30, 0x000001f5ca37e750, 0x000001f5ca378c30, 0x000001f5ca376dd0,
0x000001f5ca37bed0, 0x000001f5ca3772e0, 0x000001f5ca379b60, 0x000001f5ca37ec60,
0x000001f5ca37a070, 0x000001f5ca37afa0, 0x000001f5ca37c8f0, 0x000001f5ca385bc0,
0x000001f5ca37f680, 0x000001f5ca383340, 0x000001f5ca384780, 0x000001f5ca37fb90,
0x000001f5ca384c90, 0x000001f5ca380ac0, 0x000001f5ca3805b0, 0x000001f5ca383850,
0x000001f5ca382410, 0x000001f5ca387510, 0x000001f5ca382e30, 0x000001f5ca380fd0,
0x000001f5ca382920, 0x000001f5ca3819f0, 0x000001f5ca3851a0, 0x000001f5ca383d60,
0x000001f5ca381f00, 0x000001f5ca3860d0, 0x000001f5ca3865e0, 0x000001f5ca386af0,
0x000001f5ca3814e0, 0x000001f5ca384270, 0x000001f5ca387000, 0x000001f5ca3800a0,
0x000001f5ca387a20, 0x000001f5ca38a7b0, 0x000001f5ca387f30, 0x000001f5ca388440,
0x000001f5ca388950, 0x000001f5ca388e60, 0x000001f5ca389370, 0x000001f5ca389880,
0x000001f5ca389d90, 0x000001f5ca38a2a0, 0x000001f5c3b2c7d0, 0x000001f5c3b28600,
0x000001f5c3b280f0, 0x000001f5c3b28b10, 0x000001f5c3b271c0, 0x000001f5c3b2ae80,
0x000001f5c3b2cce0, 0x000001f5c3b2e120, 0x000001f5c3b29f50, 0x000001f5c3b29020,
0x000001f5c3b2d1f0, 0x000001f5c3b2eb40, 0x000001f5c3b29530, 0x000001f5c3b2d700,
0x000001f5c3b2b390, 0x000001f5c3b276d0, 0x000001f5c3b2f050, 0x000001f5c3b2b8a0,
0x000001f5c3b2bdb0, 0x000001f5c3b27be0, 0x000001f5c3b309a0, 0x000001f5c3b2f560,
0x000001f5c3b2fa70, 0x000001f5c3b2c2c0, 0x000001f5c3b35080, 0x000001f5c3b318d0,
0x000001f5c3b31de0, 0x000001f5c3b35590, 0x000001f5c3b30eb0, 0x000001f5c3b369d0,
0x000001f5c3b35aa0, 0x000001f5c3b33220, 0x000001f5c3b35fb0, 0x000001f5c3b364c0,
0x000001f5c3b36ee0, 0x000001f5c3b322f0, 0x000001f5c3b32800, 0x000001f5c3b32d10,
0x000001f5c3b2ff80, 0x000001f5c3b373f0, 0x000001f5c3b33730, 0x000001f5c3b33c40,
0x000001f5c3b34150, 0x000001f5c3b34660, 0x000001f5c3b37900, 0x000001f5c3b30490,
0x000001f5c3b37e10, 0x000001f5c3b38320, 0x000001f5c3b38830, 0x000001f5c3b38d40,
0x000001f5c3b39760, 0x000001f5c3b39250, 0x000001f5c3b39c70, 0x000001f5c3b3a180,
0x000001f5c3b3a690, 0x000001f5c3b3aba0, 0x000001f5c3b3b0b0, 0x000001f5c3b3d420,
0x000001f5c3b3bfe0, 0x000001f5c3b415f0, 0x000001f5c3b41b00, 0x000001f5c3b40bd0,
0x000001f5c3b401b0, 0x000001f5c3b3f790, 0x000001f5c3b3bad0, 0x000001f5c3b3d930,
0x000001f5c3b3c4f0, 0x000001f5c3b3de40, 0x000001f5c3b42a30, 0x000001f5c3b406c0,
0x000001f5c3b410e0, 0x000001f5c3b3e350, 0x000001f5c3b3e860, 0x000001f5c3b42010,
0x000001f5c3b3ca00, 0x000001f5c3b3ed70, 0x000001f5c3b42520, 0x000001f5c3b3b5c0,
0x000001f5c3b42f40, 0x000001f5c3b43450, 0x000001f5c3b43e70, 0x000001f5c3b44380,
0x000001f5c3b3cf10, 0x000001f5c3b461e0, 0x000001f5c3b44890, 0x000001f5c3b44da0,
0x000001f5c3b45cd0, 0x000001f5c3b452b0, 0x000001f5c3b457c0, 0x000001f5c3b466f0,
0x000001f5c3b46c00, 0x000001f5c39e63e0, 0x000001f5c39e7d30, 0x000001f5c39e8c60,
0x000001f5c39e4070, 0x000001f5c39ea0a0, 0x000001f5c39ea5b0, 0x000001f5c39eafd0,
0x000001f5c39eb4e0, 0x000001f5c39e68f0, 0x000001f5c39e8750, 0x000001f5c39eb9f0,
0x000001f5c39e4580, 0x000001f5c39ebf00, 0x000001f5c39e4a90, 0x000001f5c39ec410,
0x000001f5c39ec920, 0x000001f5c39e6e00, 0x000001f5c39e54b0, 0x000001f5c39e59c0,
0x000001f5c39ed340, 0x000001f5c39e5ed0, 0x000001f5c39ed850, 0x000001f5c39edd60,
0x000001f5c39ee270, 0x000001f5c39ee780, 0x000001f5c39e7310, 0x000001f5c39eec90,
0x000001f5c39e7820, 0x000001f5c39f0af0, 0x000001f5c39f47b0, 0x000001f5c39f00d0,
0x000001f5c39f05e0, 0x000001f5c39f2e60, 0x000001f5c39f1a20, 0x000001f5c39f1000,
0x000001f5c39f1510, 0x000001f5c39f2440, 0x000001f5c39f2950, 0x000001f5c39f4cc0,
0x000001f5c39f3370, 0x000001f5c39f3880, 0x000001f5c39f3d90, 0x000001f5c39f42a0,
0x000001f5c39f51d0, 0x000001f5c39f56e0, 0x000001f5c39f6100, 0x000001f5c39f5bf0,
0x000001f5c39f6610, 0x000001f5c39ef1a0, 0x000001f5c39f6b20, 0x000001f5c39ef6b0,
0x000001f5c39f7030, 0x000001f5c39efbc0, 0x000001f5c39f7540, 0x000001f5c39f7a50,
0x000001f5c39f7f60, 0x000001f5c39fa2d0, 0x000001f5c39fc130, 0x000001f5c39fc640,
0x000001f5c39facf0, 0x000001f5c39fb200, 0x000001f5c39fb710, 0x000001f5c39fd060,
0x000001f5c39fe4a0, 0x000001f5c39f8470, 0x000001f5c39fcb50, 0x000001f5c39fd570,
0x000001f5c39fda80, 0x000001f5c39f98b0, 0x000001f5c39f9dc0, 0x000001f5c39fe9b0,
0x000001f5c39fdf90, 0x000001f5c39feec0, 0x000001f5c39ff3d0, 0x000001f5c39ff8e0,
0x000001f5c39ffdf0, 0x000001f5c39f8980, 0x000001f5c39f8e90, 0x000001f5c3a00810,
0x000001f5c39f93a0, 0x000001f5c3a02160, 0x000001f5c3a02670, 0x000001f5c3a00d20,
0x000001f5c3a01740, 0x000001f5c3a03090, 0x000001f5c3a01230, 0x000001f5c3a01c50,
0x000001f5c3a02b80, 0x000001f5c3a035a0, 0x000001f5c3a03ab0, 0x000001f5cf5aec30,
0x000001f5cf5b0a90, 0x000001f5cf5b14b0, 0x000001f5cf5ae210, 0x000001f5cf5b1ed0,
0x000001f5cf5b23e0, 0x000001f5cf5b2e00, 0x000001f5cf5b3310, 0x000001f5cf5b0fa0,
0x000001f5cf5ad7f0, 0x000001f5cf5b19c0, 0x000001f5cf5b3d30, 0x000001f5cf5b0580,
0x000001f5cf5ad2e0, 0x000001f5cf5b4c60, 0x000001f5cf5b5170, 0x000001f5cf5add00,
0x000001f5cf5b5b90, 0x000001f5cf5b5680, 0x000001f5cf5b6ac0, 0x000001f5cf5b60a0,
0x000001f5cf5afb60, 0x000001f5cf5b65b0, 0x000001f5cf5af650, 0x000001f5cf5bb1a0,
0x000001f5cf5bb6b0, 0x000001f5cf5ba270, 0x000001f5cf5bd510, 0x000001f5cf5b8e30,
0x000001f5cf5bd000, 0x000001f5cf5bbbc0, 0x000001f5cf5bc0d0, 0x000001f5cf5be440,
0x000001f5cf5bc5e0, 0x000001f5cf5b9850, 0x000001f5cf5bcaf0, 0x000001f5cf5bda20,
0x000001f5cf5b6fd0, 0x000001f5cf5be950, 0x000001f5cf5b79f0, 0x000001f5cf5bdf30,
0x000001f5cf5b74e0, 0x000001f5cf5b9d60, 0x000001f5cf5bee60, 0x000001f5cf5bf370,
0x000001f5cf5b7f00, 0x000001f5cf5bf880, 0x000001f5cf5b8410, 0x000001f5cf5bfd90,
0x000001f5cf5c02a0, 0x000001f5cf5c07b0, 0x000001f5cf5c0cc0, 0x000001f5cf5c53a0,
0x000001f5cf5c2610, 0x000001f5cf5c2b20, 0x000001f5cf5c58b0, 0x000001f5cf5c3f60,
0x000001f5cf5c11d0, 0x000001f5cf5c3a50, 0x000001f5cf5c6cf0, 0x000001f5cf5c3030,
0x000001f5cf5c7200, 0x000001f5cf5c7710, 0x000001f5cf5c8130, 0x000001f5cf5c4980
}

Java Threads: ( => current thread )
  0x000001f5d6cdcfd0 JavaThread "main" [_thread_blocked, id=54756, stack(0x0000003183800000,0x0000003183900000)]
  0x000001f5f6a6a4d0 JavaThread "Reference Handler" daemon [_thread_blocked, id=71072, stack(0x0000003183f00000,0x0000003184000000)]
  0x000001f5f6a6b150 JavaThread "Finalizer" daemon [_thread_blocked, id=62216, stack(0x0000003184000000,0x0000003184100000)]
  0x000001f5f6a77bd0 JavaThread "Signal Dispatcher" daemon [_thread_blocked, id=39228, stack(0x0000003184100000,0x0000003184200000)]
  0x000001f5f6a78590 JavaThread "Attach Listener" daemon [_thread_blocked, id=8848, stack(0x0000003184200000,0x0000003184300000)]
  0x000001f5f6a7cf60 JavaThread "Service Thread" daemon [_thread_blocked, id=71316, stack(0x0000003184300000,0x0000003184400000)]
  0x000001f5f6a7f940 JavaThread "Monitor Deflation Thread" daemon [_thread_blocked, id=71648, stack(0x0000003184400000,0x0000003184500000)]
  0x000001f5f73c27b0 JavaThread "C2 CompilerThread0" daemon [_thread_blocked, id=71292, stack(0x0000003184500000,0x0000003184600000)]
  0x000001f5f6a806f0 JavaThread "C1 CompilerThread0" daemon [_thread_blocked, id=71324, stack(0x0000003184600000,0x0000003184700000)]
  0x000001f5f6a84020 JavaThread "Sweeper thread" daemon [_thread_blocked, id=56756, stack(0x0000003184700000,0x0000003184800000)]
  0x000001f5f75c0920 JavaThread "Common-Cleaner" daemon [_thread_blocked, id=37936, stack(0x0000003184c00000,0x0000003184d00000)]
  0x000001f5f75c2630 JavaThread "Notification Thread" daemon [_thread_blocked, id=64060, stack(0x0000003184d00000,0x0000003184e00000)]
  0x000001f5fd7c0150 JavaThread "Daemon health stats" [_thread_blocked, id=6972, stack(0x0000003185700000,0x0000003185800000)]
  0x000001f5fd789810 JavaThread "Incoming local TCP Connector on port 49213" [_thread_in_native, id=68060, stack(0x0000003185800000,0x0000003185900000)]
  0x000001f5fdb59830 JavaThread "Daemon periodic checks" [_thread_blocked, id=24532, stack(0x0000003185900000,0x0000003185a00000)]
  0x000001f5fd809780 JavaThread "Cache worker for journal cache (D:\Projects\kotlinApp\gradle\caches\journal-1)" [_thread_blocked, id=40956, stack(0x0000003186100000,0x0000003186200000)]
  0x000001f5fd808850 JavaThread "File lock request listener" [_thread_in_native, id=39952, stack(0x0000003186200000,0x0000003186300000)]
  0x000001f5fd806f00 JavaThread "Cache worker for file hash cache (D:\Projects\kotlinApp\gradle\caches\8.0\fileHashes)" [_thread_blocked, id=68848, stack(0x0000003186300000,0x0000003186400000)]
  0x000001f5fd808d60 JavaThread "File watcher server" daemon [_thread_in_native, id=70772, stack(0x0000003186400000,0x0000003186500000)]
  0x000001f5fd807410 JavaThread "File watcher consumer" daemon [_thread_blocked, id=14204, stack(0x0000003186500000,0x0000003186600000)]
  0x000001f5fede0a90 JavaThread "Cache worker for file content cache (D:\Projects\kotlinApp\gradle\caches\8.0\fileContent)" [_thread_blocked, id=56252, stack(0x0000003186800000,0x0000003186900000)]
  0x000001f5fede0070 JavaThread "Cache worker for execution history cache (D:\Projects\kotlinApp\gradle\caches\8.0\executionHistory)" [_thread_blocked, id=70840, stack(0x0000003185600000,0x0000003185700000)]
  0x000001f5fdfe2f10 JavaThread "jar transforms" [_thread_blocked, id=70700, stack(0x0000003185000000,0x0000003185100000)]
  0x000001f5fdfe2a00 JavaThread "jar transforms Thread 2" [_thread_blocked, id=70704, stack(0x0000003188100000,0x0000003188200000)]
  0x000001f5fdfe3930 JavaThread "jar transforms Thread 3" [_thread_blocked, id=71200, stack(0x0000003188300000,0x0000003188400000)]
  0x000001f5c237d920 JavaThread "jar transforms Thread 4" [_thread_blocked, id=65060, stack(0x0000003191c00000,0x0000003191d00000)]
  0x000001f5fdff91b0 JavaThread "jar transforms Thread 5" [_thread_blocked, id=57600, stack(0x0000003191d00000,0x0000003191e00000)]
  0x000001f5fdffab00 JavaThread "jar transforms Thread 6" [_thread_blocked, id=63376, stack(0x0000003191e00000,0x0000003191f00000)]
  0x000001f5fdffbf40 JavaThread "jar transforms Thread 7" [_thread_blocked, id=17496, stack(0x0000003191f00000,0x0000003192000000)]
  0x000001f5fdffc960 JavaThread "jar transforms Thread 8" [_thread_blocked, id=63968, stack(0x0000003192000000,0x0000003192100000)]
  0x000001f5fdffa0e0 JavaThread "jar transforms Thread 9" [_thread_blocked, id=20792, stack(0x0000003192100000,0x0000003192200000)]
  0x000001f5fdffa5f0 JavaThread "jar transforms Thread 10" [_thread_blocked, id=18304, stack(0x0000003192200000,0x0000003192300000)]
  0x000001f5fdff6e40 JavaThread "jar transforms Thread 11" [_thread_blocked, id=63748, stack(0x0000003192300000,0x0000003192400000)]
  0x000001f5fdff5f10 JavaThread "jar transforms Thread 12" [_thread_blocked, id=21136, stack(0x0000003192400000,0x0000003192500000)]
  0x000001f5fdff96c0 JavaThread "jar transforms Thread 13" [_thread_blocked, id=63720, stack(0x0000003192500000,0x0000003192600000)]
  0x000001f5fdff6420 JavaThread "jar transforms Thread 14" [_thread_blocked, id=59068, stack(0x0000003192600000,0x0000003192700000)]
  0x000001f5fdff6930 JavaThread "jar transforms Thread 15" [_thread_blocked, id=35640, stack(0x0000003192700000,0x0000003192800000)]
  0x000001f5fdff7350 JavaThread "jar transforms Thread 16" [_thread_blocked, id=57756, stack(0x0000003192800000,0x0000003192900000)]
  0x000001f5fdff54f0 JavaThread "jar transforms Thread 17" [_thread_blocked, id=33840, stack(0x0000003192900000,0x0000003192a00000)]
  0x000001f5fdffc450 JavaThread "jar transforms Thread 18" [_thread_blocked, id=33616, stack(0x0000003192a00000,0x0000003192b00000)]
  0x000001f5fdff9bd0 JavaThread "jar transforms Thread 19" [_thread_blocked, id=56392, stack(0x0000003192b00000,0x0000003192c00000)]
  0x000001f5fdffb010 JavaThread "jar transforms Thread 20" [_thread_blocked, id=60308, stack(0x0000003192c00000,0x0000003192d00000)]
  0x000001f5fdff8790 JavaThread "jar transforms Thread 21" [_thread_blocked, id=52180, stack(0x0000003192d00000,0x0000003192e00000)]
  0x000001f5fdff8280 JavaThread "jar transforms Thread 22" [_thread_blocked, id=31884, stack(0x0000003192e00000,0x0000003192f00000)]
  0x000001f5fdffce70 JavaThread "jar transforms Thread 23" [_thread_blocked, id=70664, stack(0x0000003192f00000,0x0000003193000000)]
  0x000001f5fdffb520 JavaThread "jar transforms Thread 24" [_thread_blocked, id=71616, stack(0x0000003193000000,0x0000003193100000)]
  0x000001f5fdffba30 JavaThread "jar transforms Thread 25" [_thread_blocked, id=71384, stack(0x0000003193100000,0x0000003193200000)]
  0x000001f5fdff5a00 JavaThread "jar transforms Thread 26" [_thread_blocked, id=71376, stack(0x0000003193200000,0x0000003193300000)]
  0x000001f5fdff7860 JavaThread "jar transforms Thread 27" [_thread_blocked, id=63472, stack(0x0000003193300000,0x0000003193400000)]
  0x000001f5fdff7d70 JavaThread "jar transforms Thread 28" [_thread_blocked, id=35292, stack(0x0000003193600000,0x0000003193700000)]
  0x000001f5fdff8ca0 JavaThread "jar transforms Thread 29" [_thread_blocked, id=70428, stack(0x0000003193700000,0x0000003193800000)]
  0x000001f5c25fb9b0 JavaThread "jar transforms Thread 30" [_thread_blocked, id=11936, stack(0x0000003193800000,0x0000003193900000)]
  0x000001f5c25fb4a0 JavaThread "jar transforms Thread 31" [_thread_blocked, id=70912, stack(0x0000003193900000,0x0000003193a00000)]
  0x000001f5c25fec50 JavaThread "jar transforms Thread 32" [_thread_blocked, id=71552, stack(0x0000003193a00000,0x0000003193b00000)]
  0x000001f5c25fbec0 JavaThread "Memory manager" [_thread_blocked, id=16964, stack(0x0000003193c00000,0x0000003193d00000)]
  0x000001f5cf5b3820 JavaThread "RMI Scheduler(0)" daemon [_thread_blocked, id=63304, stack(0x0000003194300000,0x0000003194400000)]
  0x000001f5cf5acdd0 JavaThread "RMI GC Daemon" daemon [_thread_blocked, id=14736, stack(0x00000031a1000000,0x00000031a1100000)]
  0x000001f5cf5bac90 JavaThread "RMI TCP Accept-0" daemon [_thread_in_native, id=60840, stack(0x00000031a1100000,0x00000031a1200000)]
  0x000001f5cf5b4240 JavaThread "RMI Reaper" [_thread_blocked, id=16204, stack(0x00000031a1200000,0x00000031a1300000)]
  0x000001f5c39e9170 JavaThread "Cache worker for Java compile cache (D:\Projects\kotlinApp\gradle\caches\8.0\javaCompile)" [_thread_blocked, id=35824, stack(0x0000003193d00000,0x0000003193e00000)]
  0x000001f5c237de30 JavaThread "ForkJoinPool.commonPool-worker-137" daemon [_thread_blocked, id=37280, stack(0x00000031a5e00000,0x00000031a5f00000)]
  0x000001f5fdfe75f0 JavaThread "ForkJoinPool.commonPool-worker-144" daemon [_thread_blocked, id=53252, stack(0x00000031a5800000,0x00000031a5900000)]
  0x000001f5fdfe0180 JavaThread "ForkJoinPool.commonPool-worker-145" daemon [_thread_blocked, id=46256, stack(0x00000031a5900000,0x00000031a5a00000)]
  0x000001f5fd8064e0 JavaThread "ForkJoinPool.commonPool-worker-148" daemon [_thread_blocked, id=64772, stack(0x00000031a6600000,0x00000031a6700000)]
  0x000001f5fd8069f0 JavaThread "ForkJoinPool.commonPool-worker-149" daemon [_thread_blocked, id=66004, stack(0x00000031a6700000,0x00000031a6800000)]
  0x000001f5fd809270 JavaThread "ForkJoinPool.commonPool-worker-152" daemon [_thread_blocked, id=52784, stack(0x00000031a6b00000,0x00000031a6c00000)]
  0x000001f5fd809c90 JavaThread "ForkJoinPool.commonPool-worker-153" daemon [_thread_blocked, id=70080, stack(0x00000031a6c00000,0x00000031a6d00000)]
  0x000001f5c39e9680 JavaThread "RMI TCP Connection(idle)" daemon [_thread_blocked, id=34644, stack(0x0000003183600000,0x0000003183700000)]
  0x000001f5c39e9b90 JavaThread "Daemon Thread 39" [_thread_blocked, id=68860, stack(0x0000003183500000,0x0000003183600000)]
  0x000001f5c39e8240 JavaThread "Daemon worker Thread 39" [_thread_blocked, id=11960, stack(0x0000003184900000,0x0000003184a00000)]
  0x000001f5ca37f170 JavaThread "included builds" [_thread_blocked, id=18540, stack(0x0000003194100000,0x0000003194200000)]
  0x000001f5c3d4d760 JavaThread "ForkJoinPool.commonPool-worker-154" daemon [_thread_blocked, id=28664, stack(0x00000031a1500000,0x00000031a1600000)]
  0x000001f5c3d4dc70 JavaThread "ForkJoinPool.commonPool-worker-155" daemon [_thread_blocked, id=66584, stack(0x00000031a1600000,0x00000031a1700000)]
  0x000001f5c3d46800 JavaThread "ForkJoinPool.commonPool-worker-156" daemon [_thread_blocked, id=32596, stack(0x00000031a1700000,0x00000031a1800000)]
  0x000001f5c3d4e180 JavaThread "ForkJoinPool.commonPool-worker-157" daemon [_thread_blocked, id=1456, stack(0x00000031a1800000,0x00000031a1900000)]
  0x000001f5c3d46d10 JavaThread "Handler for socket connection from /127.0.0.1:49213 to /127.0.0.1:53078" [_thread_in_native, id=63416, stack(0x0000003183700000,0x0000003183800000)]
  0x000001f5c3d47730 JavaThread "Cancel handler" [_thread_blocked, id=67968, stack(0x0000003184800000,0x0000003184900000)]
  0x000001f5c3d48b70 JavaThread "Asynchronous log dispatcher for DefaultDaemonConnection: socket connection from /127.0.0.1:49213 to /127.0.0.1:53078" [_thread_blocked, id=12684, stack(0x0000003184a00000,0x0000003184b00000)]
  0x000001f5c3d4aee0 JavaThread "Stdin handler" [_thread_blocked, id=53420, stack(0x0000003184b00000,0x0000003184c00000)]
  0x000001f5c3d48150 JavaThread "Daemon client event forwarder" [_thread_blocked, id=69812, stack(0x0000003184f00000,0x0000003185000000)]
  0x000001f5c3d4b3f0 JavaThread "Cache worker for checksums cache (D:\Projects\kotlinApp\FoodAppInKotlin-main\.gradle\8.0\checksums)" [_thread_blocked, id=47796, stack(0x0000003185a00000,0x0000003185b00000)]
  0x000001f5c3d4c830 JavaThread "Cache worker for cache directory md-rule (D:\Projects\kotlinApp\gradle\caches\8.0\md-rule)" [_thread_blocked, id=61220, stack(0x0000003185f00000,0x0000003186000000)]
  0x000001f5c3d4cd40 JavaThread "Cache worker for file hash cache (D:\Projects\kotlinApp\FoodAppInKotlin-main\.gradle\8.0\fileHashes)" [_thread_blocked, id=14936, stack(0x0000003186000000,0x0000003186100000)]
  0x000001f5c3d49080 JavaThread "Cache worker for cache directory md-supplier (D:\Projects\kotlinApp\gradle\caches\8.0\md-supplier)" [_thread_blocked, id=55116, stack(0x0000003186600000,0x0000003186700000)]
  0x000001f5c3d4b900 JavaThread "Cache worker for dependencies-accessors (D:\Projects\kotlinApp\FoodAppInKotlin-main\.gradle\8.0\dependencies-accessors)" [_thread_blocked, id=31936, stack(0x0000003186700000,0x0000003186800000)]
  0x000001f5c3d49590 JavaThread "Cache worker for Build Output Cleanup Cache (D:\Projects\kotlinApp\FoodAppInKotlin-main\.gradle\buildOutputCleanup)" [_thread_blocked, id=14620, stack(0x0000003186900000,0x0000003186a00000)]
  0x000001f5c3d458d0 JavaThread "Unconstrained build operations" [_thread_blocked, id=71760, stack(0x0000003188000000,0x0000003188100000)]
  0x000001f5c3d4eba0 JavaThread "Unconstrained build operations Thread 2" [_thread_blocked, id=9892, stack(0x0000003188200000,0x0000003188300000)]
  0x000001f5c3d504f0 JavaThread "Unconstrained build operations Thread 3" [_thread_blocked, id=65760, stack(0x0000003188400000,0x0000003188500000)]
  0x000001f5c3d4fad0 JavaThread "Unconstrained build operations Thread 4" [_thread_blocked, id=69388, stack(0x0000003188500000,0x0000003188600000)]
  0x000001f5c3d52350 JavaThread "Unconstrained build operations Thread 5" [_thread_blocked, id=1804, stack(0x0000003188600000,0x0000003188700000)]
  0x000001f5c3d4ffe0 JavaThread "Unconstrained build operations Thread 6" [_thread_blocked, id=41116, stack(0x0000003188700000,0x0000003188800000)]
  0x000001f5c3d51420 JavaThread "Unconstrained build operations Thread 7" [_thread_blocked, id=55796, stack(0x0000003188800000,0x0000003188900000)]
  0x000001f5c3d541b0 JavaThread "Unconstrained build operations Thread 8" [_thread_blocked, id=42588, stack(0x0000003188900000,0x0000003188a00000)]
  0x000001f5c3d4d250 JavaThread "Unconstrained build operations Thread 9" [_thread_blocked, id=66780, stack(0x0000003188a00000,0x0000003188b00000)]
  0x000001f5c3d50f10 JavaThread "Unconstrained build operations Thread 10" [_thread_blocked, id=55724, stack(0x0000003188b00000,0x0000003188c00000)]
  0x000001f5c3d50a00 JavaThread "Unconstrained build operations Thread 11" [_thread_blocked, id=63312, stack(0x0000003188c00000,0x0000003188d00000)]
  0x000001f5c3d51930 JavaThread "Unconstrained build operations Thread 12" [_thread_blocked, id=40824, stack(0x0000003188d00000,0x0000003188e00000)]
  0x000001f5c3d53280 JavaThread "Unconstrained build operations Thread 13" [_thread_blocked, id=71396, stack(0x0000003188e00000,0x0000003188f00000)]
  0x000001f5c3d51e40 JavaThread "Unconstrained build operations Thread 14" [_thread_blocked, id=70720, stack(0x0000003188f00000,0x0000003189000000)]
  0x000001f5c3d53790 JavaThread "Unconstrained build operations Thread 15" [_thread_blocked, id=39412, stack(0x0000003189000000,0x0000003189100000)]
  0x000001f5c3d52860 JavaThread "Unconstrained build operations Thread 16" [_thread_blocked, id=56540, stack(0x0000003189100000,0x0000003189200000)]
  0x000001f5c3d52d70 JavaThread "Unconstrained build operations Thread 17" [_thread_blocked, id=67180, stack(0x0000003189200000,0x0000003189300000)]
  0x000001f5c3d53ca0 JavaThread "Unconstrained build operations Thread 18" [_thread_blocked, id=51636, stack(0x0000003189300000,0x0000003189400000)]
  0x000001f5ca36fe70 JavaThread "Unconstrained build operations Thread 19" [_thread_blocked, id=52792, stack(0x0000003189400000,0x0000003189500000)]
  0x000001f5ca36bca0 JavaThread "Unconstrained build operations Thread 20" [_thread_blocked, id=67796, stack(0x0000003189500000,0x0000003189600000)]
  0x000001f5ca370890 JavaThread "Unconstrained build operations Thread 21" [_thread_blocked, id=46656, stack(0x0000003189600000,0x0000003189700000)]
  0x000001f5ca36ad70 JavaThread "Unconstrained build operations Thread 22" [_thread_blocked, id=44364, stack(0x0000003189700000,0x0000003189800000)]
  0x000001f5ca3726f0 JavaThread "Unconstrained build operations Thread 23" [_thread_blocked, id=31472, stack(0x0000003189800000,0x0000003189900000)]
  0x000001f5ca370380 JavaThread "Unconstrained build operations Thread 24" [_thread_blocked, id=40780, stack(0x0000003189900000,0x0000003189a00000)]
  0x000001f5ca370da0 JavaThread "Unconstrained build operations Thread 25" [_thread_blocked, id=17996, stack(0x0000003189a00000,0x0000003189b00000)]
  0x000001f5ca36d0e0 JavaThread "Unconstrained build operations Thread 26" [_thread_blocked, id=23724, stack(0x0000003189b00000,0x0000003189c00000)]
  0x000001f5ca36c6c0 JavaThread "Unconstrained build operations Thread 27" [_thread_blocked, id=14840, stack(0x0000003189c00000,0x0000003189d00000)]
  0x000001f5ca36b280 JavaThread "Unconstrained build operations Thread 28" [_thread_blocked, id=4100, stack(0x0000003189d00000,0x0000003189e00000)]
  0x000001f5ca3712b0 JavaThread "Unconstrained build operations Thread 29" [_thread_blocked, id=66928, stack(0x0000003189e00000,0x0000003189f00000)]
  0x000001f5ca372c00 JavaThread "Unconstrained build operations Thread 30" [_thread_blocked, id=38932, stack(0x0000003189f00000,0x000000318a000000)]
  0x000001f5ca373110 JavaThread "Unconstrained build operations Thread 31" [_thread_blocked, id=69588, stack(0x000000318a000000,0x000000318a100000)]
  0x000001f5ca3717c0 JavaThread "Unconstrained build operations Thread 32" [_thread_blocked, id=65772, stack(0x000000318a100000,0x000000318a200000)]
  0x000001f5ca373620 JavaThread "Unconstrained build operations Thread 33" [_thread_blocked, id=61964, stack(0x000000318a200000,0x000000318a300000)]
  0x000001f5ca371cd0 JavaThread "Unconstrained build operations Thread 34" [_thread_blocked, id=15228, stack(0x000000318a300000,0x000000318a400000)]
  0x000001f5ca36e010 JavaThread "Unconstrained build operations Thread 35" [_thread_blocked, id=62740, stack(0x000000318a400000,0x000000318a500000)]
  0x000001f5ca3721e0 JavaThread "Unconstrained build operations Thread 36" [_thread_blocked, id=47504, stack(0x000000318a500000,0x000000318a600000)]
  0x000001f5ca36db00 JavaThread "Unconstrained build operations Thread 37" [_thread_blocked, id=40440, stack(0x000000318a600000,0x000000318a700000)]
  0x000001f5ca36c1b0 JavaThread "Unconstrained build operations Thread 38" [_thread_blocked, id=49992, stack(0x000000318a700000,0x000000318a800000)]
  0x000001f5ca373b30 JavaThread "Unconstrained build operations Thread 39" [_thread_blocked, id=66844, stack(0x000000318a800000,0x000000318a900000)]
  0x000001f5ca374040 JavaThread "Unconstrained build operations Thread 40" [_thread_blocked, id=58560, stack(0x000000318a900000,0x000000318aa00000)]
  0x000001f5ca36cbd0 JavaThread "Unconstrained build operations Thread 41" [_thread_blocked, id=65196, stack(0x000000318aa00000,0x000000318ab00000)]
  0x000001f5ca36e520 JavaThread "Unconstrained build operations Thread 42" [_thread_blocked, id=22184, stack(0x000000318ab00000,0x000000318ac00000)]
  0x000001f5ca374550 JavaThread "Unconstrained build operations Thread 43" [_thread_blocked, id=69140, stack(0x000000318ac00000,0x000000318ad00000)]
  0x000001f5ca374a60 JavaThread "Unconstrained build operations Thread 44" [_thread_blocked, id=63460, stack(0x000000318ad00000,0x000000318ae00000)]
  0x000001f5ca36d5f0 JavaThread "Unconstrained build operations Thread 45" [_thread_blocked, id=63608, stack(0x000000318ae00000,0x000000318af00000)]
  0x000001f5ca374f70 JavaThread "Unconstrained build operations Thread 46" [_thread_blocked, id=23828, stack(0x000000318af00000,0x000000318b000000)]
  0x000001f5ca375480 JavaThread "Unconstrained build operations Thread 47" [_thread_blocked, id=57148, stack(0x000000318b000000,0x000000318b100000)]
  0x000001f5ca375ea0 JavaThread "Unconstrained build operations Thread 48" [_thread_blocked, id=9512, stack(0x000000318b100000,0x000000318b200000)]
  0x000001f5ca375990 JavaThread "Unconstrained build operations Thread 49" [_thread_blocked, id=46112, stack(0x000000318b200000,0x000000318b300000)]
  0x000001f5ca36ea30 JavaThread "Unconstrained build operations Thread 50" [_thread_blocked, id=61132, stack(0x000000318b300000,0x000000318b400000)]
  0x000001f5ca3763b0 JavaThread "Unconstrained build operations Thread 51" [_thread_blocked, id=72576, stack(0x000000318b400000,0x000000318b500000)]
  0x000001f5ca36f960 JavaThread "Unconstrained build operations Thread 52" [_thread_blocked, id=38080, stack(0x000000318b500000,0x000000318b600000)]
  0x000001f5ca36ef40 JavaThread "Unconstrained build operations Thread 53" [_thread_blocked, id=58760, stack(0x000000318b600000,0x000000318b700000)]
  0x000001f5ca3768c0 JavaThread "Unconstrained build operations Thread 54" [_thread_blocked, id=42940, stack(0x000000318b700000,0x000000318b800000)]
  0x000001f5ca36f450 JavaThread "Unconstrained build operations Thread 55" [_thread_blocked, id=72164, stack(0x000000318b800000,0x000000318b900000)]
  0x000001f5ca37ce00 JavaThread "Unconstrained build operations Thread 56" [_thread_blocked, id=35536, stack(0x000000318b900000,0x000000318ba00000)]
  0x000001f5ca3777f0 JavaThread "Unconstrained build operations Thread 57" [_thread_blocked, id=52856, stack(0x000000318ba00000,0x000000318bb00000)]
  0x000001f5ca379140 JavaThread "Unconstrained build operations Thread 58" [_thread_blocked, id=68844, stack(0x000000318bb00000,0x000000318bc00000)]
  0x000001f5ca377d00 JavaThread "Unconstrained build operations Thread 59" [_thread_blocked, id=47292, stack(0x000000318bc00000,0x000000318bd00000)]
  0x000001f5ca37c3e0 JavaThread "Unconstrained build operations Thread 60" [_thread_blocked, id=6688, stack(0x000000318bd00000,0x000000318be00000)]
  0x000001f5ca37a580 JavaThread "Unconstrained build operations Thread 61" [_thread_blocked, id=59516, stack(0x000000318be00000,0x000000318bf00000)]
  0x000001f5ca37b4b0 JavaThread "Unconstrained build operations Thread 62" [_thread_blocked, id=57932, stack(0x000000318bf00000,0x000000318c000000)]
  0x000001f5ca378210 JavaThread "Unconstrained build operations Thread 63" [_thread_blocked, id=54612, stack(0x000000318c000000,0x000000318c100000)]
  0x000001f5ca378720 JavaThread "Unconstrained build operations Thread 64" [_thread_blocked, id=69204, stack(0x000000318c100000,0x000000318c200000)]
  0x000001f5ca37aa90 JavaThread "Unconstrained build operations Thread 65" [_thread_blocked, id=45864, stack(0x000000318c200000,0x000000318c300000)]
  0x000001f5ca37d310 JavaThread "Unconstrained build operations Thread 66" [_thread_blocked, id=58588, stack(0x000000318c300000,0x000000318c400000)]
  0x000001f5ca379650 JavaThread "Unconstrained build operations Thread 67" [_thread_blocked, id=60784, stack(0x000000318c400000,0x000000318c500000)]
  0x000001f5ca37e240 JavaThread "Unconstrained build operations Thread 68" [_thread_blocked, id=21680, stack(0x000000318c500000,0x000000318c600000)]
  0x000001f5ca37b9c0 JavaThread "Unconstrained build operations Thread 69" [_thread_blocked, id=65492, stack(0x000000318c600000,0x000000318c700000)]
  0x000001f5ca37d820 JavaThread "Unconstrained build operations Thread 70" [_thread_blocked, id=72024, stack(0x000000318c700000,0x000000318c800000)]
  0x000001f5ca37dd30 JavaThread "Unconstrained build operations Thread 71" [_thread_blocked, id=68440, stack(0x000000318c800000,0x000000318c900000)]
  0x000001f5ca37e750 JavaThread "Unconstrained build operations Thread 72" [_thread_blocked, id=30608, stack(0x000000318c900000,0x000000318ca00000)]
  0x000001f5ca378c30 JavaThread "Unconstrained build operations Thread 73" [_thread_blocked, id=69460, stack(0x000000318ca00000,0x000000318cb00000)]
  0x000001f5ca376dd0 JavaThread "Unconstrained build operations Thread 74" [_thread_blocked, id=67524, stack(0x000000318cb00000,0x000000318cc00000)]
  0x000001f5ca37bed0 JavaThread "Unconstrained build operations Thread 75" [_thread_blocked, id=12008, stack(0x000000318cc00000,0x000000318cd00000)]
  0x000001f5ca3772e0 JavaThread "Unconstrained build operations Thread 76" [_thread_blocked, id=38156, stack(0x000000318cd00000,0x000000318ce00000)]
  0x000001f5ca379b60 JavaThread "Unconstrained build operations Thread 77" [_thread_blocked, id=46116, stack(0x000000318ce00000,0x000000318cf00000)]
  0x000001f5ca37ec60 JavaThread "Unconstrained build operations Thread 78" [_thread_blocked, id=67920, stack(0x000000318cf00000,0x000000318d000000)]
  0x000001f5ca37a070 JavaThread "Unconstrained build operations Thread 79" [_thread_blocked, id=42196, stack(0x000000318d000000,0x000000318d100000)]
  0x000001f5ca37afa0 JavaThread "Unconstrained build operations Thread 80" [_thread_blocked, id=67824, stack(0x000000318d100000,0x000000318d200000)]
  0x000001f5ca37c8f0 JavaThread "Unconstrained build operations Thread 81" [_thread_blocked, id=64576, stack(0x000000318d200000,0x000000318d300000)]
  0x000001f5ca385bc0 JavaThread "Unconstrained build operations Thread 82" [_thread_blocked, id=67320, stack(0x000000318d300000,0x000000318d400000)]
  0x000001f5ca37f680 JavaThread "Unconstrained build operations Thread 83" [_thread_blocked, id=69396, stack(0x000000318d400000,0x000000318d500000)]
  0x000001f5ca383340 JavaThread "Unconstrained build operations Thread 84" [_thread_blocked, id=32284, stack(0x000000318d500000,0x000000318d600000)]
  0x000001f5ca384780 JavaThread "Unconstrained build operations Thread 85" [_thread_blocked, id=65852, stack(0x000000318d600000,0x000000318d700000)]
  0x000001f5ca37fb90 JavaThread "Unconstrained build operations Thread 86" [_thread_blocked, id=38920, stack(0x000000318d700000,0x000000318d800000)]
  0x000001f5ca384c90 JavaThread "Unconstrained build operations Thread 87" [_thread_blocked, id=5936, stack(0x000000318d800000,0x000000318d900000)]
  0x000001f5ca380ac0 JavaThread "Unconstrained build operations Thread 88" [_thread_blocked, id=51380, stack(0x000000318d900000,0x000000318da00000)]
  0x000001f5ca3805b0 JavaThread "Unconstrained build operations Thread 89" [_thread_blocked, id=60916, stack(0x000000318da00000,0x000000318db00000)]
  0x000001f5ca383850 JavaThread "Unconstrained build operations Thread 90" [_thread_blocked, id=72452, stack(0x000000318db00000,0x000000318dc00000)]
  0x000001f5ca382410 JavaThread "Unconstrained build operations Thread 91" [_thread_blocked, id=56556, stack(0x000000318dc00000,0x000000318dd00000)]
  0x000001f5ca387510 JavaThread "Unconstrained build operations Thread 92" [_thread_blocked, id=64456, stack(0x000000318dd00000,0x000000318de00000)]
  0x000001f5ca382e30 JavaThread "Unconstrained build operations Thread 93" [_thread_blocked, id=23100, stack(0x000000318de00000,0x000000318df00000)]
  0x000001f5ca380fd0 JavaThread "Unconstrained build operations Thread 94" [_thread_blocked, id=29000, stack(0x000000318df00000,0x000000318e000000)]
  0x000001f5ca382920 JavaThread "Unconstrained build operations Thread 95" [_thread_blocked, id=32700, stack(0x000000318e000000,0x000000318e100000)]
  0x000001f5ca3819f0 JavaThread "Unconstrained build operations Thread 96" [_thread_blocked, id=60748, stack(0x000000318e100000,0x000000318e200000)]
  0x000001f5ca3851a0 JavaThread "Unconstrained build operations Thread 97" [_thread_blocked, id=27052, stack(0x000000318e200000,0x000000318e300000)]
  0x000001f5ca383d60 JavaThread "Unconstrained build operations Thread 98" [_thread_blocked, id=26216, stack(0x000000318e300000,0x000000318e400000)]
  0x000001f5ca381f00 JavaThread "Unconstrained build operations Thread 99" [_thread_blocked, id=69028, stack(0x000000318e400000,0x000000318e500000)]
  0x000001f5ca3860d0 JavaThread "Unconstrained build operations Thread 100" [_thread_blocked, id=53292, stack(0x000000318e500000,0x000000318e600000)]
  0x000001f5ca3865e0 JavaThread "Unconstrained build operations Thread 101" [_thread_blocked, id=60664, stack(0x000000318e600000,0x000000318e700000)]
  0x000001f5ca386af0 JavaThread "Unconstrained build operations Thread 102" [_thread_blocked, id=40472, stack(0x000000318e700000,0x000000318e800000)]
  0x000001f5ca3814e0 JavaThread "Unconstrained build operations Thread 103" [_thread_blocked, id=18428, stack(0x000000318e800000,0x000000318e900000)]
  0x000001f5ca384270 JavaThread "Unconstrained build operations Thread 104" [_thread_blocked, id=5436, stack(0x000000318e900000,0x000000318ea00000)]
  0x000001f5ca387000 JavaThread "Unconstrained build operations Thread 105" [_thread_blocked, id=24612, stack(0x000000318ea00000,0x000000318eb00000)]
  0x000001f5ca3800a0 JavaThread "Unconstrained build operations Thread 106" [_thread_blocked, id=70184, stack(0x000000318eb00000,0x000000318ec00000)]
  0x000001f5ca387a20 JavaThread "Unconstrained build operations Thread 107" [_thread_blocked, id=12512, stack(0x000000318ec00000,0x000000318ed00000)]
  0x000001f5ca38a7b0 JavaThread "Unconstrained build operations Thread 108" [_thread_blocked, id=69116, stack(0x000000318ed00000,0x000000318ee00000)]
  0x000001f5ca387f30 JavaThread "Unconstrained build operations Thread 109" [_thread_blocked, id=61484, stack(0x000000318ee00000,0x000000318ef00000)]
  0x000001f5ca388440 JavaThread "Unconstrained build operations Thread 110" [_thread_blocked, id=72332, stack(0x000000318ef00000,0x000000318f000000)]
  0x000001f5ca388950 JavaThread "Unconstrained build operations Thread 111" [_thread_blocked, id=63600, stack(0x000000318f000000,0x000000318f100000)]
  0x000001f5ca388e60 JavaThread "Unconstrained build operations Thread 112" [_thread_blocked, id=26728, stack(0x000000318f100000,0x000000318f200000)]
  0x000001f5ca389370 JavaThread "Unconstrained build operations Thread 113" [_thread_blocked, id=4880, stack(0x000000318f200000,0x000000318f300000)]
  0x000001f5ca389880 JavaThread "Unconstrained build operations Thread 114" [_thread_blocked, id=28584, stack(0x000000318f300000,0x000000318f400000)]
  0x000001f5ca389d90 JavaThread "Unconstrained build operations Thread 115" [_thread_blocked, id=40220, stack(0x000000318f400000,0x000000318f500000)]
  0x000001f5ca38a2a0 JavaThread "Unconstrained build operations Thread 116" [_thread_blocked, id=21312, stack(0x000000318f500000,0x000000318f600000)]
  0x000001f5c3b2c7d0 JavaThread "Unconstrained build operations Thread 117" [_thread_blocked, id=52680, stack(0x000000318f600000,0x000000318f700000)]
  0x000001f5c3b28600 JavaThread "Unconstrained build operations Thread 118" [_thread_blocked, id=21676, stack(0x000000318f700000,0x000000318f800000)]
  0x000001f5c3b280f0 JavaThread "Unconstrained build operations Thread 119" [_thread_blocked, id=51028, stack(0x000000318f800000,0x000000318f900000)]
  0x000001f5c3b28b10 JavaThread "Unconstrained build operations Thread 120" [_thread_blocked, id=72012, stack(0x000000318f900000,0x000000318fa00000)]
  0x000001f5c3b271c0 JavaThread "Unconstrained build operations Thread 121" [_thread_blocked, id=28520, stack(0x000000318fa00000,0x000000318fb00000)]
  0x000001f5c3b2ae80 JavaThread "Unconstrained build operations Thread 122" [_thread_blocked, id=62376, stack(0x000000318fb00000,0x000000318fc00000)]
  0x000001f5c3b2cce0 JavaThread "Unconstrained build operations Thread 123" [_thread_blocked, id=60644, stack(0x000000318fc00000,0x000000318fd00000)]
  0x000001f5c3b2e120 JavaThread "Unconstrained build operations Thread 124" [_thread_blocked, id=60804, stack(0x000000318fd00000,0x000000318fe00000)]
  0x000001f5c3b29f50 JavaThread "Unconstrained build operations Thread 125" [_thread_blocked, id=45000, stack(0x000000318fe00000,0x000000318ff00000)]
  0x000001f5c3b29020 JavaThread "Unconstrained build operations Thread 126" [_thread_blocked, id=22484, stack(0x000000318ff00000,0x0000003190000000)]
  0x000001f5c3b2d1f0 JavaThread "Unconstrained build operations Thread 127" [_thread_blocked, id=66996, stack(0x0000003190000000,0x0000003190100000)]
  0x000001f5c3b2eb40 JavaThread "Unconstrained build operations Thread 128" [_thread_blocked, id=29632, stack(0x0000003190100000,0x0000003190200000)]
  0x000001f5c3b29530 JavaThread "Unconstrained build operations Thread 129" [_thread_blocked, id=67572, stack(0x0000003190200000,0x0000003190300000)]
  0x000001f5c3b2d700 JavaThread "Unconstrained build operations Thread 130" [_thread_blocked, id=54608, stack(0x0000003190300000,0x0000003190400000)]
  0x000001f5c3b2b390 JavaThread "Unconstrained build operations Thread 131" [_thread_blocked, id=33428, stack(0x0000003190400000,0x0000003190500000)]
  0x000001f5c3b276d0 JavaThread "Unconstrained build operations Thread 132" [_thread_blocked, id=57328, stack(0x0000003190500000,0x0000003190600000)]
  0x000001f5c3b2f050 JavaThread "Unconstrained build operations Thread 133" [_thread_blocked, id=47268, stack(0x0000003190600000,0x0000003190700000)]
  0x000001f5c3b2b8a0 JavaThread "Unconstrained build operations Thread 134" [_thread_blocked, id=43836, stack(0x0000003190700000,0x0000003190800000)]
  0x000001f5c3b2bdb0 JavaThread "Unconstrained build operations Thread 135" [_thread_blocked, id=10196, stack(0x0000003190800000,0x0000003190900000)]
  0x000001f5c3b27be0 JavaThread "Unconstrained build operations Thread 136" [_thread_blocked, id=41016, stack(0x0000003190900000,0x0000003190a00000)]
  0x000001f5c3b309a0 JavaThread "Unconstrained build operations Thread 137" [_thread_blocked, id=6068, stack(0x0000003190a00000,0x0000003190b00000)]
  0x000001f5c3b2f560 JavaThread "Unconstrained build operations Thread 138" [_thread_blocked, id=63364, stack(0x0000003190b00000,0x0000003190c00000)]
  0x000001f5c3b2fa70 JavaThread "Unconstrained build operations Thread 139" [_thread_blocked, id=65668, stack(0x0000003190c00000,0x0000003190d00000)]
  0x000001f5c3b2c2c0 JavaThread "Unconstrained build operations Thread 140" [_thread_blocked, id=48880, stack(0x0000003190d00000,0x0000003190e00000)]
  0x000001f5c3b35080 JavaThread "Unconstrained build operations Thread 141" [_thread_blocked, id=61284, stack(0x0000003190e00000,0x0000003190f00000)]
  0x000001f5c3b318d0 JavaThread "Unconstrained build operations Thread 142" [_thread_blocked, id=50544, stack(0x0000003190f00000,0x0000003191000000)]
  0x000001f5c3b31de0 JavaThread "Unconstrained build operations Thread 143" [_thread_blocked, id=59888, stack(0x0000003191100000,0x0000003191200000)]
  0x000001f5c3b35590 JavaThread "Unconstrained build operations Thread 144" [_thread_blocked, id=48108, stack(0x0000003191200000,0x0000003191300000)]
  0x000001f5c3b30eb0 JavaThread "Unconstrained build operations Thread 145" [_thread_blocked, id=56248, stack(0x0000003191300000,0x0000003191400000)]
  0x000001f5c3b369d0 JavaThread "Unconstrained build operations Thread 146" [_thread_blocked, id=45160, stack(0x0000003191400000,0x0000003191500000)]
  0x000001f5c3b35aa0 JavaThread "Unconstrained build operations Thread 147" [_thread_blocked, id=17344, stack(0x0000003191500000,0x0000003191600000)]
  0x000001f5c3b33220 JavaThread "Unconstrained build operations Thread 148" [_thread_blocked, id=71848, stack(0x0000003191700000,0x0000003191800000)]
  0x000001f5c3b35fb0 JavaThread "Unconstrained build operations Thread 149" [_thread_blocked, id=42972, stack(0x0000003191800000,0x0000003191900000)]
  0x000001f5c3b364c0 JavaThread "Unconstrained build operations Thread 150" [_thread_blocked, id=25588, stack(0x0000003191900000,0x0000003191a00000)]
  0x000001f5c3b36ee0 JavaThread "Unconstrained build operations Thread 151" [_thread_blocked, id=65076, stack(0x0000003191a00000,0x0000003191b00000)]
  0x000001f5c3b322f0 JavaThread "build event listener" [_thread_blocked, id=66068, stack(0x0000003191b00000,0x0000003191c00000)]
  0x000001f5c3b32800 JavaThread "build event listener" [_thread_blocked, id=67532, stack(0x0000003193b00000,0x0000003193c00000)]
  0x000001f5c3b32d10 JavaThread "build event listener" [_thread_blocked, id=66820, stack(0x0000003193e00000,0x0000003193f00000)]
  0x000001f5c3b2ff80 JavaThread "included builds" [_thread_blocked, id=16344, stack(0x0000003193f00000,0x0000003194000000)]
  0x000001f5c3b373f0 JavaThread "Execution worker" [_thread_blocked, id=28000, stack(0x0000003194000000,0x0000003194100000)]
  0x000001f5c3b33730 JavaThread "Execution worker Thread 2" [_thread_blocked, id=47744, stack(0x0000003194200000,0x0000003194300000)]
  0x000001f5c3b33c40 JavaThread "Execution worker Thread 3" [_thread_blocked, id=69380, stack(0x0000003194400000,0x0000003194500000)]
  0x000001f5c3b34150 JavaThread "Execution worker Thread 4" [_thread_blocked, id=3476, stack(0x0000003194500000,0x0000003194600000)]
  0x000001f5c3b34660 JavaThread "Execution worker Thread 5" [_thread_blocked, id=62660, stack(0x0000003194600000,0x0000003194700000)]
  0x000001f5c3b37900 JavaThread "Execution worker Thread 6" [_thread_blocked, id=47644, stack(0x0000003194700000,0x0000003194800000)]
  0x000001f5c3b30490 JavaThread "Execution worker Thread 7" [_thread_blocked, id=70696, stack(0x0000003194800000,0x0000003194900000)]
  0x000001f5c3b37e10 JavaThread "Execution worker Thread 8" [_thread_blocked, id=61820, stack(0x0000003194900000,0x0000003194a00000)]
  0x000001f5c3b38320 JavaThread "Execution worker Thread 9" [_thread_blocked, id=29124, stack(0x0000003194a00000,0x0000003194b00000)]
  0x000001f5c3b38830 JavaThread "Execution worker Thread 10" [_thread_blocked, id=59756, stack(0x0000003194b00000,0x0000003194c00000)]
  0x000001f5c3b38d40 JavaThread "Execution worker Thread 11" [_thread_blocked, id=31620, stack(0x0000003194c00000,0x0000003194d00000)]
  0x000001f5c3b39760 JavaThread "Execution worker Thread 12" [_thread_blocked, id=62428, stack(0x0000003194d00000,0x0000003194e00000)]
  0x000001f5c3b39250 JavaThread "Execution worker Thread 13" [_thread_blocked, id=46728, stack(0x0000003194e00000,0x0000003194f00000)]
  0x000001f5c3b39c70 JavaThread "Execution worker Thread 14" [_thread_blocked, id=24352, stack(0x0000003194f00000,0x0000003195000000)]
  0x000001f5c3b3a180 JavaThread "Execution worker Thread 15" [_thread_blocked, id=59056, stack(0x0000003195000000,0x0000003195100000)]
  0x000001f5c3b3a690 JavaThread "Execution worker Thread 16" [_thread_blocked, id=58480, stack(0x0000003195100000,0x0000003195200000)]
  0x000001f5c3b3aba0 JavaThread "Execution worker Thread 17" [_thread_blocked, id=54676, stack(0x0000003195200000,0x0000003195300000)]
  0x000001f5c3b3b0b0 JavaThread "Execution worker Thread 18" [_thread_blocked, id=57324, stack(0x0000003195300000,0x0000003195400000)]
  0x000001f5c3b3d420 JavaThread "Execution worker Thread 19" [_thread_blocked, id=68196, stack(0x0000003195400000,0x0000003195500000)]
  0x000001f5c3b3bfe0 JavaThread "Execution worker Thread 20" [_thread_blocked, id=61300, stack(0x0000003195500000,0x0000003195600000)]
  0x000001f5c3b415f0 JavaThread "Execution worker Thread 21" [_thread_blocked, id=47288, stack(0x0000003195600000,0x0000003195700000)]
  0x000001f5c3b41b00 JavaThread "Execution worker Thread 22" [_thread_blocked, id=52408, stack(0x0000003195700000,0x0000003195800000)]
  0x000001f5c3b40bd0 JavaThread "Execution worker Thread 23" [_thread_blocked, id=53596, stack(0x0000003195800000,0x0000003195900000)]
  0x000001f5c3b401b0 JavaThread "Execution worker Thread 24" [_thread_blocked, id=70340, stack(0x0000003195900000,0x0000003195a00000)]
  0x000001f5c3b3f790 JavaThread "Cache worker for execution history cache (D:\Projects\kotlinApp\FoodAppInKotlin-main\.gradle\8.0\executionHistory)" [_thread_blocked, id=9096, stack(0x0000003195a00000,0x0000003195b00000)]
  0x000001f5c3b3bad0 JavaThread "Execution worker Thread 25" [_thread_blocked, id=62904, stack(0x0000003195b00000,0x0000003195c00000)]
  0x000001f5c3b3d930 JavaThread "Execution worker Thread 26" [_thread_blocked, id=45148, stack(0x0000003195c00000,0x0000003195d00000)]
  0x000001f5c3b3c4f0 JavaThread "Execution worker Thread 27" [_thread_blocked, id=12804, stack(0x0000003195d00000,0x0000003195e00000)]
  0x000001f5c3b3de40 JavaThread "Execution worker Thread 28" [_thread_blocked, id=58644, stack(0x0000003195e00000,0x0000003195f00000)]
  0x000001f5c3b42a30 JavaThread "Execution worker Thread 29" [_thread_blocked, id=62484, stack(0x0000003195f00000,0x0000003196000000)]
  0x000001f5c3b406c0 JavaThread "Execution worker Thread 30" [_thread_blocked, id=37420, stack(0x0000003196000000,0x0000003196100000)]
  0x000001f5c3b410e0 JavaThread "Execution worker Thread 31" [_thread_blocked, id=24432, stack(0x0000003196100000,0x0000003196200000)]
  0x000001f5c3b3e350 JavaThread "Unconstrained build operations Thread 152" [_thread_blocked, id=61620, stack(0x0000003196200000,0x0000003196300000)]
  0x000001f5c3b3e860 JavaThread "Unconstrained build operations Thread 153" [_thread_blocked, id=70552, stack(0x0000003196300000,0x0000003196400000)]
  0x000001f5c3b42010 JavaThread "Unconstrained build operations Thread 154" [_thread_blocked, id=53112, stack(0x0000003196400000,0x0000003196500000)]
  0x000001f5c3b3ca00 JavaThread "Unconstrained build operations Thread 155" [_thread_blocked, id=67816, stack(0x0000003196500000,0x0000003196600000)]
  0x000001f5c3b3ed70 JavaThread "Unconstrained build operations Thread 156" [_thread_blocked, id=54556, stack(0x0000003196600000,0x0000003196700000)]
  0x000001f5c3b42520 JavaThread "Unconstrained build operations Thread 157" [_thread_blocked, id=63232, stack(0x0000003196700000,0x0000003196800000)]
  0x000001f5c3b3b5c0 JavaThread "Unconstrained build operations Thread 158" [_thread_blocked, id=42248, stack(0x0000003196800000,0x0000003196900000)]
  0x000001f5c3b42f40 JavaThread "Unconstrained build operations Thread 159" [_thread_blocked, id=66020, stack(0x0000003196900000,0x0000003196a00000)]
  0x000001f5c3b43450 JavaThread "Unconstrained build operations Thread 160" [_thread_blocked, id=37432, stack(0x0000003196a00000,0x0000003196b00000)]
  0x000001f5c3b43e70 JavaThread "Unconstrained build operations Thread 161" [_thread_blocked, id=52116, stack(0x0000003196b00000,0x0000003196c00000)]
  0x000001f5c3b44380 JavaThread "Unconstrained build operations Thread 162" [_thread_blocked, id=65472, stack(0x0000003196c00000,0x0000003196d00000)]
  0x000001f5c3b3cf10 JavaThread "Unconstrained build operations Thread 163" [_thread_blocked, id=56900, stack(0x0000003196d00000,0x0000003196e00000)]
  0x000001f5c3b461e0 JavaThread "Unconstrained build operations Thread 164" [_thread_blocked, id=51236, stack(0x0000003196e00000,0x0000003196f00000)]
  0x000001f5c3b44890 JavaThread "Unconstrained build operations Thread 165" [_thread_blocked, id=60396, stack(0x0000003196f00000,0x0000003197000000)]
  0x000001f5c3b44da0 JavaThread "Unconstrained build operations Thread 166" [_thread_blocked, id=38916, stack(0x0000003197000000,0x0000003197100000)]
  0x000001f5c3b45cd0 JavaThread "Unconstrained build operations Thread 167" [_thread_blocked, id=38368, stack(0x0000003197100000,0x0000003197200000)]
  0x000001f5c3b452b0 JavaThread "Unconstrained build operations Thread 168" [_thread_blocked, id=60932, stack(0x0000003197200000,0x0000003197300000)]
  0x000001f5c3b457c0 JavaThread "Unconstrained build operations Thread 169" [_thread_blocked, id=35556, stack(0x0000003197300000,0x0000003197400000)]
  0x000001f5c3b466f0 JavaThread "Unconstrained build operations Thread 170" [_thread_blocked, id=59044, stack(0x0000003197400000,0x0000003197500000)]
  0x000001f5c3b46c00 JavaThread "Unconstrained build operations Thread 171" [_thread_blocked, id=57744, stack(0x0000003197500000,0x0000003197600000)]
  0x000001f5c39e63e0 JavaThread "Unconstrained build operations Thread 172" [_thread_blocked, id=26548, stack(0x0000003197600000,0x0000003197700000)]
  0x000001f5c39e7d30 JavaThread "Unconstrained build operations Thread 173" [_thread_blocked, id=48296, stack(0x0000003197700000,0x0000003197800000)]
  0x000001f5c39e8c60 JavaThread "Unconstrained build operations Thread 174" [_thread_blocked, id=12484, stack(0x0000003197800000,0x0000003197900000)]
  0x000001f5c39e4070 JavaThread "Unconstrained build operations Thread 175" [_thread_blocked, id=49744, stack(0x0000003197900000,0x0000003197a00000)]
  0x000001f5c39ea0a0 JavaThread "Unconstrained build operations Thread 176" [_thread_blocked, id=18600, stack(0x0000003197a00000,0x0000003197b00000)]
  0x000001f5c39ea5b0 JavaThread "Unconstrained build operations Thread 177" [_thread_blocked, id=58036, stack(0x0000003197b00000,0x0000003197c00000)]
  0x000001f5c39eafd0 JavaThread "Unconstrained build operations Thread 178" [_thread_blocked, id=52392, stack(0x0000003197c00000,0x0000003197d00000)]
  0x000001f5c39eb4e0 JavaThread "Unconstrained build operations Thread 179" [_thread_blocked, id=23680, stack(0x0000003197d00000,0x0000003197e00000)]
  0x000001f5c39e68f0 JavaThread "Unconstrained build operations Thread 180" [_thread_blocked, id=24060, stack(0x0000003197e00000,0x0000003197f00000)]
  0x000001f5c39e8750 JavaThread "Unconstrained build operations Thread 181" [_thread_blocked, id=45124, stack(0x0000003197f00000,0x0000003198000000)]
  0x000001f5c39eb9f0 JavaThread "Unconstrained build operations Thread 182" [_thread_blocked, id=57868, stack(0x0000003198000000,0x0000003198100000)]
  0x000001f5c39e4580 JavaThread "Unconstrained build operations Thread 183" [_thread_blocked, id=52776, stack(0x0000003198100000,0x0000003198200000)]
  0x000001f5c39ebf00 JavaThread "Unconstrained build operations Thread 184" [_thread_blocked, id=37924, stack(0x0000003198200000,0x0000003198300000)]
  0x000001f5c39e4a90 JavaThread "Unconstrained build operations Thread 185" [_thread_blocked, id=70336, stack(0x0000003198300000,0x0000003198400000)]
  0x000001f5c39ec410 JavaThread "Unconstrained build operations Thread 186" [_thread_blocked, id=35648, stack(0x0000003198400000,0x0000003198500000)]
  0x000001f5c39ec920 JavaThread "Unconstrained build operations Thread 187" [_thread_blocked, id=61644, stack(0x0000003198500000,0x0000003198600000)]
  0x000001f5c39e6e00 JavaThread "Unconstrained build operations Thread 188" [_thread_blocked, id=53312, stack(0x0000003198600000,0x0000003198700000)]
  0x000001f5c39e54b0 JavaThread "Unconstrained build operations Thread 189" [_thread_blocked, id=46512, stack(0x0000003198700000,0x0000003198800000)]
  0x000001f5c39e59c0 JavaThread "Unconstrained build operations Thread 190" [_thread_blocked, id=72100, stack(0x0000003198800000,0x0000003198900000)]
  0x000001f5c39ed340 JavaThread "Unconstrained build operations Thread 191" [_thread_blocked, id=66776, stack(0x0000003198900000,0x0000003198a00000)]
  0x000001f5c39e5ed0 JavaThread "Unconstrained build operations Thread 192" [_thread_blocked, id=68212, stack(0x0000003198a00000,0x0000003198b00000)]
  0x000001f5c39ed850 JavaThread "Unconstrained build operations Thread 193" [_thread_blocked, id=61148, stack(0x0000003198b00000,0x0000003198c00000)]
  0x000001f5c39edd60 JavaThread "Unconstrained build operations Thread 194" [_thread_blocked, id=61564, stack(0x0000003198c00000,0x0000003198d00000)]
  0x000001f5c39ee270 JavaThread "Unconstrained build operations Thread 195" [_thread_blocked, id=63124, stack(0x0000003198d00000,0x0000003198e00000)]
  0x000001f5c39ee780 JavaThread "Unconstrained build operations Thread 196" [_thread_blocked, id=60568, stack(0x0000003198e00000,0x0000003198f00000)]
  0x000001f5c39e7310 JavaThread "Unconstrained build operations Thread 197" [_thread_blocked, id=64300, stack(0x0000003198f00000,0x0000003199000000)]
  0x000001f5c39eec90 JavaThread "Unconstrained build operations Thread 198" [_thread_blocked, id=60108, stack(0x0000003199000000,0x0000003199100000)]
  0x000001f5c39e7820 JavaThread "Unconstrained build operations Thread 199" [_thread_blocked, id=60016, stack(0x0000003199100000,0x0000003199200000)]
  0x000001f5c39f0af0 JavaThread "Unconstrained build operations Thread 200" [_thread_blocked, id=25704, stack(0x0000003199200000,0x0000003199300000)]
  0x000001f5c39f47b0 JavaThread "Unconstrained build operations Thread 201" [_thread_blocked, id=48356, stack(0x0000003199300000,0x0000003199400000)]
  0x000001f5c39f00d0 JavaThread "Unconstrained build operations Thread 202" [_thread_blocked, id=66792, stack(0x0000003199400000,0x0000003199500000)]
  0x000001f5c39f05e0 JavaThread "Unconstrained build operations Thread 203" [_thread_blocked, id=65804, stack(0x0000003199500000,0x0000003199600000)]
  0x000001f5c39f2e60 JavaThread "Unconstrained build operations Thread 204" [_thread_blocked, id=71664, stack(0x0000003199600000,0x0000003199700000)]
  0x000001f5c39f1a20 JavaThread "Unconstrained build operations Thread 205" [_thread_blocked, id=40100, stack(0x0000003199700000,0x0000003199800000)]
  0x000001f5c39f1000 JavaThread "Unconstrained build operations Thread 206" [_thread_blocked, id=46008, stack(0x0000003199800000,0x0000003199900000)]
  0x000001f5c39f1510 JavaThread "Unconstrained build operations Thread 207" [_thread_blocked, id=63944, stack(0x0000003199900000,0x0000003199a00000)]
  0x000001f5c39f2440 JavaThread "Unconstrained build operations Thread 208" [_thread_blocked, id=31260, stack(0x0000003199a00000,0x0000003199b00000)]
  0x000001f5c39f2950 JavaThread "Unconstrained build operations Thread 209" [_thread_blocked, id=8664, stack(0x0000003199b00000,0x0000003199c00000)]
  0x000001f5c39f4cc0 JavaThread "Unconstrained build operations Thread 210" [_thread_blocked, id=58828, stack(0x0000003199c00000,0x0000003199d00000)]
  0x000001f5c39f3370 JavaThread "Unconstrained build operations Thread 211" [_thread_blocked, id=40888, stack(0x0000003199d00000,0x0000003199e00000)]
  0x000001f5c39f3880 JavaThread "Unconstrained build operations Thread 212" [_thread_blocked, id=6464, stack(0x0000003199e00000,0x0000003199f00000)]
  0x000001f5c39f3d90 JavaThread "Unconstrained build operations Thread 213" [_thread_blocked, id=68368, stack(0x0000003199f00000,0x000000319a000000)]
  0x000001f5c39f42a0 JavaThread "Unconstrained build operations Thread 214" [_thread_blocked, id=37564, stack(0x000000319a000000,0x000000319a100000)]
  0x000001f5c39f51d0 JavaThread "Unconstrained build operations Thread 215" [_thread_blocked, id=6416, stack(0x000000319a100000,0x000000319a200000)]
  0x000001f5c39f56e0 JavaThread "Unconstrained build operations Thread 216" [_thread_blocked, id=20892, stack(0x000000319a200000,0x000000319a300000)]
  0x000001f5c39f6100 JavaThread "Unconstrained build operations Thread 217" [_thread_blocked, id=42364, stack(0x000000319a300000,0x000000319a400000)]
  0x000001f5c39f5bf0 JavaThread "Unconstrained build operations Thread 218" [_thread_blocked, id=21360, stack(0x000000319a400000,0x000000319a500000)]
  0x000001f5c39f6610 JavaThread "Unconstrained build operations Thread 219" [_thread_blocked, id=36772, stack(0x000000319a500000,0x000000319a600000)]
  0x000001f5c39ef1a0 JavaThread "Unconstrained build operations Thread 220" [_thread_blocked, id=10004, stack(0x000000319a600000,0x000000319a700000)]
  0x000001f5c39f6b20 JavaThread "Unconstrained build operations Thread 221" [_thread_blocked, id=47248, stack(0x000000319a700000,0x000000319a800000)]
  0x000001f5c39ef6b0 JavaThread "Unconstrained build operations Thread 222" [_thread_blocked, id=32240, stack(0x000000319a800000,0x000000319a900000)]
  0x000001f5c39f7030 JavaThread "Unconstrained build operations Thread 223" [_thread_blocked, id=44488, stack(0x000000319a900000,0x000000319aa00000)]
  0x000001f5c39efbc0 JavaThread "Unconstrained build operations Thread 224" [_thread_blocked, id=12276, stack(0x000000319aa00000,0x000000319ab00000)]
  0x000001f5c39f7540 JavaThread "Unconstrained build operations Thread 225" [_thread_blocked, id=27376, stack(0x000000319ab00000,0x000000319ac00000)]
  0x000001f5c39f7a50 JavaThread "Unconstrained build operations Thread 226" [_thread_blocked, id=38044, stack(0x000000319ac00000,0x000000319ad00000)]
  0x000001f5c39f7f60 JavaThread "Unconstrained build operations Thread 227" [_thread_blocked, id=38332, stack(0x000000319ad00000,0x000000319ae00000)]
  0x000001f5c39fa2d0 JavaThread "Unconstrained build operations Thread 228" [_thread_blocked, id=69928, stack(0x000000319ae00000,0x000000319af00000)]
  0x000001f5c39fc130 JavaThread "Unconstrained build operations Thread 229" [_thread_blocked, id=70100, stack(0x000000319af00000,0x000000319b000000)]
  0x000001f5c39fc640 JavaThread "Unconstrained build operations Thread 230" [_thread_blocked, id=57436, stack(0x000000319b000000,0x000000319b100000)]
  0x000001f5c39facf0 JavaThread "Unconstrained build operations Thread 231" [_thread_blocked, id=34932, stack(0x000000319b100000,0x000000319b200000)]
  0x000001f5c39fb200 JavaThread "Unconstrained build operations Thread 232" [_thread_blocked, id=64820, stack(0x000000319b200000,0x000000319b300000)]
  0x000001f5c39fb710 JavaThread "Unconstrained build operations Thread 233" [_thread_blocked, id=41080, stack(0x000000319b300000,0x000000319b400000)]
  0x000001f5c39fd060 JavaThread "Unconstrained build operations Thread 234" [_thread_blocked, id=31160, stack(0x000000319b400000,0x000000319b500000)]
  0x000001f5c39fe4a0 JavaThread "Unconstrained build operations Thread 235" [_thread_blocked, id=57764, stack(0x000000319b500000,0x000000319b600000)]
  0x000001f5c39f8470 JavaThread "Unconstrained build operations Thread 236" [_thread_blocked, id=54188, stack(0x000000319b600000,0x000000319b700000)]
  0x000001f5c39fcb50 JavaThread "Unconstrained build operations Thread 237" [_thread_blocked, id=6452, stack(0x000000319b700000,0x000000319b800000)]
  0x000001f5c39fd570 JavaThread "Unconstrained build operations Thread 238" [_thread_blocked, id=69568, stack(0x000000319b800000,0x000000319b900000)]
  0x000001f5c39fda80 JavaThread "Unconstrained build operations Thread 239" [_thread_blocked, id=13784, stack(0x000000319b900000,0x000000319ba00000)]
  0x000001f5c39f98b0 JavaThread "Unconstrained build operations Thread 240" [_thread_blocked, id=32904, stack(0x000000319ba00000,0x000000319bb00000)]
  0x000001f5c39f9dc0 JavaThread "Unconstrained build operations Thread 241" [_thread_blocked, id=68824, stack(0x000000319bb00000,0x000000319bc00000)]
  0x000001f5c39fe9b0 JavaThread "Unconstrained build operations Thread 242" [_thread_blocked, id=70076, stack(0x000000319bc00000,0x000000319bd00000)]
  0x000001f5c39fdf90 JavaThread "Unconstrained build operations Thread 243" [_thread_blocked, id=66072, stack(0x000000319bd00000,0x000000319be00000)]
  0x000001f5c39feec0 JavaThread "Unconstrained build operations Thread 244" [_thread_blocked, id=66328, stack(0x000000319be00000,0x000000319bf00000)]
  0x000001f5c39ff3d0 JavaThread "Unconstrained build operations Thread 245" [_thread_blocked, id=23524, stack(0x000000319bf00000,0x000000319c000000)]
  0x000001f5c39ff8e0 JavaThread "Unconstrained build operations Thread 246" [_thread_blocked, id=69344, stack(0x000000319c000000,0x000000319c100000)]
  0x000001f5c39ffdf0 JavaThread "Unconstrained build operations Thread 247" [_thread_blocked, id=26184, stack(0x000000319c100000,0x000000319c200000)]
  0x000001f5c39f8980 JavaThread "Unconstrained build operations Thread 248" [_thread_blocked, id=31200, stack(0x000000319c200000,0x000000319c300000)]
  0x000001f5c39f8e90 JavaThread "Unconstrained build operations Thread 249" [_thread_blocked, id=44796, stack(0x000000319c300000,0x000000319c400000)]
  0x000001f5c3a00810 JavaThread "Unconstrained build operations Thread 250" [_thread_blocked, id=51756, stack(0x000000319c400000,0x000000319c500000)]
  0x000001f5c39f93a0 JavaThread "Unconstrained build operations Thread 251" [_thread_blocked, id=65948, stack(0x000000319c500000,0x000000319c600000)]
  0x000001f5c3a02160 JavaThread "Unconstrained build operations Thread 252" [_thread_blocked, id=57840, stack(0x000000319c600000,0x000000319c700000)]
  0x000001f5c3a02670 JavaThread "Unconstrained build operations Thread 253" [_thread_blocked, id=25768, stack(0x000000319c700000,0x000000319c800000)]
  0x000001f5c3a00d20 JavaThread "Unconstrained build operations Thread 254" [_thread_blocked, id=68752, stack(0x000000319c800000,0x000000319c900000)]
  0x000001f5c3a01740 JavaThread "Unconstrained build operations Thread 255" [_thread_blocked, id=72412, stack(0x000000319c900000,0x000000319ca00000)]
  0x000001f5c3a03090 JavaThread "Unconstrained build operations Thread 256" [_thread_blocked, id=24368, stack(0x000000319ca00000,0x000000319cb00000)]
  0x000001f5c3a01230 JavaThread "Unconstrained build operations Thread 257" [_thread_blocked, id=53204, stack(0x000000319cb00000,0x000000319cc00000)]
  0x000001f5c3a01c50 JavaThread "Unconstrained build operations Thread 258" [_thread_blocked, id=67112, stack(0x000000319cc00000,0x000000319cd00000)]
  0x000001f5c3a02b80 JavaThread "Unconstrained build operations Thread 259" [_thread_blocked, id=56044, stack(0x000000319cd00000,0x000000319ce00000)]
  0x000001f5c3a035a0 JavaThread "Unconstrained build operations Thread 260" [_thread_blocked, id=72260, stack(0x000000319ce00000,0x000000319cf00000)]
  0x000001f5c3a03ab0 JavaThread "Unconstrained build operations Thread 261" [_thread_blocked, id=66404, stack(0x000000319cf00000,0x000000319d000000)]
  0x000001f5cf5aec30 JavaThread "Unconstrained build operations Thread 262" [_thread_blocked, id=63584, stack(0x000000319d000000,0x000000319d100000)]
  0x000001f5cf5b0a90 JavaThread "Unconstrained build operations Thread 263" [_thread_blocked, id=41072, stack(0x000000319d100000,0x000000319d200000)]
  0x000001f5cf5b14b0 JavaThread "Unconstrained build operations Thread 264" [_thread_blocked, id=69260, stack(0x000000319d200000,0x000000319d300000)]
  0x000001f5cf5ae210 JavaThread "Unconstrained build operations Thread 265" [_thread_blocked, id=14176, stack(0x000000319d300000,0x000000319d400000)]
  0x000001f5cf5b1ed0 JavaThread "Unconstrained build operations Thread 266" [_thread_blocked, id=33020, stack(0x000000319d400000,0x000000319d500000)]
  0x000001f5cf5b23e0 JavaThread "Unconstrained build operations Thread 267" [_thread_blocked, id=63212, stack(0x000000319d500000,0x000000319d600000)]
  0x000001f5cf5b2e00 JavaThread "Unconstrained build operations Thread 268" [_thread_blocked, id=68052, stack(0x000000319d600000,0x000000319d700000)]
  0x000001f5cf5b3310 JavaThread "Unconstrained build operations Thread 269" [_thread_blocked, id=57648, stack(0x000000319d700000,0x000000319d800000)]
  0x000001f5cf5b0fa0 JavaThread "Unconstrained build operations Thread 270" [_thread_blocked, id=66772, stack(0x000000319d800000,0x000000319d900000)]
  0x000001f5cf5ad7f0 JavaThread "Unconstrained build operations Thread 271" [_thread_blocked, id=46888, stack(0x000000319d900000,0x000000319da00000)]
  0x000001f5cf5b19c0 JavaThread "Unconstrained build operations Thread 272" [_thread_blocked, id=11436, stack(0x000000319da00000,0x000000319db00000)]
  0x000001f5cf5b3d30 JavaThread "Unconstrained build operations Thread 273" [_thread_blocked, id=57356, stack(0x000000319db00000,0x000000319dc00000)]
  0x000001f5cf5b0580 JavaThread "Unconstrained build operations Thread 274" [_thread_blocked, id=52708, stack(0x000000319dc00000,0x000000319dd00000)]
  0x000001f5cf5ad2e0 JavaThread "Unconstrained build operations Thread 275" [_thread_blocked, id=51512, stack(0x000000319dd00000,0x000000319de00000)]
  0x000001f5cf5b4c60 JavaThread "Unconstrained build operations Thread 276" [_thread_blocked, id=39880, stack(0x000000319de00000,0x000000319df00000)]
  0x000001f5cf5b5170 JavaThread "Unconstrained build operations Thread 277" [_thread_blocked, id=47540, stack(0x000000319df00000,0x000000319e000000)]
  0x000001f5cf5add00 JavaThread "Unconstrained build operations Thread 278" [_thread_blocked, id=48048, stack(0x000000319e000000,0x000000319e100000)]
  0x000001f5cf5b5b90 JavaThread "Unconstrained build operations Thread 279" [_thread_blocked, id=28984, stack(0x000000319e100000,0x000000319e200000)]
  0x000001f5cf5b5680 JavaThread "Unconstrained build operations Thread 280" [_thread_blocked, id=33704, stack(0x000000319e200000,0x000000319e300000)]
  0x000001f5cf5b6ac0 JavaThread "Unconstrained build operations Thread 281" [_thread_blocked, id=62416, stack(0x000000319e300000,0x000000319e400000)]
  0x000001f5cf5b60a0 JavaThread "Unconstrained build operations Thread 282" [_thread_blocked, id=63832, stack(0x000000319e400000,0x000000319e500000)]
  0x000001f5cf5afb60 JavaThread "Unconstrained build operations Thread 283" [_thread_blocked, id=71736, stack(0x000000319e500000,0x000000319e600000)]
  0x000001f5cf5b65b0 JavaThread "Unconstrained build operations Thread 284" [_thread_blocked, id=72356, stack(0x000000319e600000,0x000000319e700000)]
  0x000001f5cf5af650 JavaThread "Unconstrained build operations Thread 285" [_thread_blocked, id=2284, stack(0x000000319e700000,0x000000319e800000)]
  0x000001f5cf5bb1a0 JavaThread "Unconstrained build operations Thread 286" [_thread_blocked, id=71812, stack(0x000000319e800000,0x000000319e900000)]
  0x000001f5cf5bb6b0 JavaThread "Unconstrained build operations Thread 287" [_thread_blocked, id=60444, stack(0x000000319e900000,0x000000319ea00000)]
  0x000001f5cf5ba270 JavaThread "Unconstrained build operations Thread 288" [_thread_blocked, id=49708, stack(0x000000319ea00000,0x000000319eb00000)]
  0x000001f5cf5bd510 JavaThread "Unconstrained build operations Thread 289" [_thread_blocked, id=66952, stack(0x000000319eb00000,0x000000319ec00000)]
  0x000001f5cf5b8e30 JavaThread "Unconstrained build operations Thread 290" [_thread_blocked, id=35948, stack(0x000000319ec00000,0x000000319ed00000)]
  0x000001f5cf5bd000 JavaThread "Unconstrained build operations Thread 291" [_thread_blocked, id=53256, stack(0x000000319ed00000,0x000000319ee00000)]
  0x000001f5cf5bbbc0 JavaThread "Unconstrained build operations Thread 292" [_thread_blocked, id=72528, stack(0x000000319ee00000,0x000000319ef00000)]
  0x000001f5cf5bc0d0 JavaThread "Unconstrained build operations Thread 293" [_thread_blocked, id=2268, stack(0x000000319ef00000,0x000000319f000000)]
  0x000001f5cf5be440 JavaThread "Unconstrained build operations Thread 294" [_thread_blocked, id=38088, stack(0x000000319f000000,0x000000319f100000)]
  0x000001f5cf5bc5e0 JavaThread "Unconstrained build operations Thread 295" [_thread_blocked, id=26132, stack(0x000000319f100000,0x000000319f200000)]
  0x000001f5cf5b9850 JavaThread "Unconstrained build operations Thread 296" [_thread_blocked, id=46288, stack(0x000000319f200000,0x000000319f300000)]
  0x000001f5cf5bcaf0 JavaThread "Unconstrained build operations Thread 297" [_thread_blocked, id=27744, stack(0x000000319f300000,0x000000319f400000)]
  0x000001f5cf5bda20 JavaThread "Unconstrained build operations Thread 298" [_thread_blocked, id=49784, stack(0x000000319f400000,0x000000319f500000)]
  0x000001f5cf5b6fd0 JavaThread "Unconstrained build operations Thread 299" [_thread_blocked, id=42220, stack(0x000000319f500000,0x000000319f600000)]
  0x000001f5cf5be950 JavaThread "Unconstrained build operations Thread 300" [_thread_blocked, id=60940, stack(0x000000319f600000,0x000000319f700000)]
  0x000001f5cf5b79f0 JavaThread "Unconstrained build operations Thread 301" [_thread_blocked, id=69592, stack(0x000000319f700000,0x000000319f800000)]
  0x000001f5cf5bdf30 JavaThread "Unconstrained build operations Thread 302" [_thread_blocked, id=46932, stack(0x000000319f800000,0x000000319f900000)]
  0x000001f5cf5b74e0 JavaThread "Unconstrained build operations Thread 303" [_thread_blocked, id=66464, stack(0x000000319f900000,0x000000319fa00000)]
  0x000001f5cf5b9d60 JavaThread "Unconstrained build operations Thread 304" [_thread_blocked, id=4636, stack(0x000000319fa00000,0x000000319fb00000)]
  0x000001f5cf5bee60 JavaThread "Unconstrained build operations Thread 305" [_thread_blocked, id=66596, stack(0x000000319fb00000,0x000000319fc00000)]
  0x000001f5cf5bf370 JavaThread "Unconstrained build operations Thread 306" [_thread_blocked, id=49440, stack(0x000000319fc00000,0x000000319fd00000)]
  0x000001f5cf5b7f00 JavaThread "Unconstrained build operations Thread 307" [_thread_blocked, id=12832, stack(0x000000319fd00000,0x000000319fe00000)]
  0x000001f5cf5bf880 JavaThread "Unconstrained build operations Thread 308" [_thread_blocked, id=9848, stack(0x000000319fe00000,0x000000319ff00000)]
  0x000001f5cf5b8410 JavaThread "Unconstrained build operations Thread 309" [_thread_blocked, id=69264, stack(0x000000319ff00000,0x00000031a0000000)]
  0x000001f5cf5bfd90 JavaThread "Unconstrained build operations Thread 310" [_thread_blocked, id=58836, stack(0x00000031a0000000,0x00000031a0100000)]
  0x000001f5cf5c02a0 JavaThread "Unconstrained build operations Thread 311" [_thread_blocked, id=21132, stack(0x00000031a0100000,0x00000031a0200000)]
  0x000001f5cf5c07b0 JavaThread "Unconstrained build operations Thread 312" [_thread_blocked, id=65976, stack(0x00000031a0200000,0x00000031a0300000)]
  0x000001f5cf5c0cc0 JavaThread "Unconstrained build operations Thread 313" [_thread_blocked, id=70968, stack(0x00000031a0300000,0x00000031a0400000)]
  0x000001f5cf5c53a0 JavaThread "Unconstrained build operations Thread 314" [_thread_blocked, id=19480, stack(0x00000031a0400000,0x00000031a0500000)]
  0x000001f5cf5c2610 JavaThread "Unconstrained build operations Thread 315" [_thread_blocked, id=58780, stack(0x00000031a0500000,0x00000031a0600000)]
  0x000001f5cf5c2b20 JavaThread "Unconstrained build operations Thread 316" [_thread_blocked, id=48484, stack(0x00000031a0600000,0x00000031a0700000)]
  0x000001f5cf5c58b0 JavaThread "Unconstrained build operations Thread 317" [_thread_blocked, id=9988, stack(0x00000031a0700000,0x00000031a0800000)]
  0x000001f5cf5c3f60 JavaThread "Unconstrained build operations Thread 318" [_thread_blocked, id=41692, stack(0x00000031a0800000,0x00000031a0900000)]
  0x000001f5cf5c11d0 JavaThread "Unconstrained build operations Thread 319" [_thread_blocked, id=62532, stack(0x00000031a0900000,0x00000031a0a00000)]
  0x000001f5cf5c3a50 JavaThread "Unconstrained build operations Thread 320" [_thread_blocked, id=4312, stack(0x00000031a0a00000,0x00000031a0b00000)]
  0x000001f5cf5c6cf0 JavaThread "WorkerExecutor Queue" [_thread_blocked, id=22056, stack(0x00000031a0b00000,0x00000031a0c00000)]
=>0x000001f5cf5c3030 JavaThread "WorkerExecutor Queue Thread 2" [_thread_in_Java, id=18436, stack(0x00000031a0c00000,0x00000031a0d00000)]
  0x000001f5cf5c7200 JavaThread "WorkerExecutor Queue Thread 3" [_thread_blocked, id=69912, stack(0x00000031a0d00000,0x00000031a0e00000)]
  0x000001f5cf5c7710 JavaThread "pool-126-thread-1" [_thread_blocked, id=64732, stack(0x00000031a0e00000,0x00000031a0f00000)]
  0x000001f5cf5c8130 JavaThread "stderr" [_thread_in_native, id=60576, stack(0x00000031a0f00000,0x00000031a1000000)]
  0x000001f5cf5c4980 JavaThread "stdout" [_thread_in_native, id=57004, stack(0x00000031a1300000,0x00000031a1400000)]

Other Threads:
  0x000001f5f6a62920 VMThread "VM Thread" [stack: 0x0000003183e00000,0x0000003183f00000] [id=71572]
  0x000001f5f75bbde0 WatcherThread [stack: 0x0000003184e00000,0x0000003184f00000] [id=71580]
  0x000001f5d6d3b7c0 GCTaskThread "GC Thread#0" [stack: 0x0000003183900000,0x0000003183a00000] [id=71576]
  0x000001f5fc4f34b0 GCTaskThread "GC Thread#1" [stack: 0x0000003185100000,0x0000003185200000] [id=71608]
  0x000001f5fc4f3fb0 GCTaskThread "GC Thread#2" [stack: 0x0000003185200000,0x0000003185300000] [id=64396]
  0x000001f5fc4f47f0 GCTaskThread "GC Thread#3" [stack: 0x0000003185300000,0x0000003185400000] [id=71104]
  0x000001f5fc4f4270 GCTaskThread "GC Thread#4" [stack: 0x0000003185400000,0x0000003185500000] [id=69500]
  0x000001f5fc4f3a30 GCTaskThread "GC Thread#5" [stack: 0x0000003185500000,0x0000003185600000] [id=14780]
  0x000001f5fe6fc870 GCTaskThread "GC Thread#6" [stack: 0x0000003186a00000,0x0000003186b00000] [id=70936]
  0x000001f5fe6fb530 GCTaskThread "GC Thread#7" [stack: 0x0000003186b00000,0x0000003186c00000] [id=28424]
  0x000001f5fe6fcdf0 GCTaskThread "GC Thread#8" [stack: 0x0000003186c00000,0x0000003186d00000] [id=70956]
  0x000001f5fe6fbd70 GCTaskThread "GC Thread#9" [stack: 0x0000003186d00000,0x0000003186e00000] [id=70960]
  0x000001f5fe6fa770 GCTaskThread "GC Thread#10" [stack: 0x0000003186e00000,0x0000003186f00000] [id=70940]
  0x000001f5fe6faa30 GCTaskThread "GC Thread#11" [stack: 0x0000003186f00000,0x0000003187000000] [id=71080]
  0x000001f5fe6facf0 GCTaskThread "GC Thread#12" [stack: 0x0000003187000000,0x0000003187100000] [id=70924]
  0x000001f5fe6fc030 GCTaskThread "GC Thread#13" [stack: 0x0000003187100000,0x0000003187200000] [id=71044]
  0x000001f5fe6fd370 GCTaskThread "GC Thread#14" [stack: 0x0000003187200000,0x0000003187300000] [id=71084]
  0x000001f5fe6fd630 GCTaskThread "GC Thread#15" [stack: 0x0000003187300000,0x0000003187400000] [id=71048]
  0x000001f5fe6fd8f0 GCTaskThread "GC Thread#16" [stack: 0x0000003187400000,0x0000003187500000] [id=71076]
  0x000001f5fe6fb7f0 GCTaskThread "GC Thread#17" [stack: 0x0000003187500000,0x0000003187600000] [id=71088]
  0x000001f5fe6fc2f0 GCTaskThread "GC Thread#18" [stack: 0x0000003187600000,0x0000003187700000] [id=63352]
  0x000001f5fe6fc5b0 GCTaskThread "GC Thread#19" [stack: 0x0000003187700000,0x0000003187800000] [id=5704]
  0x000001f5fe6fcb30 GCTaskThread "GC Thread#20" [stack: 0x0000003187800000,0x0000003187900000] [id=46328]
  0x000001f5fe6fdbb0 GCTaskThread "GC Thread#21" [stack: 0x0000003187900000,0x0000003187a00000] [id=70784]
  0x000001f5fe6fde70 GCTaskThread "GC Thread#22" [stack: 0x0000003187a00000,0x0000003187b00000] [id=68348]
  0x000001f5d6d4c610 ConcurrentGCThread "G1 Main Marker" [stack: 0x0000003183a00000,0x0000003183b00000] [id=34928]
  0x000001f5d6d4cf30 ConcurrentGCThread "G1 Conc#0" [stack: 0x0000003183b00000,0x0000003183c00000] [id=71644]
  0x000001f5fe6fe130 ConcurrentGCThread "G1 Conc#1" [stack: 0x0000003187b00000,0x0000003187c00000] [id=61868]
  0x000001f5fe6fafb0 ConcurrentGCThread "G1 Conc#2" [stack: 0x0000003187c00000,0x0000003187d00000] [id=70744]
  0x000001f5fe6fb270 ConcurrentGCThread "G1 Conc#3" [stack: 0x0000003187d00000,0x0000003187e00000] [id=67596]
  0x000001f5fe8044b0 ConcurrentGCThread "G1 Conc#4" [stack: 0x0000003187e00000,0x0000003187f00000] [id=70976]
  0x000001f5fe8039b0 ConcurrentGCThread "G1 Conc#5" [stack: 0x0000003187f00000,0x0000003188000000] [id=47140]
  0x000001f5f699e8c0 ConcurrentGCThread "G1 Refine#0" [stack: 0x0000003183c00000,0x0000003183d00000] [id=71636]
  0x000001f5c11e93c0 ConcurrentGCThread "G1 Refine#1" [stack: 0x00000031a6000000,0x00000031a6100000] [id=29100]
  0x000001f5ca5a59e0 ConcurrentGCThread "G1 Refine#2" [stack: 0x0000003185b00000,0x0000003185c00000] [id=70752]
  0x000001f5c11e99a0 ConcurrentGCThread "G1 Refine#3" [stack: 0x0000003185c00000,0x0000003185d00000] [id=46592]
  0x000001f5cb4bc2d0 ConcurrentGCThread "G1 Refine#4" [stack: 0x0000003185d00000,0x0000003185e00000] [id=68876]
  0x000001f5c170d5e0 ConcurrentGCThread "G1 Refine#5" [stack: 0x0000003185e00000,0x0000003185f00000] [id=6544]
  0x000001f5c2778890 ConcurrentGCThread "G1 Refine#6" [stack: 0x0000003191000000,0x0000003191100000] [id=50380]
  0x000001f5c8c64490 ConcurrentGCThread "G1 Refine#7" [stack: 0x0000003191600000,0x0000003191700000] [id=28680]
  0x000001f5f699efa0 ConcurrentGCThread "G1 Service" [stack: 0x0000003183d00000,0x0000003183e00000] [id=23964]

Threads with active compile tasks:

VM state: not at safepoint (normal execution)

VM Mutex/Monitor currently owned by a thread: None

Heap address: 0x0000000080000000, size: 2048 MB, Compressed Oops mode: 32-bit

CDS archive(s) mapped at: [0x000001f580000000-0x000001f580bb0000-0x000001f580bb0000), size 12255232, SharedBaseAddress: 0x000001f580000000, ArchiveRelocationMode: 1.
Compressed class space mapped at: 0x000001f581000000-0x000001f5c1000000, reserved size: 1073741824
Narrow klass base: 0x000001f580000000, Narrow klass shift: 0, Narrow klass range: 0x100000000

GC Precious Log:
 CPUs: 32 total, 32 available
 Memory: 16088M
 Large Page Support: Disabled
 NUMA Support: Disabled
 Compressed Oops: Enabled (32-bit)
 Heap Region Size: 1M
 Heap Min Capacity: 8M
 Heap Initial Capacity: 252M
 Heap Max Capacity: 2G
 Pre-touch: Disabled
 Parallel Workers: 23
 Concurrent Workers: 6
 Concurrent Refinement Workers: 23
 Periodic GC: Disabled

Heap:
 garbage-first heap   total 785408K, used 591670K [0x0000000080000000, 0x0000000100000000)
  region size 1024K, 311 young (318464K), 10 survivors (10240K)
 Metaspace       used 158131K, committed 160448K, reserved 1245184K
  class space    used 22015K, committed 23168K, reserved 1048576K

Heap Regions: E=young(eden), S=young(survivor), O=old, HS=humongous(starts), HC=humongous(continues), CS=collection set, F=free, OA=open archive, CA=closed archive, TAMS=top-at-mark-start (previous, next)
|   0|0x0000000080000000, 0x0000000080100000, 0x0000000080100000|100%|HS|  |TAMS 0x0000000080100000, 0x0000000080000000| Complete 
|   1|0x0000000080100000, 0x0000000080200000, 0x0000000080200000|100%|HC|  |TAMS 0x0000000080200000, 0x0000000080100000| Complete 
|   2|0x0000000080200000, 0x0000000080300000, 0x0000000080300000|100%|HC|  |TAMS 0x0000000080300000, 0x0000000080200000| Complete 
|   3|0x0000000080300000, 0x0000000080400000, 0x0000000080400000|100%|HC|  |TAMS 0x0000000080400000, 0x0000000080300000| Complete 
|   4|0x0000000080400000, 0x0000000080500000, 0x0000000080500000|100%| O|  |TAMS 0x0000000080500000, 0x0000000080400000| Untracked 
|   5|0x0000000080500000, 0x0000000080600000, 0x0000000080600000|100%| O|  |TAMS 0x0000000080600000, 0x0000000080500000| Untracked 
|   6|0x0000000080600000, 0x0000000080700000, 0x0000000080700000|100%| O|  |TAMS 0x0000000080700000, 0x0000000080600000| Untracked 
|   7|0x0000000080700000, 0x0000000080800000, 0x0000000080800000|100%| O|  |TAMS 0x0000000080800000, 0x0000000080700000| Untracked 
|   8|0x0000000080800000, 0x0000000080900000, 0x0000000080900000|100%| O|  |TAMS 0x0000000080900000, 0x0000000080800000| Untracked 
|   9|0x0000000080900000, 0x0000000080a00000, 0x0000000080a00000|100%| O|  |TAMS 0x0000000080a00000, 0x0000000080900000| Untracked 
|  10|0x0000000080a00000, 0x0000000080b00000, 0x0000000080b00000|100%|HS|  |TAMS 0x0000000080b00000, 0x0000000080a00000| Complete 
|  11|0x0000000080b00000, 0x0000000080c00000, 0x0000000080c00000|100%| O|  |TAMS 0x0000000080c00000, 0x0000000080b00000| Untracked 
|  12|0x0000000080c00000, 0x0000000080d00000, 0x0000000080d00000|100%| O|  |TAMS 0x0000000080d00000, 0x0000000080c00000| Untracked 
|  13|0x0000000080d00000, 0x0000000080e00000, 0x0000000080e00000|100%| O|  |TAMS 0x0000000080e00000, 0x0000000080d00000| Untracked 
|  14|0x0000000080e00000, 0x0000000080f00000, 0x0000000080f00000|100%| O|  |TAMS 0x0000000080f00000, 0x0000000080e00000| Untracked 
|  15|0x0000000080f00000, 0x0000000081000000, 0x0000000081000000|100%| O|  |TAMS 0x0000000081000000, 0x0000000080f00000| Untracked 
|  16|0x0000000081000000, 0x0000000081100000, 0x0000000081100000|100%| O|  |TAMS 0x0000000081100000, 0x0000000081000000| Untracked 
|  17|0x0000000081100000, 0x0000000081200000, 0x0000000081200000|100%| O|  |TAMS 0x0000000081200000, 0x0000000081100000| Untracked 
|  18|0x0000000081200000, 0x0000000081300000, 0x0000000081300000|100%| O|  |TAMS 0x0000000081300000, 0x0000000081200000| Untracked 
|  19|0x0000000081300000, 0x0000000081400000, 0x0000000081400000|100%| O|  |TAMS 0x0000000081400000, 0x0000000081300000| Untracked 
|  20|0x0000000081400000, 0x0000000081500000, 0x0000000081500000|100%| O|  |TAMS 0x0000000081500000, 0x0000000081400000| Untracked 
|  21|0x0000000081500000, 0x0000000081600000, 0x0000000081600000|100%| O|  |TAMS 0x0000000081600000, 0x0000000081500000| Untracked 
|  22|0x0000000081600000, 0x0000000081700000, 0x0000000081700000|100%| O|  |TAMS 0x0000000081700000, 0x0000000081600000| Untracked 
|  23|0x0000000081700000, 0x0000000081800000, 0x0000000081800000|100%| O|  |TAMS 0x0000000081800000, 0x0000000081700000| Untracked 
|  24|0x0000000081800000, 0x0000000081900000, 0x0000000081900000|100%| O|  |TAMS 0x0000000081900000, 0x0000000081800000| Untracked 
|  25|0x0000000081900000, 0x0000000081a00000, 0x0000000081a00000|100%| O|  |TAMS 0x0000000081a00000, 0x0000000081900000| Untracked 
|  26|0x0000000081a00000, 0x0000000081b00000, 0x0000000081b00000|100%| O|  |TAMS 0x0000000081b00000, 0x0000000081a00000| Untracked 
|  27|0x0000000081b00000, 0x0000000081c00000, 0x0000000081c00000|100%| O|  |TAMS 0x0000000081c00000, 0x0000000081b00000| Untracked 
|  28|0x0000000081c00000, 0x0000000081d00000, 0x0000000081d00000|100%| O|  |TAMS 0x0000000081d00000, 0x0000000081c00000| Untracked 
|  29|0x0000000081d00000, 0x0000000081e00000, 0x0000000081e00000|100%| O|  |TAMS 0x0000000081e00000, 0x0000000081d00000| Untracked 
|  30|0x0000000081e00000, 0x0000000081f00000, 0x0000000081f00000|100%| O|  |TAMS 0x0000000081f00000, 0x0000000081e00000| Untracked 
|  31|0x0000000081f00000, 0x0000000082000000, 0x0000000082000000|100%|HS|  |TAMS 0x0000000082000000, 0x0000000081f00000| Complete 
|  32|0x0000000082000000, 0x0000000082100000, 0x0000000082100000|100%|HC|  |TAMS 0x0000000082100000, 0x0000000082000000| Complete 
|  33|0x0000000082100000, 0x0000000082200000, 0x0000000082200000|100%|HS|  |TAMS 0x0000000082200000, 0x0000000082100000| Complete 
|  34|0x0000000082200000, 0x0000000082300000, 0x0000000082300000|100%|HS|  |TAMS 0x0000000082300000, 0x0000000082200000| Complete 
|  35|0x0000000082300000, 0x0000000082400000, 0x0000000082400000|100%|HS|  |TAMS 0x0000000082400000, 0x0000000082300000| Complete 
|  36|0x0000000082400000, 0x0000000082500000, 0x0000000082500000|100%|HC|  |TAMS 0x0000000082500000, 0x0000000082400000| Complete 
|  37|0x0000000082500000, 0x0000000082600000, 0x0000000082600000|100%|HC|  |TAMS 0x0000000082600000, 0x0000000082500000| Complete 
|  38|0x0000000082600000, 0x0000000082700000, 0x0000000082700000|100%|HC|  |TAMS 0x0000000082700000, 0x0000000082600000| Complete 
|  39|0x0000000082700000, 0x0000000082800000, 0x0000000082800000|100%| O|  |TAMS 0x0000000082800000, 0x0000000082700000| Untracked 
|  40|0x0000000082800000, 0x0000000082900000, 0x0000000082900000|100%| O|  |TAMS 0x0000000082900000, 0x0000000082800000| Untracked 
|  41|0x0000000082900000, 0x0000000082a00000, 0x0000000082a00000|100%| O|  |TAMS 0x0000000082a00000, 0x0000000082900000| Untracked 
|  42|0x0000000082a00000, 0x0000000082b00000, 0x0000000082b00000|100%| O|  |TAMS 0x0000000082b00000, 0x0000000082a00000| Untracked 
|  43|0x0000000082b00000, 0x0000000082c00000, 0x0000000082c00000|100%| O|  |TAMS 0x0000000082c00000, 0x0000000082b00000| Untracked 
|  44|0x0000000082c00000, 0x0000000082d00000, 0x0000000082d00000|100%| O|  |TAMS 0x0000000082d00000, 0x0000000082c00000| Untracked 
|  45|0x0000000082d00000, 0x0000000082e00000, 0x0000000082e00000|100%| O|  |TAMS 0x0000000082e00000, 0x0000000082d00000| Complete 
|  46|0x0000000082e00000, 0x0000000082f00000, 0x0000000082f00000|100%| O|  |TAMS 0x0000000082f00000, 0x0000000082e00000| Untracked 
|  47|0x0000000082f00000, 0x0000000083000000, 0x0000000083000000|100%| O|  |TAMS 0x0000000083000000, 0x0000000082f00000| Untracked 
|  48|0x0000000083000000, 0x0000000083100000, 0x0000000083100000|100%| O|  |TAMS 0x0000000083100000, 0x0000000083000000| Untracked 
|  49|0x0000000083100000, 0x0000000083200000, 0x0000000083200000|100%| O|  |TAMS 0x0000000083200000, 0x0000000083100000| Complete 
|  50|0x0000000083200000, 0x0000000083300000, 0x0000000083300000|100%| O|  |TAMS 0x0000000083300000, 0x0000000083200000| Untracked 
|  51|0x0000000083300000, 0x0000000083400000, 0x0000000083400000|100%| O|  |TAMS 0x0000000083400000, 0x0000000083300000| Untracked 
|  52|0x0000000083400000, 0x0000000083500000, 0x0000000083500000|100%| O|  |TAMS 0x0000000083500000, 0x0000000083400000| Untracked 
|  53|0x0000000083500000, 0x0000000083600000, 0x0000000083600000|100%| O|  |TAMS 0x0000000083600000, 0x0000000083500000| Untracked 
|  54|0x0000000083600000, 0x0000000083700000, 0x0000000083700000|100%| O|  |TAMS 0x0000000083700000, 0x0000000083600000| Untracked 
|  55|0x0000000083700000, 0x0000000083800000, 0x0000000083800000|100%| O|  |TAMS 0x0000000083800000, 0x0000000083700000| Untracked 
|  56|0x0000000083800000, 0x0000000083900000, 0x0000000083900000|100%| O|  |TAMS 0x0000000083900000, 0x0000000083800000| Untracked 
|  57|0x0000000083900000, 0x0000000083a00000, 0x0000000083a00000|100%| O|  |TAMS 0x0000000083a00000, 0x0000000083900000| Untracked 
|  58|0x0000000083a00000, 0x0000000083b00000, 0x0000000083b00000|100%| O|  |TAMS 0x0000000083b00000, 0x0000000083a00000| Untracked 
|  59|0x0000000083b00000, 0x0000000083c00000, 0x0000000083c00000|100%| O|  |TAMS 0x0000000083c00000, 0x0000000083b00000| Untracked 
|  60|0x0000000083c00000, 0x0000000083d00000, 0x0000000083d00000|100%| O|  |TAMS 0x0000000083d00000, 0x0000000083c00000| Untracked 
|  61|0x0000000083d00000, 0x0000000083e00000, 0x0000000083e00000|100%| O|  |TAMS 0x0000000083e00000, 0x0000000083d00000| Untracked 
|  62|0x0000000083e00000, 0x0000000083f00000, 0x0000000083f00000|100%| O|  |TAMS 0x0000000083f00000, 0x0000000083e00000| Untracked 
|  63|0x0000000083f00000, 0x0000000084000000, 0x0000000084000000|100%| O|  |TAMS 0x0000000084000000, 0x0000000083f00000| Untracked 
|  64|0x0000000084000000, 0x0000000084100000, 0x0000000084100000|100%|HS|  |TAMS 0x0000000084000000, 0x0000000084000000| Complete 
|  65|0x0000000084100000, 0x0000000084200000, 0x0000000084200000|100%|HS|  |TAMS 0x0000000084100000, 0x0000000084100000| Complete 
|  66|0x0000000084200000, 0x0000000084300000, 0x0000000084300000|100%| O|  |TAMS 0x0000000084300000, 0x0000000084200000| Untracked 
|  67|0x0000000084300000, 0x0000000084400000, 0x0000000084400000|100%| O|  |TAMS 0x0000000084400000, 0x0000000084300000| Untracked 
|  68|0x0000000084400000, 0x0000000084500000, 0x0000000084500000|100%| O|  |TAMS 0x0000000084500000, 0x0000000084400000| Untracked 
|  69|0x0000000084500000, 0x0000000084600000, 0x0000000084600000|100%| O|  |TAMS 0x0000000084600000, 0x0000000084500000| Untracked 
|  70|0x0000000084600000, 0x0000000084700000, 0x0000000084700000|100%| O|  |TAMS 0x0000000084700000, 0x0000000084600000| Untracked 
|  71|0x0000000084700000, 0x0000000084800000, 0x0000000084800000|100%| O|  |TAMS 0x0000000084800000, 0x0000000084700000| Untracked 
|  72|0x0000000084800000, 0x0000000084800000, 0x0000000084900000|  0%| F|  |TAMS 0x0000000084800000, 0x0000000084800000| Untracked 
|  73|0x0000000084900000, 0x0000000084a00000, 0x0000000084a00000|100%| O|  |TAMS 0x0000000084a00000, 0x0000000084900000| Untracked 
|  74|0x0000000084a00000, 0x0000000084b00000, 0x0000000084b00000|100%| O|  |TAMS 0x0000000084b00000, 0x0000000084a00000| Untracked 
|  75|0x0000000084b00000, 0x0000000084bf8000, 0x0000000084c00000| 96%| O|  |TAMS 0x0000000084bf8000, 0x0000000084b00000| Untracked 
|  76|0x0000000084c00000, 0x0000000084d00000, 0x0000000084d00000|100%| O|  |TAMS 0x0000000084d00000, 0x0000000084c00000| Untracked 
|  77|0x0000000084d00000, 0x0000000084e00000, 0x0000000084e00000|100%| O|  |TAMS 0x0000000084e00000, 0x0000000084d00000| Untracked 
|  78|0x0000000084e00000, 0x0000000084f00000, 0x0000000084f00000|100%| O|  |TAMS 0x0000000084f00000, 0x0000000084e00000| Untracked 
|  79|0x0000000084f00000, 0x0000000085000000, 0x0000000085000000|100%|HS|  |TAMS 0x0000000084f00000, 0x0000000084f00000| Complete 
|  80|0x0000000085000000, 0x0000000085100000, 0x0000000085100000|100%|HC|  |TAMS 0x0000000085000000, 0x0000000085000000| Complete 
|  81|0x0000000085100000, 0x0000000085200000, 0x0000000085200000|100%| O|  |TAMS 0x0000000085200000, 0x0000000085100000| Untracked 
|  82|0x0000000085200000, 0x0000000085300000, 0x0000000085300000|100%| O|  |TAMS 0x0000000085300000, 0x0000000085200000| Untracked 
|  83|0x0000000085300000, 0x0000000085400000, 0x0000000085400000|100%| O|  |TAMS 0x0000000085400000, 0x0000000085300000| Untracked 
|  84|0x0000000085400000, 0x0000000085500000, 0x0000000085500000|100%| O|  |TAMS 0x0000000085500000, 0x0000000085400000| Untracked 
|  85|0x0000000085500000, 0x0000000085600000, 0x0000000085600000|100%| O|  |TAMS 0x0000000085600000, 0x0000000085500000| Untracked 
|  86|0x0000000085600000, 0x0000000085700000, 0x0000000085700000|100%| O|  |TAMS 0x0000000085700000, 0x0000000085600000| Untracked 
|  87|0x0000000085700000, 0x0000000085800000, 0x0000000085800000|100%| O|  |TAMS 0x0000000085800000, 0x0000000085700000| Untracked 
|  88|0x0000000085800000, 0x0000000085900000, 0x0000000085900000|100%| O|  |TAMS 0x0000000085900000, 0x0000000085800000| Untracked 
|  89|0x0000000085900000, 0x0000000085a00000, 0x0000000085a00000|100%| O|  |TAMS 0x0000000085a00000, 0x0000000085900000| Untracked 
|  90|0x0000000085a00000, 0x0000000085b00000, 0x0000000085b00000|100%| O|  |TAMS 0x0000000085b00000, 0x0000000085a00000| Untracked 
|  91|0x0000000085b00000, 0x0000000085c00000, 0x0000000085c00000|100%| O|  |TAMS 0x0000000085c00000, 0x0000000085b00000| Untracked 
|  92|0x0000000085c00000, 0x0000000085d00000, 0x0000000085d00000|100%| O|  |TAMS 0x0000000085d00000, 0x0000000085c00000| Untracked 
|  93|0x0000000085d00000, 0x0000000085e00000, 0x0000000085e00000|100%| O|  |TAMS 0x0000000085e00000, 0x0000000085d00000| Untracked 
|  94|0x0000000085e00000, 0x0000000085f00000, 0x0000000085f00000|100%| O|  |TAMS 0x0000000085f00000, 0x0000000085e00000| Untracked 
|  95|0x0000000085f00000, 0x0000000086000000, 0x0000000086000000|100%| O|  |TAMS 0x0000000086000000, 0x0000000085f00000| Untracked 
|  96|0x0000000086000000, 0x0000000086100000, 0x0000000086100000|100%| O|  |TAMS 0x0000000086100000, 0x0000000086000000| Complete 
|  97|0x0000000086100000, 0x0000000086200000, 0x0000000086200000|100%| O|  |TAMS 0x0000000086200000, 0x0000000086100000| Untracked 
|  98|0x0000000086200000, 0x0000000086300000, 0x0000000086300000|100%| O|  |TAMS 0x0000000086300000, 0x0000000086200000| Untracked 
|  99|0x0000000086300000, 0x0000000086400000, 0x0000000086400000|100%| O|  |TAMS 0x0000000086400000, 0x0000000086300000| Untracked 
| 100|0x0000000086400000, 0x0000000086400000, 0x0000000086500000|  0%| F|  |TAMS 0x0000000086400000, 0x0000000086400000| Untracked 
| 101|0x0000000086500000, 0x0000000086600000, 0x0000000086600000|100%| O|  |TAMS 0x0000000086600000, 0x0000000086500000| Complete 
| 102|0x0000000086600000, 0x0000000086700000, 0x0000000086700000|100%| O|  |TAMS 0x0000000086700000, 0x0000000086600000| Untracked 
| 103|0x0000000086700000, 0x0000000086800000, 0x0000000086800000|100%| O|  |TAMS 0x0000000086800000, 0x0000000086700000| Complete 
| 104|0x0000000086800000, 0x0000000086900000, 0x0000000086900000|100%| O|  |TAMS 0x0000000086900000, 0x0000000086800000| Untracked 
| 105|0x0000000086900000, 0x0000000086a00000, 0x0000000086a00000|100%| O|  |TAMS 0x0000000086a00000, 0x0000000086900000| Untracked 
| 106|0x0000000086a00000, 0x0000000086b00000, 0x0000000086b00000|100%| O|  |TAMS 0x0000000086b00000, 0x0000000086a00000| Untracked 
| 107|0x0000000086b00000, 0x0000000086c00000, 0x0000000086c00000|100%| O|  |TAMS 0x0000000086c00000, 0x0000000086b00000| Untracked 
| 108|0x0000000086c00000, 0x0000000086d00000, 0x0000000086d00000|100%| O|  |TAMS 0x0000000086d00000, 0x0000000086c00000| Untracked 
| 109|0x0000000086d00000, 0x0000000086e00000, 0x0000000086e00000|100%| O|  |TAMS 0x0000000086e00000, 0x0000000086d00000| Untracked 
| 110|0x0000000086e00000, 0x0000000086f00000, 0x0000000086f00000|100%| O|  |TAMS 0x0000000086f00000, 0x0000000086e00000| Complete 
| 111|0x0000000086f00000, 0x0000000087000000, 0x0000000087000000|100%| O|  |TAMS 0x0000000087000000, 0x0000000086f00000| Untracked 
| 112|0x0000000087000000, 0x0000000087100000, 0x0000000087100000|100%| O|  |TAMS 0x0000000087100000, 0x0000000087000000| Untracked 
| 113|0x0000000087100000, 0x0000000087200000, 0x0000000087200000|100%| O|  |TAMS 0x0000000087200000, 0x0000000087100000| Complete 
| 114|0x0000000087200000, 0x0000000087300000, 0x0000000087300000|100%| O|  |TAMS 0x0000000087300000, 0x0000000087200000| Untracked 
| 115|0x0000000087300000, 0x0000000087400000, 0x0000000087400000|100%| O|  |TAMS 0x0000000087400000, 0x0000000087300000| Complete 
| 116|0x0000000087400000, 0x0000000087500000, 0x0000000087500000|100%| O|  |TAMS 0x0000000087500000, 0x0000000087400000| Untracked 
| 117|0x0000000087500000, 0x0000000087600000, 0x0000000087600000|100%| O|  |TAMS 0x0000000087600000, 0x0000000087500000| Untracked 
| 118|0x0000000087600000, 0x0000000087700000, 0x0000000087700000|100%| O|  |TAMS 0x0000000087700000, 0x0000000087600000| Complete 
| 119|0x0000000087700000, 0x0000000087800000, 0x0000000087800000|100%| O|  |TAMS 0x0000000087800000, 0x0000000087700000| Complete 
| 120|0x0000000087800000, 0x0000000087900000, 0x0000000087900000|100%| O|  |TAMS 0x0000000087900000, 0x0000000087800000| Complete 
| 121|0x0000000087900000, 0x0000000087a00000, 0x0000000087a00000|100%| O|  |TAMS 0x0000000087a00000, 0x0000000087900000| Complete 
| 122|0x0000000087a00000, 0x0000000087b00000, 0x0000000087b00000|100%| O|  |TAMS 0x0000000087b00000, 0x0000000087a00000| Untracked 
| 123|0x0000000087b00000, 0x0000000087c00000, 0x0000000087c00000|100%| O|  |TAMS 0x0000000087c00000, 0x0000000087b00000| Untracked 
| 124|0x0000000087c00000, 0x0000000087d00000, 0x0000000087d00000|100%| O|  |TAMS 0x0000000087d00000, 0x0000000087c00000| Untracked 
| 125|0x0000000087d00000, 0x0000000087e00000, 0x0000000087e00000|100%| O|  |TAMS 0x0000000087e00000, 0x0000000087d00000| Complete 
| 126|0x0000000087e00000, 0x0000000087f00000, 0x0000000087f00000|100%| O|  |TAMS 0x0000000087f00000, 0x0000000087e00000| Untracked 
| 127|0x0000000087f00000, 0x0000000088000000, 0x0000000088000000|100%| O|  |TAMS 0x0000000088000000, 0x0000000087f00000| Untracked 
| 128|0x0000000088000000, 0x0000000088100000, 0x0000000088100000|100%| O|  |TAMS 0x0000000088100000, 0x0000000088000000| Untracked 
| 129|0x0000000088100000, 0x0000000088200000, 0x0000000088200000|100%| O|  |TAMS 0x0000000088200000, 0x0000000088100000| Untracked 
| 130|0x0000000088200000, 0x0000000088300000, 0x0000000088300000|100%| O|  |TAMS 0x0000000088300000, 0x0000000088200000| Untracked 
| 131|0x0000000088300000, 0x0000000088400000, 0x0000000088400000|100%| O|  |TAMS 0x0000000088400000, 0x0000000088300000| Untracked 
| 132|0x0000000088400000, 0x0000000088500000, 0x0000000088500000|100%| O|  |TAMS 0x0000000088500000, 0x0000000088400000| Untracked 
| 133|0x0000000088500000, 0x0000000088600000, 0x0000000088600000|100%| O|  |TAMS 0x0000000088600000, 0x0000000088500000| Untracked 
| 134|0x0000000088600000, 0x0000000088700000, 0x0000000088700000|100%| O|  |TAMS 0x0000000088700000, 0x0000000088600000| Untracked 
| 135|0x0000000088700000, 0x0000000088800000, 0x0000000088800000|100%| O|  |TAMS 0x0000000088800000, 0x0000000088700000| Untracked 
| 136|0x0000000088800000, 0x0000000088900000, 0x0000000088900000|100%| O|  |TAMS 0x0000000088900000, 0x0000000088800000| Untracked 
| 137|0x0000000088900000, 0x0000000088a00000, 0x0000000088a00000|100%| O|  |TAMS 0x0000000088a00000, 0x0000000088900000| Untracked 
| 138|0x0000000088a00000, 0x0000000088b00000, 0x0000000088b00000|100%| O|  |TAMS 0x0000000088b00000, 0x0000000088a00000| Untracked 
| 139|0x0000000088b00000, 0x0000000088c00000, 0x0000000088c00000|100%| O|  |TAMS 0x0000000088c00000, 0x0000000088b00000| Untracked 
| 140|0x0000000088c00000, 0x0000000088d00000, 0x0000000088d00000|100%| O|  |TAMS 0x0000000088d00000, 0x0000000088c00000| Untracked 
| 141|0x0000000088d00000, 0x0000000088e00000, 0x0000000088e00000|100%| O|  |TAMS 0x0000000088e00000, 0x0000000088d00000| Untracked 
| 142|0x0000000088e00000, 0x0000000088f00000, 0x0000000088f00000|100%| O|  |TAMS 0x0000000088f00000, 0x0000000088e00000| Untracked 
| 143|0x0000000088f00000, 0x0000000089000000, 0x0000000089000000|100%| O|  |TAMS 0x0000000089000000, 0x0000000088f00000| Untracked 
| 144|0x0000000089000000, 0x0000000089100000, 0x0000000089100000|100%| O|  |TAMS 0x0000000089100000, 0x0000000089000000| Complete 
| 145|0x0000000089100000, 0x0000000089200000, 0x0000000089200000|100%| O|  |TAMS 0x0000000089200000, 0x0000000089100000| Untracked 
| 146|0x0000000089200000, 0x0000000089300000, 0x0000000089300000|100%| O|  |TAMS 0x0000000089300000, 0x0000000089200000| Untracked 
| 147|0x0000000089300000, 0x0000000089400000, 0x0000000089400000|100%| O|  |TAMS 0x0000000089400000, 0x0000000089300000| Untracked 
| 148|0x0000000089400000, 0x0000000089500000, 0x0000000089500000|100%| O|  |TAMS 0x0000000089500000, 0x0000000089400000| Untracked 
| 149|0x0000000089500000, 0x0000000089600000, 0x0000000089600000|100%| O|  |TAMS 0x0000000089600000, 0x0000000089500000| Untracked 
| 150|0x0000000089600000, 0x0000000089700000, 0x0000000089700000|100%| O|  |TAMS 0x0000000089700000, 0x0000000089600000| Untracked 
| 151|0x0000000089700000, 0x0000000089800000, 0x0000000089800000|100%| O|  |TAMS 0x0000000089800000, 0x0000000089700000| Untracked 
| 152|0x0000000089800000, 0x0000000089900000, 0x0000000089900000|100%| O|  |TAMS 0x0000000089900000, 0x0000000089800000| Complete 
| 153|0x0000000089900000, 0x0000000089a00000, 0x0000000089a00000|100%| O|  |TAMS 0x0000000089a00000, 0x0000000089900000| Untracked 
| 154|0x0000000089a00000, 0x0000000089b00000, 0x0000000089b00000|100%| O|  |TAMS 0x0000000089b00000, 0x0000000089a00000| Untracked 
| 155|0x0000000089b00000, 0x0000000089c00000, 0x0000000089c00000|100%|HS|  |TAMS 0x0000000089b00000, 0x0000000089b00000| Complete 
| 156|0x0000000089c00000, 0x0000000089d00000, 0x0000000089d00000|100%|HC|  |TAMS 0x0000000089c00000, 0x0000000089c00000| Complete 
| 157|0x0000000089d00000, 0x0000000089e00000, 0x0000000089e00000|100%| O|  |TAMS 0x0000000089e00000, 0x0000000089d00000| Untracked 
| 158|0x0000000089e00000, 0x0000000089f00000, 0x0000000089f00000|100%| O|  |TAMS 0x0000000089f00000, 0x0000000089e00000| Untracked 
| 159|0x0000000089f00000, 0x000000008a000000, 0x000000008a000000|100%| O|  |TAMS 0x000000008a000000, 0x0000000089f00000| Untracked 
| 160|0x000000008a000000, 0x000000008a100000, 0x000000008a100000|100%| O|  |TAMS 0x000000008a100000, 0x000000008a000000| Untracked 
| 161|0x000000008a100000, 0x000000008a200000, 0x000000008a200000|100%| O|  |TAMS 0x000000008a200000, 0x000000008a100000| Untracked 
| 162|0x000000008a200000, 0x000000008a300000, 0x000000008a300000|100%| O|  |TAMS 0x000000008a300000, 0x000000008a200000| Untracked 
| 163|0x000000008a300000, 0x000000008a400000, 0x000000008a400000|100%| O|  |TAMS 0x000000008a400000, 0x000000008a300000| Untracked 
| 164|0x000000008a400000, 0x000000008a500000, 0x000000008a500000|100%| O|  |TAMS 0x000000008a500000, 0x000000008a400000| Untracked 
| 165|0x000000008a500000, 0x000000008a500000, 0x000000008a600000|  0%| F|  |TAMS 0x000000008a500000, 0x000000008a500000| Untracked 
| 166|0x000000008a600000, 0x000000008a700000, 0x000000008a700000|100%| O|  |TAMS 0x000000008a700000, 0x000000008a600000| Untracked 
| 167|0x000000008a700000, 0x000000008a800000, 0x000000008a800000|100%| O|  |TAMS 0x000000008a800000, 0x000000008a700000| Untracked 
| 168|0x000000008a800000, 0x000000008a900000, 0x000000008a900000|100%| O|  |TAMS 0x000000008a900000, 0x000000008a800000| Untracked 
| 169|0x000000008a900000, 0x000000008a900000, 0x000000008aa00000|  0%| F|  |TAMS 0x000000008a900000, 0x000000008a900000| Untracked 
| 170|0x000000008aa00000, 0x000000008ab00000, 0x000000008ab00000|100%| O|  |TAMS 0x000000008ab00000, 0x000000008aa00000| Untracked 
| 171|0x000000008ab00000, 0x000000008ac00000, 0x000000008ac00000|100%| O|  |TAMS 0x000000008ac00000, 0x000000008ab00000| Untracked 
| 172|0x000000008ac00000, 0x000000008ad00000, 0x000000008ad00000|100%| O|  |TAMS 0x000000008ad00000, 0x000000008ac00000| Untracked 
| 173|0x000000008ad00000, 0x000000008ae00000, 0x000000008ae00000|100%| O|  |TAMS 0x000000008ae00000, 0x000000008ad00000| Untracked 
| 174|0x000000008ae00000, 0x000000008af00000, 0x000000008af00000|100%| O|  |TAMS 0x000000008af00000, 0x000000008ae00000| Untracked 
| 175|0x000000008af00000, 0x000000008b000000, 0x000000008b000000|100%| O|  |TAMS 0x000000008b000000, 0x000000008af00000| Untracked 
| 176|0x000000008b000000, 0x000000008b100000, 0x000000008b100000|100%| O|  |TAMS 0x000000008b100000, 0x000000008b000000| Untracked 
| 177|0x000000008b100000, 0x000000008b200000, 0x000000008b200000|100%| O|  |TAMS 0x000000008b200000, 0x000000008b100000| Complete 
| 178|0x000000008b200000, 0x000000008b300000, 0x000000008b300000|100%| O|  |TAMS 0x000000008b300000, 0x000000008b200000| Untracked 
| 179|0x000000008b300000, 0x000000008b400000, 0x000000008b400000|100%| O|  |TAMS 0x000000008b400000, 0x000000008b300000| Complete 
| 180|0x000000008b400000, 0x000000008b500000, 0x000000008b500000|100%| O|  |TAMS 0x000000008b500000, 0x000000008b400000| Complete 
| 181|0x000000008b500000, 0x000000008b600000, 0x000000008b600000|100%| O|  |TAMS 0x000000008b600000, 0x000000008b500000| Complete 
| 182|0x000000008b600000, 0x000000008b700000, 0x000000008b700000|100%| O|  |TAMS 0x000000008b700000, 0x000000008b600000| Complete 
| 183|0x000000008b700000, 0x000000008b800000, 0x000000008b800000|100%| O|  |TAMS 0x000000008b800000, 0x000000008b700000| Complete 
| 184|0x000000008b800000, 0x000000008b900000, 0x000000008b900000|100%| O|  |TAMS 0x000000008b900000, 0x000000008b800000| Untracked 
| 185|0x000000008b900000, 0x000000008b900000, 0x000000008ba00000|  0%| F|  |TAMS 0x000000008b900000, 0x000000008b900000| Untracked 
| 186|0x000000008ba00000, 0x000000008bb00000, 0x000000008bb00000|100%| O|  |TAMS 0x000000008bb00000, 0x000000008ba00000| Complete 
| 187|0x000000008bb00000, 0x000000008bc00000, 0x000000008bc00000|100%| O|  |TAMS 0x000000008bc00000, 0x000000008bb00000| Untracked 
| 188|0x000000008bc00000, 0x000000008bd00000, 0x000000008bd00000|100%| O|  |TAMS 0x000000008bd00000, 0x000000008bc00000| Complete 
| 189|0x000000008bd00000, 0x000000008bd00000, 0x000000008be00000|  0%| F|  |TAMS 0x000000008bd00000, 0x000000008bd00000| Untracked 
| 190|0x000000008be00000, 0x000000008bf00000, 0x000000008bf00000|100%| O|  |TAMS 0x000000008bf00000, 0x000000008be00000| Untracked 
| 191|0x000000008bf00000, 0x000000008c000000, 0x000000008c000000|100%| O|  |TAMS 0x000000008c000000, 0x000000008bf00000| Untracked 
| 192|0x000000008c000000, 0x000000008c100000, 0x000000008c100000|100%| O|  |TAMS 0x000000008c100000, 0x000000008c000000| Untracked 
| 193|0x000000008c100000, 0x000000008c200000, 0x000000008c200000|100%| O|  |TAMS 0x000000008c200000, 0x000000008c100000| Untracked 
| 194|0x000000008c200000, 0x000000008c300000, 0x000000008c300000|100%| O|  |TAMS 0x000000008c300000, 0x000000008c200000| Untracked 
| 195|0x000000008c300000, 0x000000008c400000, 0x000000008c400000|100%| O|  |TAMS 0x000000008c400000, 0x000000008c300000| Untracked 
| 196|0x000000008c400000, 0x000000008c500000, 0x000000008c500000|100%| O|  |TAMS 0x000000008c500000, 0x000000008c400000| Untracked 
| 197|0x000000008c500000, 0x000000008c554400, 0x000000008c600000| 32%| O|  |TAMS 0x000000008c554400, 0x000000008c500000| Complete 
| 198|0x000000008c600000, 0x000000008c600000, 0x000000008c700000|  0%| F|  |TAMS 0x000000008c600000, 0x000000008c600000| Untracked 
| 199|0x000000008c700000, 0x000000008c800000, 0x000000008c800000|100%| O|  |TAMS 0x000000008c800000, 0x000000008c700000| Complete 
| 200|0x000000008c800000, 0x000000008c900000, 0x000000008c900000|100%| O|  |TAMS 0x000000008c900000, 0x000000008c800000| Complete 
| 201|0x000000008c900000, 0x000000008ca00000, 0x000000008ca00000|100%|HS|  |TAMS 0x000000008c900000, 0x000000008c900000| Complete 
| 202|0x000000008ca00000, 0x000000008cb00000, 0x000000008cb00000|100%|HC|  |TAMS 0x000000008ca00000, 0x000000008ca00000| Complete 
| 203|0x000000008cb00000, 0x000000008cc00000, 0x000000008cc00000|100%|HC|  |TAMS 0x000000008cb00000, 0x000000008cb00000| Complete 
| 204|0x000000008cc00000, 0x000000008cd00000, 0x000000008cd00000|100%|HC|  |TAMS 0x000000008cc00000, 0x000000008cc00000| Complete 
| 205|0x000000008cd00000, 0x000000008ce00000, 0x000000008ce00000|100%|HS|  |TAMS 0x000000008cd00000, 0x000000008cd00000| Complete 
| 206|0x000000008ce00000, 0x000000008cf00000, 0x000000008cf00000|100%|HC|  |TAMS 0x000000008ce00000, 0x000000008ce00000| Complete 
| 207|0x000000008cf00000, 0x000000008d000000, 0x000000008d000000|100%|HC|  |TAMS 0x000000008cf00000, 0x000000008cf00000| Complete 
| 208|0x000000008d000000, 0x000000008d100000, 0x000000008d100000|100%|HC|  |TAMS 0x000000008d000000, 0x000000008d000000| Complete 
| 209|0x000000008d100000, 0x000000008d200000, 0x000000008d200000|100%|HC|  |TAMS 0x000000008d100000, 0x000000008d100000| Complete 
| 210|0x000000008d200000, 0x000000008d300000, 0x000000008d300000|100%|HC|  |TAMS 0x000000008d200000, 0x000000008d200000| Complete 
| 211|0x000000008d300000, 0x000000008d400000, 0x000000008d400000|100%|HC|  |TAMS 0x000000008d300000, 0x000000008d300000| Complete 
| 212|0x000000008d400000, 0x000000008d500000, 0x000000008d500000|100%|HC|  |TAMS 0x000000008d400000, 0x000000008d400000| Complete 
| 213|0x000000008d500000, 0x000000008d600000, 0x000000008d600000|100%|HS|  |TAMS 0x000000008d500000, 0x000000008d500000| Complete 
| 214|0x000000008d600000, 0x000000008d700000, 0x000000008d700000|100%|HC|  |TAMS 0x000000008d600000, 0x000000008d600000| Complete 
| 215|0x000000008d700000, 0x000000008d800000, 0x000000008d800000|100%|HC|  |TAMS 0x000000008d700000, 0x000000008d700000| Complete 
| 216|0x000000008d800000, 0x000000008d900000, 0x000000008d900000|100%| O|  |TAMS 0x000000008d900000, 0x000000008d800000| Complete 
| 217|0x000000008d900000, 0x000000008da00000, 0x000000008da00000|100%|HS|  |TAMS 0x000000008d900000, 0x000000008d900000| Complete 
| 218|0x000000008da00000, 0x000000008db00000, 0x000000008db00000|100%|HC|  |TAMS 0x000000008da00000, 0x000000008da00000| Complete 
| 219|0x000000008db00000, 0x000000008dc00000, 0x000000008dc00000|100%|HC|  |TAMS 0x000000008db00000, 0x000000008db00000| Complete 
| 220|0x000000008dc00000, 0x000000008dd00000, 0x000000008dd00000|100%|HC|  |TAMS 0x000000008dc00000, 0x000000008dc00000| Complete 
| 221|0x000000008dd00000, 0x000000008de00000, 0x000000008de00000|100%|HC|  |TAMS 0x000000008dd00000, 0x000000008dd00000| Complete 
| 222|0x000000008de00000, 0x000000008df00000, 0x000000008df00000|100%|HS|  |TAMS 0x000000008de00000, 0x000000008de00000| Complete 
| 223|0x000000008df00000, 0x000000008e000000, 0x000000008e000000|100%|HC|  |TAMS 0x000000008df00000, 0x000000008df00000| Complete 
| 224|0x000000008e000000, 0x000000008e100000, 0x000000008e100000|100%|HS|  |TAMS 0x000000008e000000, 0x000000008e000000| Complete 
| 225|0x000000008e100000, 0x000000008e200000, 0x000000008e200000|100%|HC|  |TAMS 0x000000008e100000, 0x000000008e100000| Complete 
| 226|0x000000008e200000, 0x000000008e300000, 0x000000008e300000|100%|HC|  |TAMS 0x000000008e200000, 0x000000008e200000| Complete 
| 227|0x000000008e300000, 0x000000008e400000, 0x000000008e400000|100%|HC|  |TAMS 0x000000008e300000, 0x000000008e300000| Complete 
| 228|0x000000008e400000, 0x000000008e500000, 0x000000008e500000|100%|HC|  |TAMS 0x000000008e400000, 0x000000008e400000| Complete 
| 229|0x000000008e500000, 0x000000008e600000, 0x000000008e600000|100%|HS|  |TAMS 0x000000008e500000, 0x000000008e500000| Complete 
| 230|0x000000008e600000, 0x000000008e700000, 0x000000008e700000|100%|HC|  |TAMS 0x000000008e600000, 0x000000008e600000| Complete 
| 231|0x000000008e700000, 0x000000008e800000, 0x000000008e800000|100%|HS|  |TAMS 0x000000008e700000, 0x000000008e700000| Complete 
| 232|0x000000008e800000, 0x000000008e900000, 0x000000008e900000|100%|HC|  |TAMS 0x000000008e800000, 0x000000008e800000| Complete 
| 233|0x000000008e900000, 0x000000008ea00000, 0x000000008ea00000|100%|HS|  |TAMS 0x000000008e900000, 0x000000008e900000| Complete 
| 234|0x000000008ea00000, 0x000000008eb00000, 0x000000008eb00000|100%|HC|  |TAMS 0x000000008ea00000, 0x000000008ea00000| Complete 
| 235|0x000000008eb00000, 0x000000008ec00000, 0x000000008ec00000|100%|HS|  |TAMS 0x000000008eb00000, 0x000000008eb00000| Complete 
| 236|0x000000008ec00000, 0x000000008ed00000, 0x000000008ed00000|100%|HC|  |TAMS 0x000000008ec00000, 0x000000008ec00000| Complete 
| 237|0x000000008ed00000, 0x000000008ee00000, 0x000000008ee00000|100%|HS|  |TAMS 0x000000008ed00000, 0x000000008ed00000| Complete 
| 238|0x000000008ee00000, 0x000000008ef00000, 0x000000008ef00000|100%|HC|  |TAMS 0x000000008ee00000, 0x000000008ee00000| Complete 
| 239|0x000000008ef00000, 0x000000008f000000, 0x000000008f000000|100%|HS|  |TAMS 0x000000008ef00000, 0x000000008ef00000| Complete 
| 240|0x000000008f000000, 0x000000008f100000, 0x000000008f100000|100%|HC|  |TAMS 0x000000008f000000, 0x000000008f000000| Complete 
| 241|0x000000008f100000, 0x000000008f200000, 0x000000008f200000|100%|HS|  |TAMS 0x000000008f100000, 0x000000008f100000| Complete 
| 242|0x000000008f200000, 0x000000008f300000, 0x000000008f300000|100%|HC|  |TAMS 0x000000008f200000, 0x000000008f200000| Complete 
| 243|0x000000008f300000, 0x000000008f400000, 0x000000008f400000|100%|HS|  |TAMS 0x000000008f300000, 0x000000008f300000| Complete 
| 244|0x000000008f400000, 0x000000008f500000, 0x000000008f500000|100%|HC|  |TAMS 0x000000008f400000, 0x000000008f400000| Complete 
| 245|0x000000008f500000, 0x000000008f600000, 0x000000008f600000|100%|HS|  |TAMS 0x000000008f500000, 0x000000008f500000| Complete 
| 246|0x000000008f600000, 0x000000008f700000, 0x000000008f700000|100%|HC|  |TAMS 0x000000008f600000, 0x000000008f600000| Complete 
| 247|0x000000008f700000, 0x000000008f800000, 0x000000008f800000|100%|HS|  |TAMS 0x000000008f700000, 0x000000008f700000| Complete 
| 248|0x000000008f800000, 0x000000008f900000, 0x000000008f900000|100%|HC|  |TAMS 0x000000008f800000, 0x000000008f800000| Complete 
| 249|0x000000008f900000, 0x000000008fa00000, 0x000000008fa00000|100%|HC|  |TAMS 0x000000008f900000, 0x000000008f900000| Complete 
| 250|0x000000008fa00000, 0x000000008fb00000, 0x000000008fb00000|100%|HS|  |TAMS 0x000000008fa00000, 0x000000008fa00000| Complete 
| 251|0x000000008fb00000, 0x000000008fc00000, 0x000000008fc00000|100%|HC|  |TAMS 0x000000008fb00000, 0x000000008fb00000| Complete 
| 252|0x000000008fc00000, 0x000000008fd00000, 0x000000008fd00000|100%|HS|  |TAMS 0x000000008fc00000, 0x000000008fc00000| Complete 
| 253|0x000000008fd00000, 0x000000008fe00000, 0x000000008fe00000|100%|HC|  |TAMS 0x000000008fd00000, 0x000000008fd00000| Complete 
| 254|0x000000008fe00000, 0x000000008ff00000, 0x000000008ff00000|100%|HC|  |TAMS 0x000000008fe00000, 0x000000008fe00000| Complete 
| 255|0x000000008ff00000, 0x0000000090000000, 0x0000000090000000|100%|HC|  |TAMS 0x000000008ff00000, 0x000000008ff00000| Complete 
| 256|0x0000000090000000, 0x0000000090100000, 0x0000000090100000|100%|HS|  |TAMS 0x0000000090000000, 0x0000000090000000| Complete 
| 257|0x0000000090100000, 0x0000000090200000, 0x0000000090200000|100%|HC|  |TAMS 0x0000000090100000, 0x0000000090100000| Complete 
| 258|0x0000000090200000, 0x0000000090300000, 0x0000000090300000|100%|HC|  |TAMS 0x0000000090200000, 0x0000000090200000| Complete 
| 259|0x0000000090300000, 0x0000000090400000, 0x0000000090400000|100%|HC|  |TAMS 0x0000000090300000, 0x0000000090300000| Complete 
| 260|0x0000000090400000, 0x0000000090500000, 0x0000000090500000|100%|HC|  |TAMS 0x0000000090400000, 0x0000000090400000| Complete 
| 261|0x0000000090500000, 0x0000000090600000, 0x0000000090600000|100%|HC|  |TAMS 0x0000000090500000, 0x0000000090500000| Complete 
| 262|0x0000000090600000, 0x0000000090700000, 0x0000000090700000|100%|HC|  |TAMS 0x0000000090600000, 0x0000000090600000| Complete 
| 263|0x0000000090700000, 0x0000000090800000, 0x0000000090800000|100%|HC|  |TAMS 0x0000000090700000, 0x0000000090700000| Complete 
| 264|0x0000000090800000, 0x0000000090900000, 0x0000000090900000|100%|HS|  |TAMS 0x0000000090800000, 0x0000000090800000| Complete 
| 265|0x0000000090900000, 0x0000000090a00000, 0x0000000090a00000|100%|HC|  |TAMS 0x0000000090900000, 0x0000000090900000| Complete 
| 266|0x0000000090a00000, 0x0000000090b00000, 0x0000000090b00000|100%|HC|  |TAMS 0x0000000090a00000, 0x0000000090a00000| Complete 
| 267|0x0000000090b00000, 0x0000000090c00000, 0x0000000090c00000|100%|HS|  |TAMS 0x0000000090b00000, 0x0000000090b00000| Complete 
| 268|0x0000000090c00000, 0x0000000090d00000, 0x0000000090d00000|100%|HC|  |TAMS 0x0000000090c00000, 0x0000000090c00000| Complete 
| 269|0x0000000090d00000, 0x0000000090e00000, 0x0000000090e00000|100%|HC|  |TAMS 0x0000000090d00000, 0x0000000090d00000| Complete 
| 270|0x0000000090e00000, 0x0000000090f00000, 0x0000000090f00000|100%|HC|  |TAMS 0x0000000090e00000, 0x0000000090e00000| Complete 
| 271|0x0000000090f00000, 0x0000000091000000, 0x0000000091000000|100%|HC|  |TAMS 0x0000000090f00000, 0x0000000090f00000| Complete 
| 272|0x0000000091000000, 0x0000000091100000, 0x0000000091100000|100%|HS|  |TAMS 0x0000000091000000, 0x0000000091000000| Complete 
| 273|0x0000000091100000, 0x0000000091200000, 0x0000000091200000|100%|HC|  |TAMS 0x0000000091100000, 0x0000000091100000| Complete 
| 274|0x0000000091200000, 0x0000000091300000, 0x0000000091300000|100%|HC|  |TAMS 0x0000000091200000, 0x0000000091200000| Complete 
| 275|0x0000000091300000, 0x0000000091400000, 0x0000000091400000|100%|HC|  |TAMS 0x0000000091300000, 0x0000000091300000| Complete 
| 276|0x0000000091400000, 0x0000000091500000, 0x0000000091500000|100%|HC|  |TAMS 0x0000000091400000, 0x0000000091400000| Complete 
| 277|0x0000000091500000, 0x0000000091500000, 0x0000000091600000|  0%| F|  |TAMS 0x0000000091500000, 0x0000000091500000| Untracked 
| 278|0x0000000091600000, 0x0000000091600000, 0x0000000091700000|  0%| F|  |TAMS 0x0000000091600000, 0x0000000091600000| Untracked 
| 279|0x0000000091700000, 0x0000000091700000, 0x0000000091800000|  0%| F|  |TAMS 0x0000000091700000, 0x0000000091700000| Untracked 
| 280|0x0000000091800000, 0x0000000091800000, 0x0000000091900000|  0%| F|  |TAMS 0x0000000091800000, 0x0000000091800000| Untracked 
| 281|0x0000000091900000, 0x0000000091900000, 0x0000000091a00000|  0%| F|  |TAMS 0x0000000091900000, 0x0000000091900000| Untracked 
| 282|0x0000000091a00000, 0x0000000091a00000, 0x0000000091b00000|  0%| F|  |TAMS 0x0000000091a00000, 0x0000000091a00000| Untracked 
| 283|0x0000000091b00000, 0x0000000091b00000, 0x0000000091c00000|  0%| F|  |TAMS 0x0000000091b00000, 0x0000000091b00000| Untracked 
| 284|0x0000000091c00000, 0x0000000091c00000, 0x0000000091d00000|  0%| F|  |TAMS 0x0000000091c00000, 0x0000000091c00000| Untracked 
| 285|0x0000000091d00000, 0x0000000091d00000, 0x0000000091e00000|  0%| F|  |TAMS 0x0000000091d00000, 0x0000000091d00000| Untracked 
| 286|0x0000000091e00000, 0x0000000091e00000, 0x0000000091f00000|  0%| F|  |TAMS 0x0000000091e00000, 0x0000000091e00000| Untracked 
| 287|0x0000000091f00000, 0x0000000091f00000, 0x0000000092000000|  0%| F|  |TAMS 0x0000000091f00000, 0x0000000091f00000| Untracked 
| 288|0x0000000092000000, 0x0000000092000000, 0x0000000092100000|  0%| F|  |TAMS 0x0000000092000000, 0x0000000092000000| Untracked 
| 289|0x0000000092100000, 0x0000000092100000, 0x0000000092200000|  0%| F|  |TAMS 0x0000000092100000, 0x0000000092100000| Untracked 
| 290|0x0000000092200000, 0x0000000092200000, 0x0000000092300000|  0%| F|  |TAMS 0x0000000092200000, 0x0000000092200000| Untracked 
| 291|0x0000000092300000, 0x0000000092300000, 0x0000000092400000|  0%| F|  |TAMS 0x0000000092300000, 0x0000000092300000| Untracked 
| 292|0x0000000092400000, 0x0000000092400000, 0x0000000092500000|  0%| F|  |TAMS 0x0000000092400000, 0x0000000092400000| Untracked 
| 293|0x0000000092500000, 0x0000000092500000, 0x0000000092600000|  0%| F|  |TAMS 0x0000000092500000, 0x0000000092500000| Untracked 
| 294|0x0000000092600000, 0x0000000092600000, 0x0000000092700000|  0%| F|  |TAMS 0x0000000092600000, 0x0000000092600000| Untracked 
| 295|0x0000000092700000, 0x0000000092700000, 0x0000000092800000|  0%| F|  |TAMS 0x0000000092700000, 0x0000000092700000| Untracked 
| 296|0x0000000092800000, 0x0000000092800000, 0x0000000092900000|  0%| F|  |TAMS 0x0000000092800000, 0x0000000092800000| Untracked 
| 297|0x0000000092900000, 0x0000000092900000, 0x0000000092a00000|  0%| F|  |TAMS 0x0000000092900000, 0x0000000092900000| Untracked 
| 298|0x0000000092a00000, 0x0000000092a00000, 0x0000000092b00000|  0%| F|  |TAMS 0x0000000092a00000, 0x0000000092a00000| Untracked 
| 299|0x0000000092b00000, 0x0000000092b00000, 0x0000000092c00000|  0%| F|  |TAMS 0x0000000092b00000, 0x0000000092b00000| Untracked 
| 300|0x0000000092c00000, 0x0000000092c00000, 0x0000000092d00000|  0%| F|  |TAMS 0x0000000092c00000, 0x0000000092c00000| Untracked 
| 301|0x0000000092d00000, 0x0000000092d00000, 0x0000000092e00000|  0%| F|  |TAMS 0x0000000092d00000, 0x0000000092d00000| Untracked 
| 302|0x0000000092e00000, 0x0000000092e00000, 0x0000000092f00000|  0%| F|  |TAMS 0x0000000092e00000, 0x0000000092e00000| Untracked 
| 303|0x0000000092f00000, 0x0000000092f00000, 0x0000000093000000|  0%| F|  |TAMS 0x0000000092f00000, 0x0000000092f00000| Untracked 
| 304|0x0000000093000000, 0x0000000093000000, 0x0000000093100000|  0%| F|  |TAMS 0x0000000093000000, 0x0000000093000000| Untracked 
| 305|0x0000000093100000, 0x0000000093100000, 0x0000000093200000|  0%| F|  |TAMS 0x0000000093100000, 0x0000000093100000| Untracked 
| 306|0x0000000093200000, 0x0000000093200000, 0x0000000093300000|  0%| F|  |TAMS 0x0000000093200000, 0x0000000093200000| Untracked 
| 307|0x0000000093300000, 0x0000000093300000, 0x0000000093400000|  0%| F|  |TAMS 0x0000000093300000, 0x0000000093300000| Untracked 
| 308|0x0000000093400000, 0x0000000093400000, 0x0000000093500000|  0%| F|  |TAMS 0x0000000093400000, 0x0000000093400000| Untracked 
| 309|0x0000000093500000, 0x0000000093500000, 0x0000000093600000|  0%| F|  |TAMS 0x0000000093500000, 0x0000000093500000| Untracked 
| 310|0x0000000093600000, 0x0000000093600000, 0x0000000093700000|  0%| F|  |TAMS 0x0000000093600000, 0x0000000093600000| Untracked 
| 311|0x0000000093700000, 0x0000000093700000, 0x0000000093800000|  0%| F|  |TAMS 0x0000000093700000, 0x0000000093700000| Untracked 
| 312|0x0000000093800000, 0x0000000093800000, 0x0000000093900000|  0%| F|  |TAMS 0x0000000093800000, 0x0000000093800000| Untracked 
| 313|0x0000000093900000, 0x0000000093900000, 0x0000000093a00000|  0%| F|  |TAMS 0x0000000093900000, 0x0000000093900000| Untracked 
| 314|0x0000000093a00000, 0x0000000093a00000, 0x0000000093b00000|  0%| F|  |TAMS 0x0000000093a00000, 0x0000000093a00000| Untracked 
| 315|0x0000000093b00000, 0x0000000093b00000, 0x0000000093c00000|  0%| F|  |TAMS 0x0000000093b00000, 0x0000000093b00000| Untracked 
| 316|0x0000000093c00000, 0x0000000093c00000, 0x0000000093d00000|  0%| F|  |TAMS 0x0000000093c00000, 0x0000000093c00000| Untracked 
| 317|0x0000000093d00000, 0x0000000093d00000, 0x0000000093e00000|  0%| F|  |TAMS 0x0000000093d00000, 0x0000000093d00000| Untracked 
| 318|0x0000000093e00000, 0x0000000093e00000, 0x0000000093f00000|  0%| F|  |TAMS 0x0000000093e00000, 0x0000000093e00000| Untracked 
| 319|0x0000000093f00000, 0x0000000093f00000, 0x0000000094000000|  0%| F|  |TAMS 0x0000000093f00000, 0x0000000093f00000| Untracked 
| 320|0x0000000094000000, 0x0000000094000000, 0x0000000094100000|  0%| F|  |TAMS 0x0000000094000000, 0x0000000094000000| Untracked 
| 321|0x0000000094100000, 0x0000000094100000, 0x0000000094200000|  0%| F|  |TAMS 0x0000000094100000, 0x0000000094100000| Untracked 
| 322|0x0000000094200000, 0x0000000094200000, 0x0000000094300000|  0%| F|  |TAMS 0x0000000094200000, 0x0000000094200000| Untracked 
| 323|0x0000000094300000, 0x0000000094300000, 0x0000000094400000|  0%| F|  |TAMS 0x0000000094300000, 0x0000000094300000| Untracked 
| 324|0x0000000094400000, 0x0000000094400000, 0x0000000094500000|  0%| F|  |TAMS 0x0000000094400000, 0x0000000094400000| Untracked 
| 325|0x0000000094500000, 0x0000000094500000, 0x0000000094600000|  0%| F|  |TAMS 0x0000000094500000, 0x0000000094500000| Untracked 
| 326|0x0000000094600000, 0x0000000094600000, 0x0000000094700000|  0%| F|  |TAMS 0x0000000094600000, 0x0000000094600000| Untracked 
| 327|0x0000000094700000, 0x0000000094700000, 0x0000000094800000|  0%| F|  |TAMS 0x0000000094700000, 0x0000000094700000| Untracked 
| 328|0x0000000094800000, 0x0000000094800000, 0x0000000094900000|  0%| F|  |TAMS 0x0000000094800000, 0x0000000094800000| Untracked 
| 329|0x0000000094900000, 0x0000000094900000, 0x0000000094a00000|  0%| F|  |TAMS 0x0000000094900000, 0x0000000094900000| Untracked 
| 330|0x0000000094a00000, 0x0000000094a00000, 0x0000000094b00000|  0%| F|  |TAMS 0x0000000094a00000, 0x0000000094a00000| Untracked 
| 331|0x0000000094b00000, 0x0000000094b00000, 0x0000000094c00000|  0%| F|  |TAMS 0x0000000094b00000, 0x0000000094b00000| Untracked 
| 332|0x0000000094c00000, 0x0000000094c00000, 0x0000000094d00000|  0%| F|  |TAMS 0x0000000094c00000, 0x0000000094c00000| Untracked 
| 333|0x0000000094d00000, 0x0000000094d00000, 0x0000000094e00000|  0%| F|  |TAMS 0x0000000094d00000, 0x0000000094d00000| Untracked 
| 334|0x0000000094e00000, 0x0000000094e00000, 0x0000000094f00000|  0%| F|  |TAMS 0x0000000094e00000, 0x0000000094e00000| Untracked 
| 335|0x0000000094f00000, 0x0000000094f00000, 0x0000000095000000|  0%| F|  |TAMS 0x0000000094f00000, 0x0000000094f00000| Untracked 
| 336|0x0000000095000000, 0x0000000095000000, 0x0000000095100000|  0%| F|  |TAMS 0x0000000095000000, 0x0000000095000000| Untracked 
| 337|0x0000000095100000, 0x0000000095100000, 0x0000000095200000|  0%| F|  |TAMS 0x0000000095100000, 0x0000000095100000| Untracked 
| 338|0x0000000095200000, 0x0000000095200000, 0x0000000095300000|  0%| F|  |TAMS 0x0000000095200000, 0x0000000095200000| Untracked 
| 339|0x0000000095300000, 0x0000000095300000, 0x0000000095400000|  0%| F|  |TAMS 0x0000000095300000, 0x0000000095300000| Untracked 
| 340|0x0000000095400000, 0x0000000095400000, 0x0000000095500000|  0%| F|  |TAMS 0x0000000095400000, 0x0000000095400000| Untracked 
| 341|0x0000000095500000, 0x0000000095500000, 0x0000000095600000|  0%| F|  |TAMS 0x0000000095500000, 0x0000000095500000| Untracked 
| 342|0x0000000095600000, 0x0000000095600000, 0x0000000095700000|  0%| F|  |TAMS 0x0000000095600000, 0x0000000095600000| Untracked 
| 343|0x0000000095700000, 0x0000000095700000, 0x0000000095800000|  0%| F|  |TAMS 0x0000000095700000, 0x0000000095700000| Untracked 
| 344|0x0000000095800000, 0x0000000095800000, 0x0000000095900000|  0%| F|  |TAMS 0x0000000095800000, 0x0000000095800000| Untracked 
| 345|0x0000000095900000, 0x0000000095900000, 0x0000000095a00000|  0%| F|  |TAMS 0x0000000095900000, 0x0000000095900000| Untracked 
| 346|0x0000000095a00000, 0x0000000095a00000, 0x0000000095b00000|  0%| F|  |TAMS 0x0000000095a00000, 0x0000000095a00000| Untracked 
| 347|0x0000000095b00000, 0x0000000095b00000, 0x0000000095c00000|  0%| F|  |TAMS 0x0000000095b00000, 0x0000000095b00000| Untracked 
| 348|0x0000000095c00000, 0x0000000095c00000, 0x0000000095d00000|  0%| F|  |TAMS 0x0000000095c00000, 0x0000000095c00000| Untracked 
| 349|0x0000000095d00000, 0x0000000095d00000, 0x0000000095e00000|  0%| F|  |TAMS 0x0000000095d00000, 0x0000000095d00000| Untracked 
| 350|0x0000000095e00000, 0x0000000095e00000, 0x0000000095f00000|  0%| F|  |TAMS 0x0000000095e00000, 0x0000000095e00000| Untracked 
| 351|0x0000000095f00000, 0x0000000095f00000, 0x0000000096000000|  0%| F|  |TAMS 0x0000000095f00000, 0x0000000095f00000| Untracked 
| 352|0x0000000096000000, 0x0000000096000000, 0x0000000096100000|  0%| F|  |TAMS 0x0000000096000000, 0x0000000096000000| Untracked 
| 353|0x0000000096100000, 0x0000000096100000, 0x0000000096200000|  0%| F|  |TAMS 0x0000000096100000, 0x0000000096100000| Untracked 
| 354|0x0000000096200000, 0x0000000096200000, 0x0000000096300000|  0%| F|  |TAMS 0x0000000096200000, 0x0000000096200000| Untracked 
| 355|0x0000000096300000, 0x0000000096300000, 0x0000000096400000|  0%| F|  |TAMS 0x0000000096300000, 0x0000000096300000| Untracked 
| 356|0x0000000096400000, 0x0000000096400000, 0x0000000096500000|  0%| F|  |TAMS 0x0000000096400000, 0x0000000096400000| Untracked 
| 357|0x0000000096500000, 0x0000000096500000, 0x0000000096600000|  0%| F|  |TAMS 0x0000000096500000, 0x0000000096500000| Untracked 
| 358|0x0000000096600000, 0x0000000096600000, 0x0000000096700000|  0%| F|  |TAMS 0x0000000096600000, 0x0000000096600000| Untracked 
| 359|0x0000000096700000, 0x0000000096700000, 0x0000000096800000|  0%| F|  |TAMS 0x0000000096700000, 0x0000000096700000| Untracked 
| 360|0x0000000096800000, 0x0000000096800000, 0x0000000096900000|  0%| F|  |TAMS 0x0000000096800000, 0x0000000096800000| Untracked 
| 361|0x0000000096900000, 0x0000000096900000, 0x0000000096a00000|  0%| F|  |TAMS 0x0000000096900000, 0x0000000096900000| Untracked 
| 362|0x0000000096a00000, 0x0000000096a00000, 0x0000000096b00000|  0%| F|  |TAMS 0x0000000096a00000, 0x0000000096a00000| Untracked 
| 363|0x0000000096b00000, 0x0000000096b00000, 0x0000000096c00000|  0%| F|  |TAMS 0x0000000096b00000, 0x0000000096b00000| Untracked 
| 364|0x0000000096c00000, 0x0000000096c00000, 0x0000000096d00000|  0%| F|  |TAMS 0x0000000096c00000, 0x0000000096c00000| Untracked 
| 365|0x0000000096d00000, 0x0000000096d00000, 0x0000000096e00000|  0%| F|  |TAMS 0x0000000096d00000, 0x0000000096d00000| Untracked 
| 366|0x0000000096e00000, 0x0000000096e00000, 0x0000000096f00000|  0%| F|  |TAMS 0x0000000096e00000, 0x0000000096e00000| Untracked 
| 367|0x0000000096f00000, 0x0000000096f00000, 0x0000000097000000|  0%| F|  |TAMS 0x0000000096f00000, 0x0000000096f00000| Untracked 
| 368|0x0000000097000000, 0x0000000097000000, 0x0000000097100000|  0%| F|  |TAMS 0x0000000097000000, 0x0000000097000000| Untracked 
| 369|0x0000000097100000, 0x0000000097100000, 0x0000000097200000|  0%| F|  |TAMS 0x0000000097100000, 0x0000000097100000| Untracked 
| 370|0x0000000097200000, 0x0000000097200000, 0x0000000097300000|  0%| F|  |TAMS 0x0000000097200000, 0x0000000097200000| Untracked 
| 371|0x0000000097300000, 0x0000000097300000, 0x0000000097400000|  0%| F|  |TAMS 0x0000000097300000, 0x0000000097300000| Untracked 
| 372|0x0000000097400000, 0x0000000097400000, 0x0000000097500000|  0%| F|  |TAMS 0x0000000097400000, 0x0000000097400000| Untracked 
| 373|0x0000000097500000, 0x0000000097500000, 0x0000000097600000|  0%| F|  |TAMS 0x0000000097500000, 0x0000000097500000| Untracked 
| 374|0x0000000097600000, 0x0000000097600000, 0x0000000097700000|  0%| F|  |TAMS 0x0000000097600000, 0x0000000097600000| Untracked 
| 375|0x0000000097700000, 0x0000000097700000, 0x0000000097800000|  0%| F|  |TAMS 0x0000000097700000, 0x0000000097700000| Untracked 
| 376|0x0000000097800000, 0x0000000097800000, 0x0000000097900000|  0%| F|  |TAMS 0x0000000097800000, 0x0000000097800000| Untracked 
| 377|0x0000000097900000, 0x0000000097900000, 0x0000000097a00000|  0%| F|  |TAMS 0x0000000097900000, 0x0000000097900000| Untracked 
| 378|0x0000000097a00000, 0x0000000097a00000, 0x0000000097b00000|  0%| F|  |TAMS 0x0000000097a00000, 0x0000000097a00000| Untracked 
| 379|0x0000000097b00000, 0x0000000097b00000, 0x0000000097c00000|  0%| F|  |TAMS 0x0000000097b00000, 0x0000000097b00000| Untracked 
| 380|0x0000000097c00000, 0x0000000097c00000, 0x0000000097d00000|  0%| F|  |TAMS 0x0000000097c00000, 0x0000000097c00000| Untracked 
| 381|0x0000000097d00000, 0x0000000097d00000, 0x0000000097e00000|  0%| F|  |TAMS 0x0000000097d00000, 0x0000000097d00000| Untracked 
| 382|0x0000000097e00000, 0x0000000097e00000, 0x0000000097f00000|  0%| F|  |TAMS 0x0000000097e00000, 0x0000000097e00000| Untracked 
| 383|0x0000000097f00000, 0x0000000097f00000, 0x0000000098000000|  0%| F|  |TAMS 0x0000000097f00000, 0x0000000097f00000| Untracked 
| 384|0x0000000098000000, 0x0000000098000000, 0x0000000098100000|  0%| F|  |TAMS 0x0000000098000000, 0x0000000098000000| Untracked 
| 385|0x0000000098100000, 0x0000000098100000, 0x0000000098200000|  0%| F|  |TAMS 0x0000000098100000, 0x0000000098100000| Untracked 
| 386|0x0000000098200000, 0x0000000098200000, 0x0000000098300000|  0%| F|  |TAMS 0x0000000098200000, 0x0000000098200000| Untracked 
| 387|0x0000000098300000, 0x0000000098300000, 0x0000000098400000|  0%| F|  |TAMS 0x0000000098300000, 0x0000000098300000| Untracked 
| 388|0x0000000098400000, 0x0000000098400000, 0x0000000098500000|  0%| F|  |TAMS 0x0000000098400000, 0x0000000098400000| Untracked 
| 389|0x0000000098500000, 0x0000000098500000, 0x0000000098600000|  0%| F|  |TAMS 0x0000000098500000, 0x0000000098500000| Untracked 
| 390|0x0000000098600000, 0x0000000098600000, 0x0000000098700000|  0%| F|  |TAMS 0x0000000098600000, 0x0000000098600000| Untracked 
| 391|0x0000000098700000, 0x0000000098700000, 0x0000000098800000|  0%| F|  |TAMS 0x0000000098700000, 0x0000000098700000| Untracked 
| 392|0x0000000098800000, 0x0000000098800000, 0x0000000098900000|  0%| F|  |TAMS 0x0000000098800000, 0x0000000098800000| Untracked 
| 393|0x0000000098900000, 0x0000000098900000, 0x0000000098a00000|  0%| F|  |TAMS 0x0000000098900000, 0x0000000098900000| Untracked 
| 394|0x0000000098a00000, 0x0000000098a00000, 0x0000000098b00000|  0%| F|  |TAMS 0x0000000098a00000, 0x0000000098a00000| Untracked 
| 395|0x0000000098b00000, 0x0000000098b00000, 0x0000000098c00000|  0%| F|  |TAMS 0x0000000098b00000, 0x0000000098b00000| Untracked 
| 396|0x0000000098c00000, 0x0000000098c00000, 0x0000000098d00000|  0%| F|  |TAMS 0x0000000098c00000, 0x0000000098c00000| Untracked 
| 397|0x0000000098d00000, 0x0000000098d00000, 0x0000000098e00000|  0%| F|  |TAMS 0x0000000098d00000, 0x0000000098d00000| Untracked 
| 398|0x0000000098e00000, 0x0000000098e00000, 0x0000000098f00000|  0%| F|  |TAMS 0x0000000098e00000, 0x0000000098e00000| Untracked 
| 399|0x0000000098f00000, 0x0000000098f00000, 0x0000000099000000|  0%| F|  |TAMS 0x0000000098f00000, 0x0000000098f00000| Untracked 
| 400|0x0000000099000000, 0x0000000099000000, 0x0000000099100000|  0%| F|  |TAMS 0x0000000099000000, 0x0000000099000000| Untracked 
| 401|0x0000000099100000, 0x0000000099100000, 0x0000000099200000|  0%| F|  |TAMS 0x0000000099100000, 0x0000000099100000| Untracked 
| 402|0x0000000099200000, 0x0000000099200000, 0x0000000099300000|  0%| F|  |TAMS 0x0000000099200000, 0x0000000099200000| Untracked 
| 403|0x0000000099300000, 0x0000000099300000, 0x0000000099400000|  0%| F|  |TAMS 0x0000000099300000, 0x0000000099300000| Untracked 
| 404|0x0000000099400000, 0x0000000099400000, 0x0000000099500000|  0%| F|  |TAMS 0x0000000099400000, 0x0000000099400000| Untracked 
| 405|0x0000000099500000, 0x0000000099500000, 0x0000000099600000|  0%| F|  |TAMS 0x0000000099500000, 0x0000000099500000| Untracked 
| 406|0x0000000099600000, 0x0000000099600000, 0x0000000099700000|  0%| F|  |TAMS 0x0000000099600000, 0x0000000099600000| Untracked 
| 407|0x0000000099700000, 0x0000000099700000, 0x0000000099800000|  0%| F|  |TAMS 0x0000000099700000, 0x0000000099700000| Untracked 
| 408|0x0000000099800000, 0x0000000099800000, 0x0000000099900000|  0%| F|  |TAMS 0x0000000099800000, 0x0000000099800000| Untracked 
| 409|0x0000000099900000, 0x0000000099900000, 0x0000000099a00000|  0%| F|  |TAMS 0x0000000099900000, 0x0000000099900000| Untracked 
| 410|0x0000000099a00000, 0x0000000099a00000, 0x0000000099b00000|  0%| F|  |TAMS 0x0000000099a00000, 0x0000000099a00000| Untracked 
| 411|0x0000000099b00000, 0x0000000099b00000, 0x0000000099c00000|  0%| F|  |TAMS 0x0000000099b00000, 0x0000000099b00000| Untracked 
| 412|0x0000000099c00000, 0x0000000099c00000, 0x0000000099d00000|  0%| F|  |TAMS 0x0000000099c00000, 0x0000000099c00000| Untracked 
| 413|0x0000000099d00000, 0x0000000099d00000, 0x0000000099e00000|  0%| F|  |TAMS 0x0000000099d00000, 0x0000000099d00000| Untracked 
| 414|0x0000000099e00000, 0x0000000099e00000, 0x0000000099f00000|  0%| F|  |TAMS 0x0000000099e00000, 0x0000000099e00000| Untracked 
| 415|0x0000000099f00000, 0x0000000099f00000, 0x000000009a000000|  0%| F|  |TAMS 0x0000000099f00000, 0x0000000099f00000| Untracked 
| 416|0x000000009a000000, 0x000000009a000000, 0x000000009a100000|  0%| F|  |TAMS 0x000000009a000000, 0x000000009a000000| Untracked 
| 417|0x000000009a100000, 0x000000009a100000, 0x000000009a200000|  0%| F|  |TAMS 0x000000009a100000, 0x000000009a100000| Untracked 
| 418|0x000000009a200000, 0x000000009a200000, 0x000000009a300000|  0%| F|  |TAMS 0x000000009a200000, 0x000000009a200000| Untracked 
| 419|0x000000009a300000, 0x000000009a300000, 0x000000009a400000|  0%| F|  |TAMS 0x000000009a300000, 0x000000009a300000| Untracked 
| 420|0x000000009a400000, 0x000000009a400000, 0x000000009a500000|  0%| F|  |TAMS 0x000000009a400000, 0x000000009a400000| Untracked 
| 421|0x000000009a500000, 0x000000009a500000, 0x000000009a600000|  0%| F|  |TAMS 0x000000009a500000, 0x000000009a500000| Untracked 
| 422|0x000000009a600000, 0x000000009a600000, 0x000000009a700000|  0%| F|  |TAMS 0x000000009a600000, 0x000000009a600000| Untracked 
| 423|0x000000009a700000, 0x000000009a700000, 0x000000009a800000|  0%| F|  |TAMS 0x000000009a700000, 0x000000009a700000| Untracked 
| 424|0x000000009a800000, 0x000000009a800000, 0x000000009a900000|  0%| F|  |TAMS 0x000000009a800000, 0x000000009a800000| Untracked 
| 425|0x000000009a900000, 0x000000009a900000, 0x000000009aa00000|  0%| F|  |TAMS 0x000000009a900000, 0x000000009a900000| Untracked 
| 426|0x000000009aa00000, 0x000000009aa00000, 0x000000009ab00000|  0%| F|  |TAMS 0x000000009aa00000, 0x000000009aa00000| Untracked 
| 427|0x000000009ab00000, 0x000000009ab00000, 0x000000009ac00000|  0%| F|  |TAMS 0x000000009ab00000, 0x000000009ab00000| Untracked 
| 428|0x000000009ac00000, 0x000000009ac00000, 0x000000009ad00000|  0%| F|  |TAMS 0x000000009ac00000, 0x000000009ac00000| Untracked 
| 429|0x000000009ad00000, 0x000000009ad00000, 0x000000009ae00000|  0%| F|  |TAMS 0x000000009ad00000, 0x000000009ad00000| Untracked 
| 430|0x000000009ae00000, 0x000000009ae00000, 0x000000009af00000|  0%| F|  |TAMS 0x000000009ae00000, 0x000000009ae00000| Untracked 
| 431|0x000000009af00000, 0x000000009af00000, 0x000000009b000000|  0%| F|  |TAMS 0x000000009af00000, 0x000000009af00000| Untracked 
| 432|0x000000009b000000, 0x000000009b000000, 0x000000009b100000|  0%| F|  |TAMS 0x000000009b000000, 0x000000009b000000| Untracked 
| 433|0x000000009b100000, 0x000000009b100000, 0x000000009b200000|  0%| F|  |TAMS 0x000000009b100000, 0x000000009b100000| Untracked 
| 434|0x000000009b200000, 0x000000009b200000, 0x000000009b300000|  0%| F|  |TAMS 0x000000009b200000, 0x000000009b200000| Untracked 
| 435|0x000000009b300000, 0x000000009b300000, 0x000000009b400000|  0%| F|  |TAMS 0x000000009b300000, 0x000000009b300000| Untracked 
| 436|0x000000009b400000, 0x000000009b400000, 0x000000009b500000|  0%| F|  |TAMS 0x000000009b400000, 0x000000009b400000| Untracked 
| 437|0x000000009b500000, 0x000000009b500000, 0x000000009b600000|  0%| F|  |TAMS 0x000000009b500000, 0x000000009b500000| Untracked 
| 438|0x000000009b600000, 0x000000009b600000, 0x000000009b700000|  0%| F|  |TAMS 0x000000009b600000, 0x000000009b600000| Untracked 
| 439|0x000000009b700000, 0x000000009b700000, 0x000000009b800000|  0%| F|  |TAMS 0x000000009b700000, 0x000000009b700000| Untracked 
| 440|0x000000009b800000, 0x000000009b800000, 0x000000009b900000|  0%| F|  |TAMS 0x000000009b800000, 0x000000009b800000| Untracked 
| 441|0x000000009b900000, 0x000000009b900000, 0x000000009ba00000|  0%| F|  |TAMS 0x000000009b900000, 0x000000009b900000| Untracked 
| 442|0x000000009ba00000, 0x000000009ba00000, 0x000000009bb00000|  0%| F|  |TAMS 0x000000009ba00000, 0x000000009ba00000| Untracked 
| 443|0x000000009bb00000, 0x000000009bb00000, 0x000000009bc00000|  0%| F|  |TAMS 0x000000009bb00000, 0x000000009bb00000| Untracked 
| 444|0x000000009bc00000, 0x000000009bc00000, 0x000000009bd00000|  0%| F|  |TAMS 0x000000009bc00000, 0x000000009bc00000| Untracked 
| 445|0x000000009bd00000, 0x000000009bd00000, 0x000000009be00000|  0%| F|  |TAMS 0x000000009bd00000, 0x000000009bd00000| Untracked 
| 446|0x000000009be00000, 0x000000009be00000, 0x000000009bf00000|  0%| F|  |TAMS 0x000000009be00000, 0x000000009be00000| Untracked 
| 447|0x000000009bf00000, 0x000000009bf00000, 0x000000009c000000|  0%| F|  |TAMS 0x000000009bf00000, 0x000000009bf00000| Untracked 
| 448|0x000000009c000000, 0x000000009c000000, 0x000000009c100000|  0%| F|  |TAMS 0x000000009c000000, 0x000000009c000000| Untracked 
| 449|0x000000009c100000, 0x000000009c100000, 0x000000009c200000|  0%| F|  |TAMS 0x000000009c100000, 0x000000009c100000| Untracked 
| 450|0x000000009c200000, 0x000000009c200000, 0x000000009c300000|  0%| F|  |TAMS 0x000000009c200000, 0x000000009c200000| Untracked 
| 451|0x000000009c300000, 0x000000009c300000, 0x000000009c400000|  0%| F|  |TAMS 0x000000009c300000, 0x000000009c300000| Untracked 
| 452|0x000000009c400000, 0x000000009c400000, 0x000000009c500000|  0%| F|  |TAMS 0x000000009c400000, 0x000000009c400000| Untracked 
| 453|0x000000009c500000, 0x000000009c500000, 0x000000009c600000|  0%| F|  |TAMS 0x000000009c500000, 0x000000009c500000| Untracked 
| 454|0x000000009c600000, 0x000000009c600000, 0x000000009c700000|  0%| F|  |TAMS 0x000000009c600000, 0x000000009c600000| Untracked 
| 455|0x000000009c700000, 0x000000009c700000, 0x000000009c800000|  0%| F|  |TAMS 0x000000009c700000, 0x000000009c700000| Untracked 
| 456|0x000000009c800000, 0x000000009c8fa1b0, 0x000000009c900000| 97%| E|  |TAMS 0x000000009c800000, 0x000000009c800000| Complete 
| 457|0x000000009c900000, 0x000000009ca00000, 0x000000009ca00000|100%| E|CS|TAMS 0x000000009c900000, 0x000000009c900000| Complete 
| 458|0x000000009ca00000, 0x000000009cb00000, 0x000000009cb00000|100%| E|CS|TAMS 0x000000009ca00000, 0x000000009ca00000| Complete 
| 459|0x000000009cb00000, 0x000000009cc00000, 0x000000009cc00000|100%| E|CS|TAMS 0x000000009cb00000, 0x000000009cb00000| Complete 
| 460|0x000000009cc00000, 0x000000009cd00000, 0x000000009cd00000|100%| E|CS|TAMS 0x000000009cc00000, 0x000000009cc00000| Complete 
| 461|0x000000009cd00000, 0x000000009ce00000, 0x000000009ce00000|100%| E|CS|TAMS 0x000000009cd00000, 0x000000009cd00000| Complete 
| 462|0x000000009ce00000, 0x000000009cf00000, 0x000000009cf00000|100%| E|CS|TAMS 0x000000009ce00000, 0x000000009ce00000| Complete 
| 463|0x000000009cf00000, 0x000000009d000000, 0x000000009d000000|100%| E|CS|TAMS 0x000000009cf00000, 0x000000009cf00000| Complete 
| 464|0x000000009d000000, 0x000000009d100000, 0x000000009d100000|100%| E|CS|TAMS 0x000000009d000000, 0x000000009d000000| Complete 
| 465|0x000000009d100000, 0x000000009d200000, 0x000000009d200000|100%| E|CS|TAMS 0x000000009d100000, 0x000000009d100000| Complete 
| 466|0x000000009d200000, 0x000000009d300000, 0x000000009d300000|100%| E|CS|TAMS 0x000000009d200000, 0x000000009d200000| Complete 
| 467|0x000000009d300000, 0x000000009d400000, 0x000000009d400000|100%| E|CS|TAMS 0x000000009d300000, 0x000000009d300000| Complete 
| 468|0x000000009d400000, 0x000000009d500000, 0x000000009d500000|100%| E|CS|TAMS 0x000000009d400000, 0x000000009d400000| Complete 
| 469|0x000000009d500000, 0x000000009d600000, 0x000000009d600000|100%| E|CS|TAMS 0x000000009d500000, 0x000000009d500000| Complete 
| 470|0x000000009d600000, 0x000000009d700000, 0x000000009d700000|100%| E|CS|TAMS 0x000000009d600000, 0x000000009d600000| Complete 
| 471|0x000000009d700000, 0x000000009d800000, 0x000000009d800000|100%| E|CS|TAMS 0x000000009d700000, 0x000000009d700000| Complete 
| 472|0x000000009d800000, 0x000000009d900000, 0x000000009d900000|100%| E|CS|TAMS 0x000000009d800000, 0x000000009d800000| Complete 
| 473|0x000000009d900000, 0x000000009da00000, 0x000000009da00000|100%| E|CS|TAMS 0x000000009d900000, 0x000000009d900000| Complete 
| 474|0x000000009da00000, 0x000000009db00000, 0x000000009db00000|100%| E|CS|TAMS 0x000000009da00000, 0x000000009da00000| Complete 
| 475|0x000000009db00000, 0x000000009dc00000, 0x000000009dc00000|100%| E|CS|TAMS 0x000000009db00000, 0x000000009db00000| Complete 
| 476|0x000000009dc00000, 0x000000009dd00000, 0x000000009dd00000|100%| E|CS|TAMS 0x000000009dc00000, 0x000000009dc00000| Complete 
| 477|0x000000009dd00000, 0x000000009de00000, 0x000000009de00000|100%| E|CS|TAMS 0x000000009dd00000, 0x000000009dd00000| Complete 
| 478|0x000000009de00000, 0x000000009df00000, 0x000000009df00000|100%| E|CS|TAMS 0x000000009de00000, 0x000000009de00000| Complete 
| 479|0x000000009df00000, 0x000000009e000000, 0x000000009e000000|100%| E|  |TAMS 0x000000009df00000, 0x000000009df00000| Complete 
| 480|0x000000009e000000, 0x000000009e100000, 0x000000009e100000|100%| E|CS|TAMS 0x000000009e000000, 0x000000009e000000| Complete 
| 481|0x000000009e100000, 0x000000009e200000, 0x000000009e200000|100%| E|CS|TAMS 0x000000009e100000, 0x000000009e100000| Complete 
| 482|0x000000009e200000, 0x000000009e300000, 0x000000009e300000|100%| E|CS|TAMS 0x000000009e200000, 0x000000009e200000| Complete 
| 483|0x000000009e300000, 0x000000009e400000, 0x000000009e400000|100%| E|CS|TAMS 0x000000009e300000, 0x000000009e300000| Complete 
| 484|0x000000009e400000, 0x000000009e500000, 0x000000009e500000|100%| E|CS|TAMS 0x000000009e400000, 0x000000009e400000| Complete 
| 485|0x000000009e500000, 0x000000009e600000, 0x000000009e600000|100%| E|CS|TAMS 0x000000009e500000, 0x000000009e500000| Complete 
| 486|0x000000009e600000, 0x000000009e700000, 0x000000009e700000|100%| E|CS|TAMS 0x000000009e600000, 0x000000009e600000| Complete 
| 487|0x000000009e700000, 0x000000009e800000, 0x000000009e800000|100%| E|CS|TAMS 0x000000009e700000, 0x000000009e700000| Complete 
| 488|0x000000009e800000, 0x000000009e900000, 0x000000009e900000|100%| E|CS|TAMS 0x000000009e800000, 0x000000009e800000| Complete 
| 489|0x000000009e900000, 0x000000009ea00000, 0x000000009ea00000|100%| E|CS|TAMS 0x000000009e900000, 0x000000009e900000| Complete 
| 490|0x000000009ea00000, 0x000000009eb00000, 0x000000009eb00000|100%| E|CS|TAMS 0x000000009ea00000, 0x000000009ea00000| Complete 
| 491|0x000000009eb00000, 0x000000009ec00000, 0x000000009ec00000|100%| E|CS|TAMS 0x000000009eb00000, 0x000000009eb00000| Complete 
| 492|0x000000009ec00000, 0x000000009ed00000, 0x000000009ed00000|100%| E|CS|TAMS 0x000000009ec00000, 0x000000009ec00000| Complete 
| 493|0x000000009ed00000, 0x000000009ee00000, 0x000000009ee00000|100%| E|CS|TAMS 0x000000009ed00000, 0x000000009ed00000| Complete 
| 494|0x000000009ee00000, 0x000000009ef00000, 0x000000009ef00000|100%| E|CS|TAMS 0x000000009ee00000, 0x000000009ee00000| Complete 
| 495|0x000000009ef00000, 0x000000009f000000, 0x000000009f000000|100%| E|CS|TAMS 0x000000009ef00000, 0x000000009ef00000| Complete 
| 496|0x000000009f000000, 0x000000009f100000, 0x000000009f100000|100%| E|CS|TAMS 0x000000009f000000, 0x000000009f000000| Complete 
| 497|0x000000009f100000, 0x000000009f200000, 0x000000009f200000|100%| E|CS|TAMS 0x000000009f100000, 0x000000009f100000| Complete 
| 498|0x000000009f200000, 0x000000009f300000, 0x000000009f300000|100%| E|CS|TAMS 0x000000009f200000, 0x000000009f200000| Complete 
| 499|0x000000009f300000, 0x000000009f400000, 0x000000009f400000|100%| E|CS|TAMS 0x000000009f300000, 0x000000009f300000| Complete 
| 500|0x000000009f400000, 0x000000009f500000, 0x000000009f500000|100%| E|CS|TAMS 0x000000009f400000, 0x000000009f400000| Complete 
| 501|0x000000009f500000, 0x000000009f600000, 0x000000009f600000|100%| E|CS|TAMS 0x000000009f500000, 0x000000009f500000| Complete 
| 502|0x000000009f600000, 0x000000009f700000, 0x000000009f700000|100%| E|CS|TAMS 0x000000009f600000, 0x000000009f600000| Complete 
| 503|0x000000009f700000, 0x000000009f800000, 0x000000009f800000|100%| E|CS|TAMS 0x000000009f700000, 0x000000009f700000| Complete 
| 504|0x000000009f800000, 0x000000009f900000, 0x000000009f900000|100%| E|CS|TAMS 0x000000009f800000, 0x000000009f800000| Complete 
| 505|0x000000009f900000, 0x000000009fa00000, 0x000000009fa00000|100%| E|CS|TAMS 0x000000009f900000, 0x000000009f900000| Complete 
| 506|0x000000009fa00000, 0x000000009fb00000, 0x000000009fb00000|100%| E|CS|TAMS 0x000000009fa00000, 0x000000009fa00000| Complete 
| 507|0x000000009fb00000, 0x000000009fc00000, 0x000000009fc00000|100%| E|CS|TAMS 0x000000009fb00000, 0x000000009fb00000| Complete 
| 508|0x000000009fc00000, 0x000000009fd00000, 0x000000009fd00000|100%| E|CS|TAMS 0x000000009fc00000, 0x000000009fc00000| Complete 
| 509|0x000000009fd00000, 0x000000009fe00000, 0x000000009fe00000|100%| E|CS|TAMS 0x000000009fd00000, 0x000000009fd00000| Complete 
| 510|0x000000009fe00000, 0x000000009ff00000, 0x000000009ff00000|100%| E|CS|TAMS 0x000000009fe00000, 0x000000009fe00000| Complete 
| 511|0x000000009ff00000, 0x00000000a0000000, 0x00000000a0000000|100%| E|CS|TAMS 0x000000009ff00000, 0x000000009ff00000| Complete 
| 512|0x00000000a0000000, 0x00000000a0100000, 0x00000000a0100000|100%| E|CS|TAMS 0x00000000a0000000, 0x00000000a0000000| Complete 
| 513|0x00000000a0100000, 0x00000000a0200000, 0x00000000a0200000|100%| E|CS|TAMS 0x00000000a0100000, 0x00000000a0100000| Complete 
| 514|0x00000000a0200000, 0x00000000a0300000, 0x00000000a0300000|100%| E|CS|TAMS 0x00000000a0200000, 0x00000000a0200000| Complete 
| 515|0x00000000a0300000, 0x00000000a0400000, 0x00000000a0400000|100%| E|CS|TAMS 0x00000000a0300000, 0x00000000a0300000| Complete 
| 516|0x00000000a0400000, 0x00000000a0500000, 0x00000000a0500000|100%| E|CS|TAMS 0x00000000a0400000, 0x00000000a0400000| Complete 
| 517|0x00000000a0500000, 0x00000000a0600000, 0x00000000a0600000|100%| E|CS|TAMS 0x00000000a0500000, 0x00000000a0500000| Complete 
| 518|0x00000000a0600000, 0x00000000a0700000, 0x00000000a0700000|100%| E|CS|TAMS 0x00000000a0600000, 0x00000000a0600000| Complete 
| 519|0x00000000a0700000, 0x00000000a0800000, 0x00000000a0800000|100%| E|CS|TAMS 0x00000000a0700000, 0x00000000a0700000| Complete 
| 520|0x00000000a0800000, 0x00000000a0900000, 0x00000000a0900000|100%| E|CS|TAMS 0x00000000a0800000, 0x00000000a0800000| Complete 
| 521|0x00000000a0900000, 0x00000000a0a00000, 0x00000000a0a00000|100%| E|CS|TAMS 0x00000000a0900000, 0x00000000a0900000| Complete 
| 522|0x00000000a0a00000, 0x00000000a0b00000, 0x00000000a0b00000|100%| E|CS|TAMS 0x00000000a0a00000, 0x00000000a0a00000| Complete 
| 523|0x00000000a0b00000, 0x00000000a0c00000, 0x00000000a0c00000|100%| E|CS|TAMS 0x00000000a0b00000, 0x00000000a0b00000| Complete 
| 524|0x00000000a0c00000, 0x00000000a0d00000, 0x00000000a0d00000|100%| E|CS|TAMS 0x00000000a0c00000, 0x00000000a0c00000| Complete 
| 525|0x00000000a0d00000, 0x00000000a0e00000, 0x00000000a0e00000|100%| E|CS|TAMS 0x00000000a0d00000, 0x00000000a0d00000| Complete 
| 526|0x00000000a0e00000, 0x00000000a0f00000, 0x00000000a0f00000|100%| E|CS|TAMS 0x00000000a0e00000, 0x00000000a0e00000| Complete 
| 527|0x00000000a0f00000, 0x00000000a1000000, 0x00000000a1000000|100%| E|CS|TAMS 0x00000000a0f00000, 0x00000000a0f00000| Complete 
| 528|0x00000000a1000000, 0x00000000a1100000, 0x00000000a1100000|100%| E|CS|TAMS 0x00000000a1000000, 0x00000000a1000000| Complete 
| 529|0x00000000a1100000, 0x00000000a1200000, 0x00000000a1200000|100%| E|CS|TAMS 0x00000000a1100000, 0x00000000a1100000| Complete 
| 530|0x00000000a1200000, 0x00000000a1300000, 0x00000000a1300000|100%| E|CS|TAMS 0x00000000a1200000, 0x00000000a1200000| Complete 
| 531|0x00000000a1300000, 0x00000000a1400000, 0x00000000a1400000|100%| E|CS|TAMS 0x00000000a1300000, 0x00000000a1300000| Complete 
| 532|0x00000000a1400000, 0x00000000a1500000, 0x00000000a1500000|100%| E|CS|TAMS 0x00000000a1400000, 0x00000000a1400000| Complete 
| 533|0x00000000a1500000, 0x00000000a1600000, 0x00000000a1600000|100%| E|CS|TAMS 0x00000000a1500000, 0x00000000a1500000| Complete 
| 534|0x00000000a1600000, 0x00000000a1700000, 0x00000000a1700000|100%| E|CS|TAMS 0x00000000a1600000, 0x00000000a1600000| Complete 
| 535|0x00000000a1700000, 0x00000000a1800000, 0x00000000a1800000|100%| E|CS|TAMS 0x00000000a1700000, 0x00000000a1700000| Complete 
| 536|0x00000000a1800000, 0x00000000a1900000, 0x00000000a1900000|100%| E|CS|TAMS 0x00000000a1800000, 0x00000000a1800000| Complete 
| 537|0x00000000a1900000, 0x00000000a1a00000, 0x00000000a1a00000|100%| E|CS|TAMS 0x00000000a1900000, 0x00000000a1900000| Complete 
| 538|0x00000000a1a00000, 0x00000000a1b00000, 0x00000000a1b00000|100%| E|CS|TAMS 0x00000000a1a00000, 0x00000000a1a00000| Complete 
| 539|0x00000000a1b00000, 0x00000000a1c00000, 0x00000000a1c00000|100%| E|CS|TAMS 0x00000000a1b00000, 0x00000000a1b00000| Complete 
| 540|0x00000000a1c00000, 0x00000000a1d00000, 0x00000000a1d00000|100%| E|CS|TAMS 0x00000000a1c00000, 0x00000000a1c00000| Complete 
| 541|0x00000000a1d00000, 0x00000000a1e00000, 0x00000000a1e00000|100%| E|CS|TAMS 0x00000000a1d00000, 0x00000000a1d00000| Complete 
| 542|0x00000000a1e00000, 0x00000000a1f00000, 0x00000000a1f00000|100%| E|CS|TAMS 0x00000000a1e00000, 0x00000000a1e00000| Complete 
| 543|0x00000000a1f00000, 0x00000000a2000000, 0x00000000a2000000|100%| E|CS|TAMS 0x00000000a1f00000, 0x00000000a1f00000| Complete 
| 544|0x00000000a2000000, 0x00000000a2100000, 0x00000000a2100000|100%| E|CS|TAMS 0x00000000a2000000, 0x00000000a2000000| Complete 
| 545|0x00000000a2100000, 0x00000000a2200000, 0x00000000a2200000|100%| E|CS|TAMS 0x00000000a2100000, 0x00000000a2100000| Complete 
| 546|0x00000000a2200000, 0x00000000a2300000, 0x00000000a2300000|100%| E|CS|TAMS 0x00000000a2200000, 0x00000000a2200000| Complete 
| 547|0x00000000a2300000, 0x00000000a2400000, 0x00000000a2400000|100%| E|CS|TAMS 0x00000000a2300000, 0x00000000a2300000| Complete 
| 548|0x00000000a2400000, 0x00000000a2500000, 0x00000000a2500000|100%| E|CS|TAMS 0x00000000a2400000, 0x00000000a2400000| Complete 
| 549|0x00000000a2500000, 0x00000000a2600000, 0x00000000a2600000|100%| E|CS|TAMS 0x00000000a2500000, 0x00000000a2500000| Complete 
| 550|0x00000000a2600000, 0x00000000a2700000, 0x00000000a2700000|100%| E|CS|TAMS 0x00000000a2600000, 0x00000000a2600000| Complete 
| 551|0x00000000a2700000, 0x00000000a2800000, 0x00000000a2800000|100%| E|CS|TAMS 0x00000000a2700000, 0x00000000a2700000| Complete 
| 552|0x00000000a2800000, 0x00000000a2900000, 0x00000000a2900000|100%| E|CS|TAMS 0x00000000a2800000, 0x00000000a2800000| Complete 
| 553|0x00000000a2900000, 0x00000000a2a00000, 0x00000000a2a00000|100%| E|CS|TAMS 0x00000000a2900000, 0x00000000a2900000| Complete 
| 554|0x00000000a2a00000, 0x00000000a2b00000, 0x00000000a2b00000|100%| E|CS|TAMS 0x00000000a2a00000, 0x00000000a2a00000| Complete 
| 555|0x00000000a2b00000, 0x00000000a2c00000, 0x00000000a2c00000|100%| E|CS|TAMS 0x00000000a2b00000, 0x00000000a2b00000| Complete 
| 556|0x00000000a2c00000, 0x00000000a2d00000, 0x00000000a2d00000|100%| E|CS|TAMS 0x00000000a2c00000, 0x00000000a2c00000| Complete 
| 557|0x00000000a2d00000, 0x00000000a2e00000, 0x00000000a2e00000|100%| E|CS|TAMS 0x00000000a2d00000, 0x00000000a2d00000| Complete 
| 558|0x00000000a2e00000, 0x00000000a2f00000, 0x00000000a2f00000|100%| E|CS|TAMS 0x00000000a2e00000, 0x00000000a2e00000| Complete 
| 559|0x00000000a2f00000, 0x00000000a3000000, 0x00000000a3000000|100%| E|CS|TAMS 0x00000000a2f00000, 0x00000000a2f00000| Complete 
| 560|0x00000000a3000000, 0x00000000a3100000, 0x00000000a3100000|100%| E|CS|TAMS 0x00000000a3000000, 0x00000000a3000000| Complete 
| 561|0x00000000a3100000, 0x00000000a3200000, 0x00000000a3200000|100%| E|CS|TAMS 0x00000000a3100000, 0x00000000a3100000| Complete 
| 562|0x00000000a3200000, 0x00000000a3300000, 0x00000000a3300000|100%| E|CS|TAMS 0x00000000a3200000, 0x00000000a3200000| Complete 
| 563|0x00000000a3300000, 0x00000000a3400000, 0x00000000a3400000|100%| E|CS|TAMS 0x00000000a3300000, 0x00000000a3300000| Complete 
| 564|0x00000000a3400000, 0x00000000a3500000, 0x00000000a3500000|100%| E|CS|TAMS 0x00000000a3400000, 0x00000000a3400000| Complete 
| 565|0x00000000a3500000, 0x00000000a3600000, 0x00000000a3600000|100%| E|CS|TAMS 0x00000000a3500000, 0x00000000a3500000| Complete 
| 566|0x00000000a3600000, 0x00000000a3700000, 0x00000000a3700000|100%| E|CS|TAMS 0x00000000a3600000, 0x00000000a3600000| Complete 
| 567|0x00000000a3700000, 0x00000000a3800000, 0x00000000a3800000|100%| E|CS|TAMS 0x00000000a3700000, 0x00000000a3700000| Complete 
| 568|0x00000000a3800000, 0x00000000a3900000, 0x00000000a3900000|100%| E|CS|TAMS 0x00000000a3800000, 0x00000000a3800000| Complete 
| 569|0x00000000a3900000, 0x00000000a3a00000, 0x00000000a3a00000|100%| E|CS|TAMS 0x00000000a3900000, 0x00000000a3900000| Complete 
| 570|0x00000000a3a00000, 0x00000000a3b00000, 0x00000000a3b00000|100%| E|CS|TAMS 0x00000000a3a00000, 0x00000000a3a00000| Complete 
| 571|0x00000000a3b00000, 0x00000000a3c00000, 0x00000000a3c00000|100%| E|CS|TAMS 0x00000000a3b00000, 0x00000000a3b00000| Complete 
| 572|0x00000000a3c00000, 0x00000000a3d00000, 0x00000000a3d00000|100%| E|CS|TAMS 0x00000000a3c00000, 0x00000000a3c00000| Complete 
| 573|0x00000000a3d00000, 0x00000000a3e00000, 0x00000000a3e00000|100%| E|CS|TAMS 0x00000000a3d00000, 0x00000000a3d00000| Complete 
| 574|0x00000000a3e00000, 0x00000000a3f00000, 0x00000000a3f00000|100%| E|CS|TAMS 0x00000000a3e00000, 0x00000000a3e00000| Complete 
| 575|0x00000000a3f00000, 0x00000000a4000000, 0x00000000a4000000|100%| E|CS|TAMS 0x00000000a3f00000, 0x00000000a3f00000| Complete 
| 576|0x00000000a4000000, 0x00000000a4100000, 0x00000000a4100000|100%| E|CS|TAMS 0x00000000a4000000, 0x00000000a4000000| Complete 
| 577|0x00000000a4100000, 0x00000000a4200000, 0x00000000a4200000|100%| E|CS|TAMS 0x00000000a4100000, 0x00000000a4100000| Complete 
| 578|0x00000000a4200000, 0x00000000a4300000, 0x00000000a4300000|100%| E|CS|TAMS 0x00000000a4200000, 0x00000000a4200000| Complete 
| 579|0x00000000a4300000, 0x00000000a4400000, 0x00000000a4400000|100%| E|CS|TAMS 0x00000000a4300000, 0x00000000a4300000| Complete 
| 580|0x00000000a4400000, 0x00000000a4500000, 0x00000000a4500000|100%| E|CS|TAMS 0x00000000a4400000, 0x00000000a4400000| Complete 
| 581|0x00000000a4500000, 0x00000000a4600000, 0x00000000a4600000|100%| E|CS|TAMS 0x00000000a4500000, 0x00000000a4500000| Complete 
| 582|0x00000000a4600000, 0x00000000a4700000, 0x00000000a4700000|100%| E|CS|TAMS 0x00000000a4600000, 0x00000000a4600000| Complete 
| 583|0x00000000a4700000, 0x00000000a4800000, 0x00000000a4800000|100%| E|CS|TAMS 0x00000000a4700000, 0x00000000a4700000| Complete 
| 584|0x00000000a4800000, 0x00000000a4900000, 0x00000000a4900000|100%| E|CS|TAMS 0x00000000a4800000, 0x00000000a4800000| Complete 
| 585|0x00000000a4900000, 0x00000000a4a00000, 0x00000000a4a00000|100%| E|CS|TAMS 0x00000000a4900000, 0x00000000a4900000| Complete 
| 586|0x00000000a4a00000, 0x00000000a4b00000, 0x00000000a4b00000|100%| E|CS|TAMS 0x00000000a4a00000, 0x00000000a4a00000| Complete 
| 587|0x00000000a4b00000, 0x00000000a4b815b8, 0x00000000a4c00000| 50%| S|CS|TAMS 0x00000000a4b00000, 0x00000000a4b00000| Complete 
| 588|0x00000000a4c00000, 0x00000000a4d00000, 0x00000000a4d00000|100%| S|CS|TAMS 0x00000000a4c00000, 0x00000000a4c00000| Complete 
| 589|0x00000000a4d00000, 0x00000000a4e00000, 0x00000000a4e00000|100%| S|CS|TAMS 0x00000000a4d00000, 0x00000000a4d00000| Complete 
| 590|0x00000000a4e00000, 0x00000000a4f00000, 0x00000000a4f00000|100%| S|CS|TAMS 0x00000000a4e00000, 0x00000000a4e00000| Complete 
| 591|0x00000000a4f00000, 0x00000000a5000000, 0x00000000a5000000|100%| S|CS|TAMS 0x00000000a4f00000, 0x00000000a4f00000| Complete 
| 592|0x00000000a5000000, 0x00000000a5100000, 0x00000000a5100000|100%| S|CS|TAMS 0x00000000a5000000, 0x00000000a5000000| Complete 
| 593|0x00000000a5100000, 0x00000000a5200000, 0x00000000a5200000|100%| S|CS|TAMS 0x00000000a5100000, 0x00000000a5100000| Complete 
| 594|0x00000000a5200000, 0x00000000a5300000, 0x00000000a5300000|100%| S|CS|TAMS 0x00000000a5200000, 0x00000000a5200000| Complete 
| 595|0x00000000a5300000, 0x00000000a5400000, 0x00000000a5400000|100%| S|CS|TAMS 0x00000000a5300000, 0x00000000a5300000| Complete 
| 596|0x00000000a5400000, 0x00000000a5500000, 0x00000000a5500000|100%| S|CS|TAMS 0x00000000a5400000, 0x00000000a5400000| Complete 
| 597|0x00000000a5500000, 0x00000000a5600000, 0x00000000a5600000|100%| E|CS|TAMS 0x00000000a5500000, 0x00000000a5500000| Complete 
| 598|0x00000000a5600000, 0x00000000a5700000, 0x00000000a5700000|100%| E|CS|TAMS 0x00000000a5600000, 0x00000000a5600000| Complete 
| 599|0x00000000a5700000, 0x00000000a5800000, 0x00000000a5800000|100%| E|CS|TAMS 0x00000000a5700000, 0x00000000a5700000| Complete 
| 600|0x00000000a5800000, 0x00000000a5900000, 0x00000000a5900000|100%| E|CS|TAMS 0x00000000a5800000, 0x00000000a5800000| Complete 
| 601|0x00000000a5900000, 0x00000000a5a00000, 0x00000000a5a00000|100%| E|CS|TAMS 0x00000000a5900000, 0x00000000a5900000| Complete 
| 602|0x00000000a5a00000, 0x00000000a5b00000, 0x00000000a5b00000|100%| E|CS|TAMS 0x00000000a5a00000, 0x00000000a5a00000| Complete 
| 603|0x00000000a5b00000, 0x00000000a5c00000, 0x00000000a5c00000|100%| E|CS|TAMS 0x00000000a5b00000, 0x00000000a5b00000| Complete 
| 604|0x00000000a5c00000, 0x00000000a5d00000, 0x00000000a5d00000|100%| E|CS|TAMS 0x00000000a5c00000, 0x00000000a5c00000| Complete 
| 605|0x00000000a5d00000, 0x00000000a5e00000, 0x00000000a5e00000|100%| E|CS|TAMS 0x00000000a5d00000, 0x00000000a5d00000| Complete 
| 606|0x00000000a5e00000, 0x00000000a5f00000, 0x00000000a5f00000|100%| E|CS|TAMS 0x00000000a5e00000, 0x00000000a5e00000| Complete 
| 607|0x00000000a5f00000, 0x00000000a6000000, 0x00000000a6000000|100%| E|CS|TAMS 0x00000000a5f00000, 0x00000000a5f00000| Complete 
| 608|0x00000000a6000000, 0x00000000a6100000, 0x00000000a6100000|100%| E|CS|TAMS 0x00000000a6000000, 0x00000000a6000000| Complete 
| 609|0x00000000a6100000, 0x00000000a6200000, 0x00000000a6200000|100%| E|CS|TAMS 0x00000000a6100000, 0x00000000a6100000| Complete 
| 610|0x00000000a6200000, 0x00000000a6300000, 0x00000000a6300000|100%| E|CS|TAMS 0x00000000a6200000, 0x00000000a6200000| Complete 
| 611|0x00000000a6300000, 0x00000000a6400000, 0x00000000a6400000|100%| E|CS|TAMS 0x00000000a6300000, 0x00000000a6300000| Complete 
| 612|0x00000000a6400000, 0x00000000a6500000, 0x00000000a6500000|100%| E|CS|TAMS 0x00000000a6400000, 0x00000000a6400000| Complete 
| 613|0x00000000a6500000, 0x00000000a6600000, 0x00000000a6600000|100%| E|CS|TAMS 0x00000000a6500000, 0x00000000a6500000| Complete 
| 614|0x00000000a6600000, 0x00000000a6700000, 0x00000000a6700000|100%| E|CS|TAMS 0x00000000a6600000, 0x00000000a6600000| Complete 
| 615|0x00000000a6700000, 0x00000000a6800000, 0x00000000a6800000|100%| E|CS|TAMS 0x00000000a6700000, 0x00000000a6700000| Complete 
| 616|0x00000000a6800000, 0x00000000a6900000, 0x00000000a6900000|100%| E|CS|TAMS 0x00000000a6800000, 0x00000000a6800000| Complete 
| 617|0x00000000a6900000, 0x00000000a6a00000, 0x00000000a6a00000|100%| E|CS|TAMS 0x00000000a6900000, 0x00000000a6900000| Complete 
| 618|0x00000000a6a00000, 0x00000000a6b00000, 0x00000000a6b00000|100%| E|CS|TAMS 0x00000000a6a00000, 0x00000000a6a00000| Complete 
| 619|0x00000000a6b00000, 0x00000000a6c00000, 0x00000000a6c00000|100%| E|CS|TAMS 0x00000000a6b00000, 0x00000000a6b00000| Complete 
| 620|0x00000000a6c00000, 0x00000000a6d00000, 0x00000000a6d00000|100%| E|CS|TAMS 0x00000000a6c00000, 0x00000000a6c00000| Complete 
| 621|0x00000000a6d00000, 0x00000000a6e00000, 0x00000000a6e00000|100%| E|CS|TAMS 0x00000000a6d00000, 0x00000000a6d00000| Complete 
| 622|0x00000000a6e00000, 0x00000000a6f00000, 0x00000000a6f00000|100%| E|CS|TAMS 0x00000000a6e00000, 0x00000000a6e00000| Complete 
| 623|0x00000000a6f00000, 0x00000000a7000000, 0x00000000a7000000|100%| E|CS|TAMS 0x00000000a6f00000, 0x00000000a6f00000| Complete 
| 624|0x00000000a7000000, 0x00000000a7100000, 0x00000000a7100000|100%| E|CS|TAMS 0x00000000a7000000, 0x00000000a7000000| Complete 
| 625|0x00000000a7100000, 0x00000000a7200000, 0x00000000a7200000|100%| E|CS|TAMS 0x00000000a7100000, 0x00000000a7100000| Complete 
| 626|0x00000000a7200000, 0x00000000a7300000, 0x00000000a7300000|100%| E|CS|TAMS 0x00000000a7200000, 0x00000000a7200000| Complete 
| 627|0x00000000a7300000, 0x00000000a7400000, 0x00000000a7400000|100%| E|CS|TAMS 0x00000000a7300000, 0x00000000a7300000| Complete 
| 628|0x00000000a7400000, 0x00000000a7500000, 0x00000000a7500000|100%| E|CS|TAMS 0x00000000a7400000, 0x00000000a7400000| Complete 
| 629|0x00000000a7500000, 0x00000000a7600000, 0x00000000a7600000|100%| E|CS|TAMS 0x00000000a7500000, 0x00000000a7500000| Complete 
| 630|0x00000000a7600000, 0x00000000a7700000, 0x00000000a7700000|100%| E|CS|TAMS 0x00000000a7600000, 0x00000000a7600000| Complete 
| 631|0x00000000a7700000, 0x00000000a7800000, 0x00000000a7800000|100%| E|CS|TAMS 0x00000000a7700000, 0x00000000a7700000| Complete 
| 632|0x00000000a7800000, 0x00000000a7900000, 0x00000000a7900000|100%| E|CS|TAMS 0x00000000a7800000, 0x00000000a7800000| Complete 
| 633|0x00000000a7900000, 0x00000000a7a00000, 0x00000000a7a00000|100%| E|CS|TAMS 0x00000000a7900000, 0x00000000a7900000| Complete 
| 634|0x00000000a7a00000, 0x00000000a7b00000, 0x00000000a7b00000|100%| E|CS|TAMS 0x00000000a7a00000, 0x00000000a7a00000| Complete 
| 635|0x00000000a7b00000, 0x00000000a7c00000, 0x00000000a7c00000|100%| E|CS|TAMS 0x00000000a7b00000, 0x00000000a7b00000| Complete 
| 636|0x00000000a7c00000, 0x00000000a7d00000, 0x00000000a7d00000|100%| E|CS|TAMS 0x00000000a7c00000, 0x00000000a7c00000| Complete 
| 637|0x00000000a7d00000, 0x00000000a7e00000, 0x00000000a7e00000|100%| E|CS|TAMS 0x00000000a7d00000, 0x00000000a7d00000| Complete 
| 638|0x00000000a7e00000, 0x00000000a7f00000, 0x00000000a7f00000|100%| E|CS|TAMS 0x00000000a7e00000, 0x00000000a7e00000| Complete 
| 639|0x00000000a7f00000, 0x00000000a8000000, 0x00000000a8000000|100%| E|CS|TAMS 0x00000000a7f00000, 0x00000000a7f00000| Complete 
| 640|0x00000000a8000000, 0x00000000a8100000, 0x00000000a8100000|100%| E|CS|TAMS 0x00000000a8000000, 0x00000000a8000000| Complete 
| 641|0x00000000a8100000, 0x00000000a8200000, 0x00000000a8200000|100%| E|CS|TAMS 0x00000000a8100000, 0x00000000a8100000| Complete 
| 642|0x00000000a8200000, 0x00000000a8300000, 0x00000000a8300000|100%| E|CS|TAMS 0x00000000a8200000, 0x00000000a8200000| Complete 
| 643|0x00000000a8300000, 0x00000000a8400000, 0x00000000a8400000|100%| E|CS|TAMS 0x00000000a8300000, 0x00000000a8300000| Complete 
| 644|0x00000000a8400000, 0x00000000a8500000, 0x00000000a8500000|100%| E|CS|TAMS 0x00000000a8400000, 0x00000000a8400000| Complete 
| 645|0x00000000a8500000, 0x00000000a8600000, 0x00000000a8600000|100%| E|CS|TAMS 0x00000000a8500000, 0x00000000a8500000| Complete 
| 646|0x00000000a8600000, 0x00000000a8700000, 0x00000000a8700000|100%| E|CS|TAMS 0x00000000a8600000, 0x00000000a8600000| Complete 
| 647|0x00000000a8700000, 0x00000000a8800000, 0x00000000a8800000|100%| E|CS|TAMS 0x00000000a8700000, 0x00000000a8700000| Complete 
| 648|0x00000000a8800000, 0x00000000a8900000, 0x00000000a8900000|100%| E|CS|TAMS 0x00000000a8800000, 0x00000000a8800000| Complete 
| 649|0x00000000a8900000, 0x00000000a8a00000, 0x00000000a8a00000|100%| E|CS|TAMS 0x00000000a8900000, 0x00000000a8900000| Complete 
| 650|0x00000000a8a00000, 0x00000000a8b00000, 0x00000000a8b00000|100%| E|CS|TAMS 0x00000000a8a00000, 0x00000000a8a00000| Complete 
| 651|0x00000000a8b00000, 0x00000000a8c00000, 0x00000000a8c00000|100%| E|CS|TAMS 0x00000000a8b00000, 0x00000000a8b00000| Complete 
| 652|0x00000000a8c00000, 0x00000000a8d00000, 0x00000000a8d00000|100%| E|CS|TAMS 0x00000000a8c00000, 0x00000000a8c00000| Complete 
| 653|0x00000000a8d00000, 0x00000000a8e00000, 0x00000000a8e00000|100%| E|CS|TAMS 0x00000000a8d00000, 0x00000000a8d00000| Complete 
| 654|0x00000000a8e00000, 0x00000000a8f00000, 0x00000000a8f00000|100%| E|CS|TAMS 0x00000000a8e00000, 0x00000000a8e00000| Complete 
| 655|0x00000000a8f00000, 0x00000000a9000000, 0x00000000a9000000|100%| E|CS|TAMS 0x00000000a8f00000, 0x00000000a8f00000| Complete 
| 656|0x00000000a9000000, 0x00000000a9100000, 0x00000000a9100000|100%| E|CS|TAMS 0x00000000a9000000, 0x00000000a9000000| Complete 
| 657|0x00000000a9100000, 0x00000000a9200000, 0x00000000a9200000|100%| E|CS|TAMS 0x00000000a9100000, 0x00000000a9100000| Complete 
| 658|0x00000000a9200000, 0x00000000a9300000, 0x00000000a9300000|100%| E|CS|TAMS 0x00000000a9200000, 0x00000000a9200000| Complete 
| 659|0x00000000a9300000, 0x00000000a9400000, 0x00000000a9400000|100%| E|CS|TAMS 0x00000000a9300000, 0x00000000a9300000| Complete 
| 660|0x00000000a9400000, 0x00000000a9500000, 0x00000000a9500000|100%| E|CS|TAMS 0x00000000a9400000, 0x00000000a9400000| Complete 
| 661|0x00000000a9500000, 0x00000000a9600000, 0x00000000a9600000|100%| E|CS|TAMS 0x00000000a9500000, 0x00000000a9500000| Complete 
| 662|0x00000000a9600000, 0x00000000a9700000, 0x00000000a9700000|100%| E|CS|TAMS 0x00000000a9600000, 0x00000000a9600000| Complete 
| 663|0x00000000a9700000, 0x00000000a9800000, 0x00000000a9800000|100%| E|CS|TAMS 0x00000000a9700000, 0x00000000a9700000| Complete 
| 664|0x00000000a9800000, 0x00000000a9900000, 0x00000000a9900000|100%| E|CS|TAMS 0x00000000a9800000, 0x00000000a9800000| Complete 
| 665|0x00000000a9900000, 0x00000000a9a00000, 0x00000000a9a00000|100%| E|CS|TAMS 0x00000000a9900000, 0x00000000a9900000| Complete 
| 666|0x00000000a9a00000, 0x00000000a9b00000, 0x00000000a9b00000|100%| E|CS|TAMS 0x00000000a9a00000, 0x00000000a9a00000| Complete 
| 667|0x00000000a9b00000, 0x00000000a9c00000, 0x00000000a9c00000|100%| E|CS|TAMS 0x00000000a9b00000, 0x00000000a9b00000| Complete 
| 668|0x00000000a9c00000, 0x00000000a9d00000, 0x00000000a9d00000|100%| E|CS|TAMS 0x00000000a9c00000, 0x00000000a9c00000| Complete 
| 669|0x00000000a9d00000, 0x00000000a9e00000, 0x00000000a9e00000|100%| E|CS|TAMS 0x00000000a9d00000, 0x00000000a9d00000| Complete 
| 670|0x00000000a9e00000, 0x00000000a9f00000, 0x00000000a9f00000|100%| E|CS|TAMS 0x00000000a9e00000, 0x00000000a9e00000| Complete 
| 671|0x00000000a9f00000, 0x00000000aa000000, 0x00000000aa000000|100%| E|CS|TAMS 0x00000000a9f00000, 0x00000000a9f00000| Complete 
| 672|0x00000000aa000000, 0x00000000aa100000, 0x00000000aa100000|100%| E|CS|TAMS 0x00000000aa000000, 0x00000000aa000000| Complete 
| 673|0x00000000aa100000, 0x00000000aa200000, 0x00000000aa200000|100%| E|CS|TAMS 0x00000000aa100000, 0x00000000aa100000| Complete 
| 674|0x00000000aa200000, 0x00000000aa300000, 0x00000000aa300000|100%| E|CS|TAMS 0x00000000aa200000, 0x00000000aa200000| Complete 
| 675|0x00000000aa300000, 0x00000000aa400000, 0x00000000aa400000|100%| E|CS|TAMS 0x00000000aa300000, 0x00000000aa300000| Complete 
| 676|0x00000000aa400000, 0x00000000aa500000, 0x00000000aa500000|100%| E|CS|TAMS 0x00000000aa400000, 0x00000000aa400000| Complete 
| 677|0x00000000aa500000, 0x00000000aa600000, 0x00000000aa600000|100%| E|CS|TAMS 0x00000000aa500000, 0x00000000aa500000| Complete 
| 678|0x00000000aa600000, 0x00000000aa700000, 0x00000000aa700000|100%| E|CS|TAMS 0x00000000aa600000, 0x00000000aa600000| Complete 
| 679|0x00000000aa700000, 0x00000000aa800000, 0x00000000aa800000|100%| E|CS|TAMS 0x00000000aa700000, 0x00000000aa700000| Complete 
| 680|0x00000000aa800000, 0x00000000aa900000, 0x00000000aa900000|100%| E|CS|TAMS 0x00000000aa800000, 0x00000000aa800000| Complete 
| 681|0x00000000aa900000, 0x00000000aaa00000, 0x00000000aaa00000|100%| E|CS|TAMS 0x00000000aa900000, 0x00000000aa900000| Complete 
| 682|0x00000000aaa00000, 0x00000000aab00000, 0x00000000aab00000|100%| E|CS|TAMS 0x00000000aaa00000, 0x00000000aaa00000| Complete 
| 683|0x00000000aab00000, 0x00000000aac00000, 0x00000000aac00000|100%| E|CS|TAMS 0x00000000aab00000, 0x00000000aab00000| Complete 
| 684|0x00000000aac00000, 0x00000000aad00000, 0x00000000aad00000|100%| E|CS|TAMS 0x00000000aac00000, 0x00000000aac00000| Complete 
| 685|0x00000000aad00000, 0x00000000aae00000, 0x00000000aae00000|100%| E|CS|TAMS 0x00000000aad00000, 0x00000000aad00000| Complete 
| 686|0x00000000aae00000, 0x00000000aaf00000, 0x00000000aaf00000|100%| E|CS|TAMS 0x00000000aae00000, 0x00000000aae00000| Complete 
| 687|0x00000000aaf00000, 0x00000000ab000000, 0x00000000ab000000|100%| E|CS|TAMS 0x00000000aaf00000, 0x00000000aaf00000| Complete 
| 688|0x00000000ab000000, 0x00000000ab100000, 0x00000000ab100000|100%| E|CS|TAMS 0x00000000ab000000, 0x00000000ab000000| Complete 
| 689|0x00000000ab100000, 0x00000000ab200000, 0x00000000ab200000|100%| E|CS|TAMS 0x00000000ab100000, 0x00000000ab100000| Complete 
| 690|0x00000000ab200000, 0x00000000ab300000, 0x00000000ab300000|100%| E|CS|TAMS 0x00000000ab200000, 0x00000000ab200000| Complete 
| 691|0x00000000ab300000, 0x00000000ab400000, 0x00000000ab400000|100%| E|CS|TAMS 0x00000000ab300000, 0x00000000ab300000| Complete 
| 692|0x00000000ab400000, 0x00000000ab500000, 0x00000000ab500000|100%| E|CS|TAMS 0x00000000ab400000, 0x00000000ab400000| Complete 
| 693|0x00000000ab500000, 0x00000000ab600000, 0x00000000ab600000|100%| E|CS|TAMS 0x00000000ab500000, 0x00000000ab500000| Complete 
| 694|0x00000000ab600000, 0x00000000ab700000, 0x00000000ab700000|100%| E|CS|TAMS 0x00000000ab600000, 0x00000000ab600000| Complete 
| 695|0x00000000ab700000, 0x00000000ab800000, 0x00000000ab800000|100%| E|CS|TAMS 0x00000000ab700000, 0x00000000ab700000| Complete 
| 696|0x00000000ab800000, 0x00000000ab900000, 0x00000000ab900000|100%| E|CS|TAMS 0x00000000ab800000, 0x00000000ab800000| Complete 
| 697|0x00000000ab900000, 0x00000000aba00000, 0x00000000aba00000|100%| E|CS|TAMS 0x00000000ab900000, 0x00000000ab900000| Complete 
| 698|0x00000000aba00000, 0x00000000abb00000, 0x00000000abb00000|100%| E|CS|TAMS 0x00000000aba00000, 0x00000000aba00000| Complete 
| 699|0x00000000abb00000, 0x00000000abc00000, 0x00000000abc00000|100%| E|CS|TAMS 0x00000000abb00000, 0x00000000abb00000| Complete 
| 700|0x00000000abc00000, 0x00000000abd00000, 0x00000000abd00000|100%| E|CS|TAMS 0x00000000abc00000, 0x00000000abc00000| Complete 
| 701|0x00000000abd00000, 0x00000000abe00000, 0x00000000abe00000|100%| E|CS|TAMS 0x00000000abd00000, 0x00000000abd00000| Complete 
| 702|0x00000000abe00000, 0x00000000abf00000, 0x00000000abf00000|100%| E|CS|TAMS 0x00000000abe00000, 0x00000000abe00000| Complete 
| 703|0x00000000abf00000, 0x00000000ac000000, 0x00000000ac000000|100%| E|CS|TAMS 0x00000000abf00000, 0x00000000abf00000| Complete 
| 704|0x00000000ac000000, 0x00000000ac100000, 0x00000000ac100000|100%| E|CS|TAMS 0x00000000ac000000, 0x00000000ac000000| Complete 
| 705|0x00000000ac100000, 0x00000000ac200000, 0x00000000ac200000|100%| E|CS|TAMS 0x00000000ac100000, 0x00000000ac100000| Complete 
| 706|0x00000000ac200000, 0x00000000ac300000, 0x00000000ac300000|100%| E|CS|TAMS 0x00000000ac200000, 0x00000000ac200000| Complete 
| 707|0x00000000ac300000, 0x00000000ac400000, 0x00000000ac400000|100%| E|CS|TAMS 0x00000000ac300000, 0x00000000ac300000| Complete 
| 708|0x00000000ac400000, 0x00000000ac500000, 0x00000000ac500000|100%| E|CS|TAMS 0x00000000ac400000, 0x00000000ac400000| Complete 
| 709|0x00000000ac500000, 0x00000000ac600000, 0x00000000ac600000|100%| E|CS|TAMS 0x00000000ac500000, 0x00000000ac500000| Complete 
| 710|0x00000000ac600000, 0x00000000ac700000, 0x00000000ac700000|100%| E|CS|TAMS 0x00000000ac600000, 0x00000000ac600000| Complete 
| 711|0x00000000ac700000, 0x00000000ac800000, 0x00000000ac800000|100%| E|CS|TAMS 0x00000000ac700000, 0x00000000ac700000| Complete 
| 712|0x00000000ac800000, 0x00000000ac900000, 0x00000000ac900000|100%| E|CS|TAMS 0x00000000ac800000, 0x00000000ac800000| Complete 
| 713|0x00000000ac900000, 0x00000000aca00000, 0x00000000aca00000|100%| E|CS|TAMS 0x00000000ac900000, 0x00000000ac900000| Complete 
| 714|0x00000000aca00000, 0x00000000acb00000, 0x00000000acb00000|100%| E|CS|TAMS 0x00000000aca00000, 0x00000000aca00000| Complete 
| 715|0x00000000acb00000, 0x00000000acc00000, 0x00000000acc00000|100%| E|CS|TAMS 0x00000000acb00000, 0x00000000acb00000| Complete 
| 716|0x00000000acc00000, 0x00000000acd00000, 0x00000000acd00000|100%| E|CS|TAMS 0x00000000acc00000, 0x00000000acc00000| Complete 
| 717|0x00000000acd00000, 0x00000000ace00000, 0x00000000ace00000|100%| E|CS|TAMS 0x00000000acd00000, 0x00000000acd00000| Complete 
| 718|0x00000000ace00000, 0x00000000acf00000, 0x00000000acf00000|100%| E|CS|TAMS 0x00000000ace00000, 0x00000000ace00000| Complete 
| 719|0x00000000acf00000, 0x00000000ad000000, 0x00000000ad000000|100%| E|CS|TAMS 0x00000000acf00000, 0x00000000acf00000| Complete 
| 720|0x00000000ad000000, 0x00000000ad100000, 0x00000000ad100000|100%| E|CS|TAMS 0x00000000ad000000, 0x00000000ad000000| Complete 
| 721|0x00000000ad100000, 0x00000000ad200000, 0x00000000ad200000|100%| E|CS|TAMS 0x00000000ad100000, 0x00000000ad100000| Complete 
| 722|0x00000000ad200000, 0x00000000ad300000, 0x00000000ad300000|100%| E|CS|TAMS 0x00000000ad200000, 0x00000000ad200000| Complete 
| 723|0x00000000ad300000, 0x00000000ad400000, 0x00000000ad400000|100%| E|CS|TAMS 0x00000000ad300000, 0x00000000ad300000| Complete 
| 724|0x00000000ad400000, 0x00000000ad500000, 0x00000000ad500000|100%| E|CS|TAMS 0x00000000ad400000, 0x00000000ad400000| Complete 
| 725|0x00000000ad500000, 0x00000000ad600000, 0x00000000ad600000|100%| E|CS|TAMS 0x00000000ad500000, 0x00000000ad500000| Complete 
| 726|0x00000000ad600000, 0x00000000ad700000, 0x00000000ad700000|100%| E|CS|TAMS 0x00000000ad600000, 0x00000000ad600000| Complete 
| 727|0x00000000ad700000, 0x00000000ad800000, 0x00000000ad800000|100%| E|CS|TAMS 0x00000000ad700000, 0x00000000ad700000| Complete 
| 728|0x00000000ad800000, 0x00000000ad900000, 0x00000000ad900000|100%| E|CS|TAMS 0x00000000ad800000, 0x00000000ad800000| Complete 
| 729|0x00000000ad900000, 0x00000000ada00000, 0x00000000ada00000|100%| E|CS|TAMS 0x00000000ad900000, 0x00000000ad900000| Complete 
| 730|0x00000000ada00000, 0x00000000adb00000, 0x00000000adb00000|100%| E|CS|TAMS 0x00000000ada00000, 0x00000000ada00000| Complete 
| 731|0x00000000adb00000, 0x00000000adc00000, 0x00000000adc00000|100%| E|CS|TAMS 0x00000000adb00000, 0x00000000adb00000| Complete 
| 732|0x00000000adc00000, 0x00000000add00000, 0x00000000add00000|100%| E|CS|TAMS 0x00000000adc00000, 0x00000000adc00000| Complete 
| 733|0x00000000add00000, 0x00000000ade00000, 0x00000000ade00000|100%| E|CS|TAMS 0x00000000add00000, 0x00000000add00000| Complete 
| 734|0x00000000ade00000, 0x00000000adf00000, 0x00000000adf00000|100%| E|CS|TAMS 0x00000000ade00000, 0x00000000ade00000| Complete 
| 735|0x00000000adf00000, 0x00000000ae000000, 0x00000000ae000000|100%| E|CS|TAMS 0x00000000adf00000, 0x00000000adf00000| Complete 
| 736|0x00000000ae000000, 0x00000000ae100000, 0x00000000ae100000|100%| E|CS|TAMS 0x00000000ae000000, 0x00000000ae000000| Complete 
| 737|0x00000000ae100000, 0x00000000ae200000, 0x00000000ae200000|100%| E|CS|TAMS 0x00000000ae100000, 0x00000000ae100000| Complete 
| 738|0x00000000ae200000, 0x00000000ae300000, 0x00000000ae300000|100%| E|CS|TAMS 0x00000000ae200000, 0x00000000ae200000| Complete 
| 739|0x00000000ae300000, 0x00000000ae400000, 0x00000000ae400000|100%| E|CS|TAMS 0x00000000ae300000, 0x00000000ae300000| Complete 
| 740|0x00000000ae400000, 0x00000000ae500000, 0x00000000ae500000|100%| E|CS|TAMS 0x00000000ae400000, 0x00000000ae400000| Complete 
| 741|0x00000000ae500000, 0x00000000ae600000, 0x00000000ae600000|100%| E|CS|TAMS 0x00000000ae500000, 0x00000000ae500000| Complete 
| 742|0x00000000ae600000, 0x00000000ae700000, 0x00000000ae700000|100%| E|CS|TAMS 0x00000000ae600000, 0x00000000ae600000| Complete 
| 743|0x00000000ae700000, 0x00000000ae800000, 0x00000000ae800000|100%| E|CS|TAMS 0x00000000ae700000, 0x00000000ae700000| Complete 
| 744|0x00000000ae800000, 0x00000000ae900000, 0x00000000ae900000|100%| E|CS|TAMS 0x00000000ae800000, 0x00000000ae800000| Complete 
| 745|0x00000000ae900000, 0x00000000aea00000, 0x00000000aea00000|100%| E|CS|TAMS 0x00000000ae900000, 0x00000000ae900000| Complete 
| 746|0x00000000aea00000, 0x00000000aeb00000, 0x00000000aeb00000|100%| E|CS|TAMS 0x00000000aea00000, 0x00000000aea00000| Complete 
| 747|0x00000000aeb00000, 0x00000000aec00000, 0x00000000aec00000|100%| E|CS|TAMS 0x00000000aeb00000, 0x00000000aeb00000| Complete 
| 748|0x00000000aec00000, 0x00000000aed00000, 0x00000000aed00000|100%| E|CS|TAMS 0x00000000aec00000, 0x00000000aec00000| Complete 
| 749|0x00000000aed00000, 0x00000000aee00000, 0x00000000aee00000|100%| E|CS|TAMS 0x00000000aed00000, 0x00000000aed00000| Complete 
| 750|0x00000000aee00000, 0x00000000aef00000, 0x00000000aef00000|100%| E|CS|TAMS 0x00000000aee00000, 0x00000000aee00000| Complete 
| 751|0x00000000aef00000, 0x00000000af000000, 0x00000000af000000|100%| E|CS|TAMS 0x00000000aef00000, 0x00000000aef00000| Complete 
| 752|0x00000000af000000, 0x00000000af100000, 0x00000000af100000|100%| E|CS|TAMS 0x00000000af000000, 0x00000000af000000| Complete 
| 753|0x00000000af100000, 0x00000000af200000, 0x00000000af200000|100%| E|CS|TAMS 0x00000000af100000, 0x00000000af100000| Complete 
| 754|0x00000000af200000, 0x00000000af300000, 0x00000000af300000|100%| E|CS|TAMS 0x00000000af200000, 0x00000000af200000| Complete 
| 755|0x00000000af300000, 0x00000000af400000, 0x00000000af400000|100%| E|CS|TAMS 0x00000000af300000, 0x00000000af300000| Complete 
| 756|0x00000000af400000, 0x00000000af500000, 0x00000000af500000|100%| E|CS|TAMS 0x00000000af400000, 0x00000000af400000| Complete 
| 757|0x00000000af500000, 0x00000000af600000, 0x00000000af600000|100%| E|CS|TAMS 0x00000000af500000, 0x00000000af500000| Complete 
| 758|0x00000000af600000, 0x00000000af700000, 0x00000000af700000|100%| E|CS|TAMS 0x00000000af600000, 0x00000000af600000| Complete 
| 759|0x00000000af700000, 0x00000000af800000, 0x00000000af800000|100%| E|CS|TAMS 0x00000000af700000, 0x00000000af700000| Complete 
| 760|0x00000000af800000, 0x00000000af900000, 0x00000000af900000|100%| E|CS|TAMS 0x00000000af800000, 0x00000000af800000| Complete 
| 761|0x00000000af900000, 0x00000000afa00000, 0x00000000afa00000|100%| E|CS|TAMS 0x00000000af900000, 0x00000000af900000| Complete 
| 762|0x00000000afa00000, 0x00000000afb00000, 0x00000000afb00000|100%| E|CS|TAMS 0x00000000afa00000, 0x00000000afa00000| Complete 
| 763|0x00000000afb00000, 0x00000000afc00000, 0x00000000afc00000|100%| E|CS|TAMS 0x00000000afb00000, 0x00000000afb00000| Complete 
|1183|0x00000000c9f00000, 0x00000000ca000000, 0x00000000ca000000|100%| E|CS|TAMS 0x00000000c9f00000, 0x00000000c9f00000| Complete 
|1184|0x00000000ca000000, 0x00000000ca100000, 0x00000000ca100000|100%| E|CS|TAMS 0x00000000ca000000, 0x00000000ca000000| Complete 
|1185|0x00000000ca100000, 0x00000000ca200000, 0x00000000ca200000|100%| E|CS|TAMS 0x00000000ca100000, 0x00000000ca100000| Complete 

Card table byte_map: [0x000001f5eef50000,0x000001f5ef350000] _byte_map_base: 0x000001f5eeb50000

Marking Bits (Prev, Next): (CMBitMap*) 0x000001f5d6d3bd20, (CMBitMap*) 0x000001f5d6d3bce0
 Prev Bits: [0x000001f5f1750000, 0x000001f5f3750000)
 Next Bits: [0x000001f5ef750000, 0x000001f5f1750000)

Polling page: 0x000001f5d6490000

Metaspace:

Usage:
  Non-class:    132.93 MB used.
      Class:     21.50 MB used.
       Both:    154.43 MB used.

Virtual space:
  Non-class space:      192.00 MB reserved,     134.06 MB ( 70%) committed,  3 nodes.
      Class space:        1.00 GB reserved,      22.62 MB (  2%) committed,  1 nodes.
             Both:        1.19 GB reserved,     156.69 MB ( 13%) committed. 

Chunk freelists:
   Non-Class:  9.01 MB
       Class:  9.29 MB
        Both:  18.30 MB

MaxMetaspaceSize: unlimited
CompressedClassSpaceSize: 1.00 GB
Initial GC threshold: 21.00 MB
Current GC threshold: 261.06 MB
CDS: on
MetaspaceReclaimPolicy: balanced
 - commit_granule_bytes: 65536.
 - commit_granule_words: 8192.
 - virtual_space_node_default_size: 8388608.
 - enlarge_chunks_in_place: 1.
 - new_chunks_are_fully_committed: 0.
 - uncommit_free_chunks: 1.
 - use_allocation_guard: 0.
 - handle_deallocations: 1.


Internal statistics:

num_allocs_failed_limit: 6.
num_arena_births: 5538.
num_arena_deaths: 1116.
num_vsnodes_births: 4.
num_vsnodes_deaths: 0.
num_space_committed: 2544.
num_space_uncommitted: 39.
num_chunks_returned_to_freelist: 1706.
num_chunks_taken_from_freelist: 13838.
num_chunk_merges: 606.
num_chunk_splits: 7897.
num_chunks_enlarged: 3931.
num_inconsistent_stats: 0.

CodeHeap 'non-profiled nmethods': size=118848Kb used=47702Kb max_used=47702Kb free=71145Kb
 bounds [0x000001f5e6410000, 0x000001f5e92b0000, 0x000001f5ed820000]
CodeHeap 'profiled nmethods': size=118848Kb used=68577Kb max_used=70206Kb free=50270Kb
 bounds [0x000001f5de820000, 0x000001f5e2cd0000, 0x000001f5e5c30000]
CodeHeap 'non-nmethods': size=8064Kb used=2507Kb max_used=4855Kb free=5556Kb
 bounds [0x000001f5e5c30000, 0x000001f5e6100000, 0x000001f5e6410000]
 total_blobs=38322 nmethods=37275 adapters=956
 compilation: enabled
              stopped_count=0, restarted_count=0
 full_count=0

Compilation events (20 events):
Event: 14269.086 Thread 0x000001f5f6a806f0 nmethod 50174 0x000001f5e1488010 code [0x000001f5e1488300, 0x000001f5e14893a8]
Event: 14269.087 Thread 0x000001f5f73c27b0 nmethod 50171 0x000001f5e92a1e90 code [0x000001f5e92a2060, 0x000001f5e92a2728]
Event: 14269.088 Thread 0x000001f5f73c27b0 50175       4       com.google.common.collect.StandardTable$CellIterator::next (5 bytes)
Event: 14269.094 Thread 0x000001f5f6a806f0 50177       3       com.android.resources.ResourceType::values (10 bytes)
Event: 14269.094 Thread 0x000001f5f6a806f0 nmethod 50177 0x000001f5e1a63410 code [0x000001f5e1a635c0, 0x000001f5e1a63868]
Event: 14269.099 Thread 0x000001f5f73c27b0 nmethod 50175 0x000001f5e92a2b10 code [0x000001f5e92a2d40, 0x000001f5e92a3cd8]
Event: 14269.099 Thread 0x000001f5f73c27b0 50176       4       com.google.common.collect.ImmutableSortedSet$Builder::<init> (30 bytes)
Event: 14269.101 Thread 0x000001f5f73c27b0 nmethod 50176 0x000001f5e92a4690 code [0x000001f5e92a4820, 0x000001f5e92a4b98]
Event: 14269.119 Thread 0x000001f5f6a806f0 50178       3       com.google.common.cache.LocalCache$SoftValueReference::copyFor (11 bytes)
Event: 14269.120 Thread 0x000001f5f6a806f0 nmethod 50178 0x000001f5dec95f10 code [0x000001f5dec960e0, 0x000001f5dec96558]
Event: 14269.132 Thread 0x000001f5f6a806f0 50179   !   3       sun.nio.cs.UnicodeDecoder::decodeLoop (304 bytes)
Event: 14269.133 Thread 0x000001f5f6a806f0 nmethod 50179 0x000001f5e1f40010 code [0x000001f5e1f40380, 0x000001f5e1f41d58]
Event: 14269.133 Thread 0x000001f5f6a806f0 50180       3       com.google.gson.internal.bind.MapTypeAdapterFactory$Adapter::read (224 bytes)
Event: 14269.134 Thread 0x000001f5f6a806f0 nmethod 50180 0x000001f5e171cc10 code [0x000001f5e171d0a0, 0x000001f5e171f478]
Event: 14269.139 Thread 0x000001f5f6a806f0 50181       3       org.gradle.internal.logging.sink.ProgressLogEventGenerator$Operation::plainTextEvent (31 bytes)
Event: 14269.139 Thread 0x000001f5f6a806f0 nmethod 50181 0x000001f5df855110 code [0x000001f5df855300, 0x000001f5df855948]
Event: 14269.147 Thread 0x000001f5f73c27b0 50182       4       org.gradle.internal.vfs.impl.DefaultSnapshotHierarchy::getNode (37 bytes)
Event: 14269.149 Thread 0x000001f5f73c27b0 nmethod 50182 0x000001f5e92a4c90 code [0x000001f5e92a4e40, 0x000001f5e92a52c8]
Event: 14269.156 Thread 0x000001f5f73c27b0 50183       4       java.util.stream.Collectors::toCollection (22 bytes)
Event: 14269.156 Thread 0x000001f5f73c27b0 nmethod 50183 0x000001f5e92a5710 code [0x000001f5e92a58a0, 0x000001f5e92a5978]

GC Heap History (20 events):
Event: 13743.005 GC heap before
{Heap before GC invocations=134 (full 0):
 garbage-first heap   total 1050624K, used 217059K [0x0000000080000000, 0x0000000100000000)
  region size 1024K, 12 young (12288K), 7 survivors (7168K)
 Metaspace       used 158295K, committed 160576K, reserved 1245184K
  class space    used 22045K, committed 23168K, reserved 1048576K
}
Event: 13743.009 GC heap after
{Heap after GC invocations=135 (full 0):
 garbage-first heap   total 1050624K, used 216035K [0x0000000080000000, 0x0000000100000000)
  region size 1024K, 10 young (10240K), 10 survivors (10240K)
 Metaspace       used 158295K, committed 160576K, reserved 1245184K
  class space    used 22045K, committed 23168K, reserved 1048576K
}
Event: 13836.292 GC heap before
{Heap before GC invocations=136 (full 0):
 garbage-first heap   total 826368K, used 613347K [0x0000000080000000, 0x0000000100000000)
  region size 1024K, 343 young (351232K), 10 survivors (10240K)
 Metaspace       used 157861K, committed 160192K, reserved 1245184K
  class space    used 22010K, committed 23168K, reserved 1048576K
}
Event: 13836.301 GC heap after
{Heap after GC invocations=137 (full 0):
 garbage-first heap   total 826368K, used 232196K [0x0000000080000000, 0x0000000100000000)
  region size 1024K, 29 young (29696K), 29 survivors (29696K)
 Metaspace       used 157861K, committed 160192K, reserved 1245184K
  class space    used 22010K, committed 23168K, reserved 1048576K
}
Event: 13836.318 GC heap before
{Heap before GC invocations=137 (full 0):
 garbage-first heap   total 826368K, used 242436K [0x0000000080000000, 0x0000000100000000)
  region size 1024K, 40 young (40960K), 29 survivors (29696K)
 Metaspace       used 157864K, committed 160192K, reserved 1245184K
  class space    used 22010K, committed 23168K, reserved 1048576K
}
Event: 13836.344 GC heap after
{Heap after GC invocations=138 (full 0):
 garbage-first heap   total 826368K, used 202507K [0x0000000080000000, 0x0000000100000000)
  region size 1024K, 5 young (5120K), 5 survivors (5120K)
 Metaspace       used 157864K, committed 160192K, reserved 1245184K
  class space    used 22010K, committed 23168K, reserved 1048576K
}
Event: 13838.098 GC heap before
{Heap before GC invocations=138 (full 0):
 garbage-first heap   total 826368K, used 252683K [0x0000000080000000, 0x0000000100000000)
  region size 1024K, 56 young (57344K), 5 survivors (5120K)
 Metaspace       used 157883K, committed 160192K, reserved 1245184K
  class space    used 22010K, committed 23168K, reserved 1048576K
}
Event: 13838.102 GC heap after
{Heap after GC invocations=139 (full 0):
 garbage-first heap   total 826368K, used 201985K [0x0000000080000000, 0x0000000100000000)
  region size 1024K, 4 young (4096K), 4 survivors (4096K)
 Metaspace       used 157883K, committed 160192K, reserved 1245184K
  class space    used 22010K, committed 23168K, reserved 1048576K
}
Event: 13838.467 GC heap before
{Heap before GC invocations=140 (full 0):
 garbage-first heap   total 638976K, used 487681K [0x0000000080000000, 0x0000000100000000)
  region size 1024K, 295 young (302080K), 4 survivors (4096K)
 Metaspace       used 158499K, committed 160768K, reserved 1245184K
  class space    used 22051K, committed 23168K, reserved 1048576K
}
Event: 13838.475 GC heap after
{Heap after GC invocations=141 (full 0):
 garbage-first heap   total 638976K, used 202398K [0x0000000080000000, 0x0000000100000000)
  region size 1024K, 20 young (20480K), 20 survivors (20480K)
 Metaspace       used 158499K, committed 160768K, reserved 1245184K
  class space    used 22051K, committed 23168K, reserved 1048576K
}
Event: 13838.476 GC heap before
{Heap before GC invocations=141 (full 0):
 garbage-first heap   total 638976K, used 212638K [0x0000000080000000, 0x0000000100000000)
  region size 1024K, 31 young (31744K), 20 survivors (20480K)
 Metaspace       used 158499K, committed 160768K, reserved 1245184K
  class space    used 22051K, committed 23168K, reserved 1048576K
}
Event: 13838.488 GC heap after
{Heap after GC invocations=142 (full 0):
 garbage-first heap   total 638976K, used 168381K [0x0000000080000000, 0x0000000100000000)
  region size 1024K, 4 young (4096K), 4 survivors (4096K)
 Metaspace       used 158499K, committed 160768K, reserved 1245184K
  class space    used 22051K, committed 23168K, reserved 1048576K
}
Event: 13838.532 GC heap before
{Heap before GC invocations=142 (full 0):
 garbage-first heap   total 638976K, used 347581K [0x0000000080000000, 0x0000000100000000)
  region size 1024K, 181 young (185344K), 4 survivors (4096K)
 Metaspace       used 158505K, committed 160768K, reserved 1245184K
  class space    used 22051K, committed 23168K, reserved 1048576K
}
Event: 13838.536 GC heap after
{Heap after GC invocations=143 (full 0):
 garbage-first heap   total 638976K, used 175106K [0x0000000080000000, 0x0000000100000000)
  region size 1024K, 10 young (10240K), 10 survivors (10240K)
 Metaspace       used 158505K, committed 160768K, reserved 1245184K
  class space    used 22051K, committed 23168K, reserved 1048576K
}
Event: 14227.820 GC heap before
{Heap before GC invocations=144 (full 0):
 garbage-first heap   total 624640K, used 462850K [0x0000000080000000, 0x0000000100000000)
  region size 1024K, 261 young (267264K), 10 survivors (10240K)
 Metaspace       used 158064K, committed 160384K, reserved 1245184K
  class space    used 22010K, committed 23168K, reserved 1048576K
}
Event: 14227.843 GC heap after
{Heap after GC invocations=145 (full 0):
 garbage-first heap   total 624640K, used 201840K [0x0000000080000000, 0x0000000100000000)
  region size 1024K, 33 young (33792K), 33 survivors (33792K)
 Metaspace       used 158064K, committed 160384K, reserved 1245184K
  class space    used 22010K, committed 23168K, reserved 1048576K
}
Event: 14227.861 GC heap before
{Heap before GC invocations=145 (full 0):
 garbage-first heap   total 624640K, used 204912K [0x0000000080000000, 0x0000000100000000)
  region size 1024K, 37 young (37888K), 33 survivors (33792K)
 Metaspace       used 158064K, committed 160384K, reserved 1245184K
  class space    used 22010K, committed 23168K, reserved 1048576K
}
Event: 14227.897 GC heap after
{Heap after GC invocations=146 (full 0):
 garbage-first heap   total 624640K, used 197757K [0x0000000080000000, 0x0000000100000000)
  region size 1024K, 3 young (3072K), 3 survivors (3072K)
 Metaspace       used 158064K, committed 160384K, reserved 1245184K
  class space    used 22010K, committed 23168K, reserved 1048576K
}
Event: 14227.904 GC heap before
{Heap before GC invocations=146 (full 0):
 garbage-first heap   total 624640K, used 205949K [0x0000000080000000, 0x0000000100000000)
  region size 1024K, 13 young (13312K), 3 survivors (3072K)
 Metaspace       used 158064K, committed 160384K, reserved 1245184K
  class space    used 22010K, committed 23168K, reserved 1048576K
}
Event: 14227.910 GC heap after
{Heap after GC invocations=147 (full 0):
 garbage-first heap   total 1214464K, used 204598K [0x0000000080000000, 0x0000000100000000)
  region size 1024K, 10 young (10240K), 10 survivors (10240K)
 Metaspace       used 158064K, committed 160384K, reserved 1245184K
  class space    used 22010K, committed 23168K, reserved 1048576K
}

Dll operation events (15 events):
Event: 0.004 Loaded shared library D:\Java\ms-17.0.15\bin\java.dll
Event: 0.017 Loaded shared library D:\Java\ms-17.0.15\bin\jsvml.dll
Event: 0.055 Loaded shared library D:\Java\ms-17.0.15\bin\net.dll
Event: 0.056 Loaded shared library D:\Java\ms-17.0.15\bin\nio.dll
Event: 0.060 Loaded shared library D:\Java\ms-17.0.15\bin\zip.dll
Event: 0.113 Loaded shared library D:\Java\ms-17.0.15\bin\jimage.dll
Event: 0.139 Loaded shared library D:\Java\ms-17.0.15\bin\verify.dll
Event: 0.213 Loaded shared library D:\Projects\kotlinApp\gradle\native\68d5fa5c4cc2d200863cafc0d521ce42e7d3e7ee720ec0a83991735586a16f82\windows-amd64\native-platform.dll
Event: 0.221 Loaded shared library D:\Projects\kotlinApp\gradle\native\e376f236ea51e6404a007f0833ffe2c6e607c4080706a723a18a27aeea778392\windows-amd64\native-platform-file-events.dll
Event: 0.531 Loaded shared library D:\Java\ms-17.0.15\bin\management.dll
Event: 0.534 Loaded shared library D:\Java\ms-17.0.15\bin\management_ext.dll
Event: 0.643 Loaded shared library D:\Java\ms-17.0.15\bin\extnet.dll
Event: 0.756 Loaded shared library D:\Java\ms-17.0.15\bin\sunmscapi.dll
Event: 426.147 Loaded shared library C:\Users\theja\AppData\Local\Temp\native-platform8747489642961077934dir\native-platform.dll
Event: 426.542 Loaded shared library D:\Java\ms-17.0.15\bin\rmi.dll

Deoptimization events (20 events):
Event: 14227.380 Thread 0x000001f5c39e8240 DEOPT PACKING pc=0x000001f5e6a7a6c4 sp=0x00000031849fec10
Event: 14227.381 Thread 0x000001f5c39e8240 DEOPT UNPACKING pc=0x000001f5e5c869a3 sp=0x00000031849feb98 mode 2
Event: 14227.382 Thread 0x000001f5c39e8240 Uncommon trap: trap_request=0xffffffc6 fr.pc=0x000001f5e6a7a6c4 relative=0x0000000000000904
Event: 14227.382 Thread 0x000001f5c39e8240 Uncommon trap: reason=bimorphic_or_optimized_type_check action=maybe_recompile pc=0x000001f5e6a7a6c4 method=java.util.HashMap.removeNode(ILjava/lang/Object;Ljava/lang/Object;ZZ)Ljava/util/HashMap$Node; @ 283 c2
Event: 14227.382 Thread 0x000001f5c39e8240 DEOPT PACKING pc=0x000001f5e6a7a6c4 sp=0x00000031849fec10
Event: 14227.382 Thread 0x000001f5c39e8240 DEOPT UNPACKING pc=0x000001f5e5c869a3 sp=0x00000031849feb98 mode 2
Event: 14228.023 Thread 0x000001f5ca387000 Uncommon trap: trap_request=0xffffffc6 fr.pc=0x000001f5e8391e7c relative=0x000000000000069c
Event: 14228.023 Thread 0x000001f5ca387000 Uncommon trap: reason=bimorphic_or_optimized_type_check action=maybe_recompile pc=0x000001f5e8391e7c method=java.nio.charset.CharsetDecoder.reset()Ljava/nio/charset/CharsetDecoder; @ 1 c2
Event: 14228.023 Thread 0x000001f5ca387000 DEOPT PACKING pc=0x000001f5e8391e7c sp=0x00000031946fb080
Event: 14228.023 Thread 0x000001f5ca387000 DEOPT UNPACKING pc=0x000001f5e5c869a3 sp=0x00000031946faf38 mode 2
Event: 14228.633 Thread 0x000001f5c3d4b3f0 DEOPT PACKING pc=0x000001f5e01ee605 sp=0x00000031a0cfdee0
Event: 14228.634 Thread 0x000001f5c3d4b3f0 DEOPT UNPACKING pc=0x000001f5e5c87143 sp=0x00000031a0cfd4b0 mode 0
Event: 14228.735 Thread 0x000001f5c39e8240 Uncommon trap: trap_request=0xfffffff4 fr.pc=0x000001f5e8925160 relative=0x00000000000007c0
Event: 14228.735 Thread 0x000001f5c39e8240 Uncommon trap: reason=null_check action=make_not_entrant pc=0x000001f5e8925160 method=java.lang.ProcessEnvironment.put(Ljava/lang/String;Ljava/lang/String;)Ljava/lang/String; @ 12 c2
Event: 14228.735 Thread 0x000001f5c39e8240 DEOPT PACKING pc=0x000001f5e8925160 sp=0x00000031849fed60
Event: 14228.735 Thread 0x000001f5c39e8240 DEOPT UNPACKING pc=0x000001f5e5c869a3 sp=0x00000031849fece8 mode 2
Event: 14269.133 Thread 0x000001f5c3b410e0 Uncommon trap: trap_request=0xffffffc6 fr.pc=0x000001f5e8391e7c relative=0x000000000000069c
Event: 14269.133 Thread 0x000001f5c3b410e0 Uncommon trap: reason=bimorphic_or_optimized_type_check action=maybe_recompile pc=0x000001f5e8391e7c method=java.nio.charset.CharsetDecoder.reset()Ljava/nio/charset/CharsetDecoder; @ 1 c2
Event: 14269.133 Thread 0x000001f5c3b410e0 DEOPT PACKING pc=0x000001f5e8391e7c sp=0x00000031961fb010
Event: 14269.133 Thread 0x000001f5c3b410e0 DEOPT UNPACKING pc=0x000001f5e5c869a3 sp=0x00000031961faec8 mode 2

Classes loaded (20 events):
Event: 5362.368 Loading class java/io/IOError
Event: 5362.368 Loading class java/io/IOError done
Event: 5362.377 Loading class java/util/regex/Pattern$Bound
Event: 5362.377 Loading class java/util/regex/Pattern$Bound done
Event: 5362.533 Loading class java/util/ImmutableCollections$Access
Event: 5362.533 Loading class java/util/ImmutableCollections$Access done
Event: 5362.533 Loading class java/util/ImmutableCollections$Access$1
Event: 5362.533 Loading class jdk/internal/access/JavaUtilCollectionAccess
Event: 5362.533 Loading class jdk/internal/access/JavaUtilCollectionAccess done
Event: 5362.533 Loading class java/util/ImmutableCollections$Access$1 done
Event: 5362.782 Loading class java/text/BreakIterator
Event: 5362.782 Loading class java/text/BreakIterator done
Event: 5362.797 Loading class java/util/function/ToIntBiFunction
Event: 5362.798 Loading class java/util/function/ToIntBiFunction done
Event: 5362.914 Loading class java/util/EnumMap$Values
Event: 5362.915 Loading class java/util/EnumMap$Values done
Event: 5362.915 Loading class java/util/EnumMap$ValueIterator
Event: 5362.915 Loading class java/util/EnumMap$ValueIterator done
Event: 5363.207 Loading class sun/nio/cs/US_ASCII$Decoder
Event: 5363.207 Loading class sun/nio/cs/US_ASCII$Decoder done

Classes unloaded (20 events):
Event: 13838.561 Thread 0x000001f5f6a62920 Unloading class 0x000001f5826bc208 'com/bumptech/glide/annotation/compiler/RequestBuilderGenerator'
Event: 13838.561 Thread 0x000001f5f6a62920 Unloading class 0x000001f5826bc000 'com/bumptech/glide/annotation/compiler/GlideGenerator'
Event: 13838.561 Thread 0x000001f5f6a62920 Unloading class 0x000001f5826b7d40 'com/bumptech/glide/annotation/compiler/RequestManagerFactoryGenerator'
Event: 13838.561 Thread 0x000001f5f6a62920 Unloading class 0x000001f5826b7b38 'com/bumptech/glide/annotation/compiler/RequestManagerGenerator'
Event: 13838.561 Thread 0x000001f5f6a62920 Unloading class 0x000001f5826b7930 'com/bumptech/glide/annotation/compiler/RequestOptionsOverrideGenerator'
Event: 13838.561 Thread 0x000001f5f6a62920 Unloading class 0x000001f5826b7728 'com/bumptech/glide/annotation/compiler/RequestOptionsGenerator'
Event: 13838.561 Thread 0x000001f5f6a62920 Unloading class 0x000001f5826b7520 'com/bumptech/glide/annotation/compiler/AppModuleGenerator'
Event: 13838.561 Thread 0x000001f5f6a62920 Unloading class 0x000001f5826b7318 'com/bumptech/glide/annotation/compiler/AppModuleProcessor'
Event: 13838.561 Thread 0x000001f5f6a62920 Unloading class 0x000001f5826b7110 'com/bumptech/glide/annotation/compiler/LibraryModuleProcessor'
Event: 13838.561 Thread 0x000001f5f6a62920 Unloading class 0x000001f5826b6f08 'com/bumptech/glide/annotation/compiler/IndexerGenerator'
Event: 13838.561 Thread 0x000001f5f6a62920 Unloading class 0x000001f5826b6d08 'com/bumptech/glide/repackaged/com/squareup/javapoet/Util'
Event: 13838.561 Thread 0x000001f5f6a62920 Unloading class 0x000001f5826b6ac8 'com/bumptech/glide/repackaged/com/squareup/javapoet/TypeVariableName'
Event: 13838.561 Thread 0x000001f5f6a62920 Unloading class 0x000001f5826b6888 'com/bumptech/glide/repackaged/com/squareup/javapoet/ParameterizedTypeName'
Event: 13838.561 Thread 0x000001f5f6a62920 Unloading class 0x000001f5826b6648 'com/bumptech/glide/repackaged/com/squareup/javapoet/ArrayTypeName'
Event: 13838.561 Thread 0x000001f5f6a62920 Unloading class 0x000001f5826b6450 'com/bumptech/glide/repackaged/com/google/common/base/Function'
Event: 13838.561 Thread 0x000001f5f6a62920 Unloading class 0x000001f5826b6258 'com/bumptech/glide/repackaged/com/google/common/base/Predicate'
Event: 13838.561 Thread 0x000001f5f6a62920 Unloading class 0x000001f5826b6000 'com/bumptech/glide/repackaged/com/squareup/javapoet/ClassName'
Event: 13838.561 Thread 0x000001f5f6a62920 Unloading class 0x000001f5826ad488 'com/bumptech/glide/repackaged/com/squareup/javapoet/TypeName'
Event: 13838.561 Thread 0x000001f5f6a62920 Unloading class 0x000001f5826ad280 'com/bumptech/glide/annotation/compiler/ProcessorUtil'
Event: 13838.561 Thread 0x000001f5f6a62920 Unloading class 0x000001f5826ad000 'com/bumptech/glide/annotation/compiler/GlideAnnotationProcessor'

Classes redefined (0 events):
No events

Internal exceptions (20 events):
Event: 14228.035 Thread 0x000001f5c3d4b3f0 Exception <a 'sun/nio/fs/WindowsException'{0x00000000ad668f18}> (0x00000000ad668f18) 
thrown [s\src\hotspot\share\prims\jni.cpp, line 516]
Event: 14228.043 Thread 0x000001f5ca386af0 Exception <a 'sun/nio/fs/WindowsException'{0x00000000acd1f990}> (0x00000000acd1f990) 
thrown [s\src\hotspot\share\prims\jni.cpp, line 516]
Event: 14228.045 Thread 0x000001f5ca386af0 Exception <a 'sun/nio/fs/WindowsException'{0x00000000acc6cb98}> (0x00000000acc6cb98) 
thrown [s\src\hotspot\share\prims\jni.cpp, line 516]
Event: 14228.622 Thread 0x000001f5c3d4b3f0 Exception <a 'sun/nio/fs/WindowsException'{0x00000000abdcc470}> (0x00000000abdcc470) 
thrown [s\src\hotspot\share\prims\jni.cpp, line 516]
Event: 14228.717 Thread 0x000001f5c39e8240 Exception <a 'sun/nio/fs/WindowsException'{0x00000000a9e34cd8}> (0x00000000a9e34cd8) 
thrown [s\src\hotspot\share\prims\jni.cpp, line 516]
Event: 14268.844 Thread 0x000001f5c39e8240 Exception <a 'sun/nio/fs/WindowsException'{0x00000000a5ef1478}> (0x00000000a5ef1478) 
thrown [s\src\hotspot\share\prims\jni.cpp, line 516]
Event: 14268.844 Thread 0x000001f5c39e8240 Exception <a 'sun/nio/fs/WindowsException'{0x00000000a5ef2950}> (0x00000000a5ef2950) 
thrown [s\src\hotspot\share\prims\jni.cpp, line 516]
Event: 14268.844 Thread 0x000001f5c39e8240 Exception <a 'sun/nio/fs/WindowsException'{0x00000000a5ef3e78}> (0x00000000a5ef3e78) 
thrown [s\src\hotspot\share\prims\jni.cpp, line 516]
Event: 14268.844 Thread 0x000001f5c39e8240 Exception <a 'sun/nio/fs/WindowsException'{0x00000000a5ef53a0}> (0x00000000a5ef53a0) 
thrown [s\src\hotspot\share\prims\jni.cpp, line 516]
Event: 14268.858 Thread 0x000001f5c3b33730 Exception <a 'sun/nio/fs/WindowsException'{0x00000000a57565d8}> (0x00000000a57565d8) 
thrown [s\src\hotspot\share\prims\jni.cpp, line 516]
Event: 14268.987 Thread 0x000001f5c3b33730 Exception <a 'sun/nio/fs/WindowsException'{0x00000000a0da4800}> (0x00000000a0da4800) 
thrown [s\src\hotspot\share\prims\jni.cpp, line 516]
Event: 14268.987 Thread 0x000001f5c3b33730 Exception <a 'sun/nio/fs/WindowsException'{0x00000000a0da5818}> (0x00000000a0da5818) 
thrown [s\src\hotspot\share\prims\jni.cpp, line 516]
Event: 14269.063 Thread 0x000001f5c3b37e10 Exception <a 'sun/nio/fs/WindowsException'{0x000000009ffb94b0}> (0x000000009ffb94b0) 
thrown [s\src\hotspot\share\prims\jni.cpp, line 516]
Event: 14269.063 Thread 0x000001f5c3b37e10 Exception <a 'sun/nio/fs/WindowsException'{0x000000009ffba4d8}> (0x000000009ffba4d8) 
thrown [s\src\hotspot\share\prims\jni.cpp, line 516]
Event: 14269.077 Thread 0x000001f5c3b406c0 Exception <a 'sun/nio/fs/WindowsException'{0x000000009f80c780}> (0x000000009f80c780) 
thrown [s\src\hotspot\share\prims\jni.cpp, line 516]
Event: 14269.087 Thread 0x000001f5c3b3bfe0 Exception <a 'sun/nio/fs/WindowsException'{0x000000009f169500}> (0x000000009f169500) 
thrown [s\src\hotspot\share\prims\jni.cpp, line 516]
Event: 14269.149 Thread 0x000001f5cf5c3030 Exception <a 'sun/nio/fs/WindowsException'{0x000000009d832138}> (0x000000009d832138) 
thrown [s\src\hotspot\share\prims\jni.cpp, line 516]
Event: 14269.149 Thread 0x000001f5cf5c3030 Exception <a 'sun/nio/fs/WindowsException'{0x000000009d832c08}> (0x000000009d832c08) 
thrown [s\src\hotspot\share\prims\jni.cpp, line 516]
Event: 14269.156 Thread 0x000001f5c3b3b0b0 Exception <a 'sun/nio/fs/WindowsException'{0x000000009d5b9e78}> (0x000000009d5b9e78) 
thrown [s\src\hotspot\share\prims\jni.cpp, line 516]
Event: 14269.158 Thread 0x000001f5c3b3b0b0 Exception <a 'sun/nio/fs/WindowsException'{0x000000009d4e4cd0}> (0x000000009d4e4cd0) 
thrown [s\src\hotspot\share\prims\jni.cpp, line 516]

VM Operations (20 events):
Event: 13970.793 Executing VM operation: Cleanup
Event: 13970.793 Executing VM operation: Cleanup done
Event: 14227.820 Executing VM operation: G1CollectForAllocation
Event: 14227.843 Executing VM operation: G1CollectForAllocation done
Event: 14227.861 Executing VM operation: G1CollectForAllocation
Event: 14227.897 Executing VM operation: G1CollectForAllocation done
Event: 14227.904 Executing VM operation: G1TryInitiateConcMark
Event: 14227.910 Executing VM operation: G1TryInitiateConcMark done
Event: 14227.944 Executing VM operation: G1PauseRemark
Event: 14227.970 Executing VM operation: G1PauseRemark done
Event: 14227.986 Executing VM operation: G1PauseCleanup
Event: 14227.987 Executing VM operation: G1PauseCleanup done
Event: 14228.666 Executing VM operation: HandshakeAllThreads
Event: 14228.667 Executing VM operation: HandshakeAllThreads done
Event: 14229.674 Executing VM operation: Cleanup
Event: 14229.674 Executing VM operation: Cleanup done
Event: 14248.960 Executing VM operation: HandshakeAllThreads
Event: 14248.960 Executing VM operation: HandshakeAllThreads done
Event: 14269.172 Executing VM operation: Cleanup
Event: 14269.172 Executing VM operation: Cleanup done

Memory protections (0 events):
No events

Nmethod flushes (20 events):
Event: 14228.700 Thread 0x000001f5f6a84020 flushing  nmethod 0x000001f5e2c2f410
Event: 14228.700 Thread 0x000001f5f6a84020 flushing  nmethod 0x000001f5e2c2f990
Event: 14228.700 Thread 0x000001f5f6a84020 flushing  nmethod 0x000001f5e2c30390
Event: 14228.700 Thread 0x000001f5f6a84020 flushing  nmethod 0x000001f5e2c31510
Event: 14228.700 Thread 0x000001f5f6a84020 flushing  nmethod 0x000001f5e2c32c10
Event: 14228.700 Thread 0x000001f5f6a84020 flushing  nmethod 0x000001f5e2c33190
Event: 14228.700 Thread 0x000001f5f6a84020 flushing  nmethod 0x000001f5e2c33f10
Event: 14228.700 Thread 0x000001f5f6a84020 flushing  nmethod 0x000001f5e2c34490
Event: 14228.700 Thread 0x000001f5f6a84020 flushing  nmethod 0x000001f5e2c35210
Event: 14228.700 Thread 0x000001f5f6a84020 flushing  nmethod 0x000001f5e2c35990
Event: 14228.700 Thread 0x000001f5f6a84020 flushing  nmethod 0x000001f5e2c36b90
Event: 14228.700 Thread 0x000001f5f6a84020 flushing  nmethod 0x000001f5e2c36f90
Event: 14228.700 Thread 0x000001f5f6a84020 flushing  nmethod 0x000001f5e2c37410
Event: 14228.700 Thread 0x000001f5f6a84020 flushing  nmethod 0x000001f5e2c39890
Event: 14228.700 Thread 0x000001f5f6a84020 flushing  nmethod 0x000001f5e2c39d10
Event: 14228.700 Thread 0x000001f5f6a84020 flushing  nmethod 0x000001f5e2c3a710
Event: 14228.700 Thread 0x000001f5f6a84020 flushing  nmethod 0x000001f5e2c3aa90
Event: 14228.700 Thread 0x000001f5f6a84020 flushing  nmethod 0x000001f5e2c3ae90
Event: 14228.700 Thread 0x000001f5f6a84020 flushing  nmethod 0x000001f5e2c3be90
Event: 14228.700 Thread 0x000001f5f6a84020 flushing  nmethod 0x000001f5e2c3c210

Events (20 events):
Event: 14268.915 Thread 0x000001f5c3b33730 Thread added: 0x000001f5cf5b7f00
Event: 14268.915 Thread 0x000001f5c3b33730 Thread added: 0x000001f5cf5bf880
Event: 14268.915 Thread 0x000001f5c3b33730 Thread added: 0x000001f5cf5b8410
Event: 14268.915 Thread 0x000001f5c3b33730 Thread added: 0x000001f5cf5bfd90
Event: 14268.915 Thread 0x000001f5c3b33730 Thread added: 0x000001f5cf5c02a0
Event: 14268.915 Thread 0x000001f5c3b33730 Thread added: 0x000001f5cf5c07b0
Event: 14268.915 Thread 0x000001f5c3b33730 Thread added: 0x000001f5cf5c0cc0
Event: 14268.915 Thread 0x000001f5c3b33730 Thread added: 0x000001f5cf5c53a0
Event: 14268.915 Thread 0x000001f5c3b33730 Thread added: 0x000001f5cf5c2610
Event: 14268.915 Thread 0x000001f5c3b33730 Thread added: 0x000001f5cf5c2b20
Event: 14268.915 Thread 0x000001f5c3b33730 Thread added: 0x000001f5cf5c58b0
Event: 14268.917 Thread 0x000001f5c3b33730 Thread added: 0x000001f5cf5c3f60
Event: 14268.917 Thread 0x000001f5c3b33730 Thread added: 0x000001f5cf5c11d0
Event: 14268.917 Thread 0x000001f5c3b33730 Thread added: 0x000001f5cf5c3a50
Event: 14269.058 Thread 0x000001f5c3b33730 Thread added: 0x000001f5cf5c6cf0
Event: 14269.072 Thread 0x000001f5c3b34660 Thread added: 0x000001f5cf5c3030
Event: 14269.147 Thread 0x000001f5c3b410e0 Thread added: 0x000001f5cf5c7200
Event: 14269.150 Thread 0x000001f5cf5c3030 Thread added: 0x000001f5cf5c7710
Event: 14269.152 Thread 0x000001f5cf5c3030 Thread added: 0x000001f5cf5c8130
Event: 14269.152 Thread 0x000001f5cf5c3030 Thread added: 0x000001f5cf5c4980


Dynamic libraries:
0x00007ff763780000 - 0x00007ff76378e000 	D:\Java\ms-17.0.15\bin\java.exe
0x00007ffbe2a30000 - 0x00007ffbe2c47000 	C:\Windows\SYSTEM32\ntdll.dll
0x00007ffbe0c80000 - 0x00007ffbe0d44000 	C:\Windows\System32\KERNEL32.DLL
0x00007ffbe01d0000 - 0x00007ffbe05a3000 	C:\Windows\System32\KERNELBASE.dll
0x00007ffbdfbc0000 - 0x00007ffbdfcd1000 	C:\Windows\System32\ucrtbase.dll
0x00007ffbad050000 - 0x00007ffbad067000 	D:\Java\ms-17.0.15\bin\jli.dll
0x00007ffbac6e0000 - 0x00007ffbac6fd000 	D:\Java\ms-17.0.15\bin\VCRUNTIME140.dll
0x00007ffbe2030000 - 0x00007ffbe21e1000 	C:\Windows\System32\USER32.dll
0x00007ffbdfd80000 - 0x00007ffbdfda6000 	C:\Windows\System32\win32u.dll
0x00007ffbe07c0000 - 0x00007ffbe07e9000 	C:\Windows\System32\GDI32.dll
0x00007ffbc7ad0000 - 0x00007ffbc7d68000 	C:\Windows\WinSxS\amd64_microsoft.windows.common-controls_6595b64144ccf1df_6.0.22621.5124_none_270e8f4f7386d69d\COMCTL32.dll
0x00007ffbe05b0000 - 0x00007ffbe06cb000 	C:\Windows\System32\gdi32full.dll
0x00007ffbe07f0000 - 0x00007ffbe0897000 	C:\Windows\System32\msvcrt.dll
0x00007ffbdfce0000 - 0x00007ffbdfd7a000 	C:\Windows\System32\msvcp_win.dll
0x00007ffbe0780000 - 0x00007ffbe07b1000 	C:\Windows\System32\IMM32.DLL
0x00007ffbab900000 - 0x00007ffbab90c000 	D:\Java\ms-17.0.15\bin\vcruntime140_1.dll
0x00007ffb78070000 - 0x00007ffb780fd000 	D:\Java\ms-17.0.15\bin\msvcp140.dll
0x00007ffb3bd60000 - 0x00007ffb3c9d2000 	D:\Java\ms-17.0.15\bin\server\jvm.dll
0x00007ffbe08a0000 - 0x00007ffbe0951000 	C:\Windows\System32\ADVAPI32.dll
0x00007ffbe06d0000 - 0x00007ffbe0778000 	C:\Windows\System32\sechost.dll
0x00007ffbdff70000 - 0x00007ffbdff98000 	C:\Windows\System32\bcrypt.dll
0x00007ffbe21f0000 - 0x00007ffbe2304000 	C:\Windows\System32\RPCRT4.dll
0x00007ffbe0d70000 - 0x00007ffbe0de1000 	C:\Windows\System32\WS2_32.dll
0x00007ffbde990000 - 0x00007ffbde9dd000 	C:\Windows\SYSTEM32\POWRPROF.dll
0x00007ffbd73f0000 - 0x00007ffbd7424000 	C:\Windows\SYSTEM32\WINMM.dll
0x00007ffbd4c20000 - 0x00007ffbd4c2a000 	C:\Windows\SYSTEM32\VERSION.dll
0x00007ffbde970000 - 0x00007ffbde983000 	C:\Windows\SYSTEM32\UMPDC.dll
0x00007ffbdec30000 - 0x00007ffbdec48000 	C:\Windows\SYSTEM32\kernel.appcore.dll
0x00007ffbab650000 - 0x00007ffbab65a000 	D:\Java\ms-17.0.15\bin\jimage.dll
0x00007ffbdd100000 - 0x00007ffbdd332000 	C:\Windows\SYSTEM32\DBGHELP.DLL
0x00007ffbe2650000 - 0x00007ffbe29e2000 	C:\Windows\System32\combase.dll
0x00007ffbe2310000 - 0x00007ffbe23e7000 	C:\Windows\System32\OLEAUT32.dll
0x00007ffbd1d40000 - 0x00007ffbd1d72000 	C:\Windows\SYSTEM32\dbgcore.DLL
0x00007ffbdfdb0000 - 0x00007ffbdfe2b000 	C:\Windows\System32\bcryptPrimitives.dll
0x00007ffbab5d0000 - 0x00007ffbab5f5000 	D:\Java\ms-17.0.15\bin\java.dll
0x00007ffb50900000 - 0x00007ffb509d6000 	D:\Java\ms-17.0.15\bin\jsvml.dll
0x00007ffbe14a0000 - 0x00007ffbe1d36000 	C:\Windows\System32\SHELL32.dll
0x00007ffbdfe30000 - 0x00007ffbdff6f000 	C:\Windows\System32\wintypes.dll
0x00007ffbdda20000 - 0x00007ffbde33a000 	C:\Windows\SYSTEM32\windows.storage.dll
0x00007ffbe0b70000 - 0x00007ffbe0c7a000 	C:\Windows\System32\SHCORE.dll
0x00007ffbe0b00000 - 0x00007ffbe0b63000 	C:\Windows\System32\shlwapi.dll
0x00007ffbdfa70000 - 0x00007ffbdfa9b000 	C:\Windows\SYSTEM32\profapi.dll
0x00007ffbab620000 - 0x00007ffbab63a000 	D:\Java\ms-17.0.15\bin\net.dll
0x00007ffbd95f0000 - 0x00007ffbd971c000 	C:\Windows\SYSTEM32\WINHTTP.dll
0x00007ffbdf0e0000 - 0x00007ffbdf14a000 	C:\Windows\system32\mswsock.dll
0x00007ffbaa680000 - 0x00007ffbaa696000 	D:\Java\ms-17.0.15\bin\nio.dll
0x00007ffba4230000 - 0x00007ffba4248000 	D:\Java\ms-17.0.15\bin\zip.dll
0x00007ffbab320000 - 0x00007ffbab330000 	D:\Java\ms-17.0.15\bin\verify.dll
0x00007ffba3b10000 - 0x00007ffba3b37000 	D:\Projects\kotlinApp\gradle\native\68d5fa5c4cc2d200863cafc0d521ce42e7d3e7ee720ec0a83991735586a16f82\windows-amd64\native-platform.dll
0x00007ffb507b0000 - 0x00007ffb508f4000 	D:\Projects\kotlinApp\gradle\native\e376f236ea51e6404a007f0833ffe2c6e607c4080706a723a18a27aeea778392\windows-amd64\native-platform-file-events.dll
0x00007ffba38b0000 - 0x00007ffba38ba000 	D:\Java\ms-17.0.15\bin\management.dll
0x00007ffba3880000 - 0x00007ffba388b000 	D:\Java\ms-17.0.15\bin\management_ext.dll
0x00007ffbe1280000 - 0x00007ffbe1288000 	C:\Windows\System32\PSAPI.DLL
0x00007ffbdf330000 - 0x00007ffbdf34b000 	C:\Windows\SYSTEM32\CRYPTSP.dll
0x00007ffbdeb90000 - 0x00007ffbdebc7000 	C:\Windows\system32\rsaenh.dll
0x00007ffbdf1d0000 - 0x00007ffbdf1f8000 	C:\Windows\SYSTEM32\USERENV.dll
0x00007ffbdf350000 - 0x00007ffbdf35c000 	C:\Windows\SYSTEM32\CRYPTBASE.dll
0x00007ffbde650000 - 0x00007ffbde67d000 	C:\Windows\SYSTEM32\IPHLPAPI.DLL
0x00007ffbe0df0000 - 0x00007ffbe0df9000 	C:\Windows\System32\NSI.dll
0x00007ffbd9060000 - 0x00007ffbd9079000 	C:\Windows\SYSTEM32\dhcpcsvc6.DLL
0x00007ffbd8cf0000 - 0x00007ffbd8d0f000 	C:\Windows\SYSTEM32\dhcpcsvc.DLL
0x00007ffbde6d0000 - 0x00007ffbde7d2000 	C:\Windows\SYSTEM32\DNSAPI.dll
0x00007ffba21c0000 - 0x00007ffba21c9000 	D:\Java\ms-17.0.15\bin\extnet.dll
0x00007ffba0170000 - 0x00007ffba017e000 	D:\Java\ms-17.0.15\bin\sunmscapi.dll
0x00007ffbdffa0000 - 0x00007ffbe0107000 	C:\Windows\System32\CRYPT32.dll
0x00007ffbdf4f0000 - 0x00007ffbdf51d000 	C:\Windows\SYSTEM32\ncrypt.dll
0x00007ffbdf4b0000 - 0x00007ffbdf4e7000 	C:\Windows\SYSTEM32\NTASN1.dll
0x00007ffbb7e90000 - 0x00007ffbb7e98000 	C:\Windows\system32\wshunix.dll
0x00007ffba8140000 - 0x00007ffba8157000 	C:\Windows\system32\napinsp.dll
0x00007ffba8120000 - 0x00007ffba813b000 	C:\Windows\system32\pnrpnsp.dll
0x00007ffba8020000 - 0x00007ffba8031000 	C:\Windows\System32\winrnr.dll
0x00007ffbd7660000 - 0x00007ffbd7675000 	C:\Windows\system32\wshbth.dll
0x00007ffba7ff0000 - 0x00007ffba8017000 	C:\Windows\system32\nlansp_c.dll
0x00007ffbd7730000 - 0x00007ffbd773a000 	C:\Windows\System32\rasadhlp.dll
0x00007ffbd7770000 - 0x00007ffbd77f3000 	C:\Windows\System32\fwpuclnt.dll
0x00007ffbd7cc0000 - 0x00007ffbd7cde000 	C:\Users\theja\AppData\Local\Temp\native-platform8747489642961077934dir\native-platform.dll
0x00007ffbd8a80000 - 0x00007ffbd8a87000 	D:\Java\ms-17.0.15\bin\rmi.dll
0x00007ffbded50000 - 0x00007ffbded84000 	C:\Windows\SYSTEM32\ntmarta.dll
0x00007ffbd9280000 - 0x00007ffbd9317000 	C:\Windows\system32\apphelp.dll

dbghelp: loaded successfully - version: 4.0.5 - missing functions: none
symbol engine: initialized successfully - sym options: 0x614 - pdb path: .;D:\Java\ms-17.0.15\bin;C:\Windows\SYSTEM32;C:\Windows\WinSxS\amd64_microsoft.windows.common-controls_6595b64144ccf1df_6.0.22621.5124_none_270e8f4f7386d69d;D:\Java\ms-17.0.15\bin\server;D:\Projects\kotlinApp\gradle\native\68d5fa5c4cc2d200863cafc0d521ce42e7d3e7ee720ec0a83991735586a16f82\windows-amd64;D:\Projects\kotlinApp\gradle\native\e376f236ea51e6404a007f0833ffe2c6e607c4080706a723a18a27aeea778392\windows-amd64;C:\Users\theja\AppData\Local\Temp\native-platform8747489642961077934dir

VM Arguments:
jvm_args: --add-opens=java.base/java.util=ALL-UNNAMED --add-opens=java.base/java.lang=ALL-UNNAMED --add-opens=java.base/java.lang.invoke=ALL-UNNAMED --add-opens=java.prefs/java.util.prefs=ALL-UNNAMED --add-opens=java.base/java.nio.charset=ALL-UNNAMED --add-opens=java.base/java.net=ALL-UNNAMED --add-opens=java.base/java.util.concurrent.atomic=ALL-UNNAMED -Xmx2048m -Dfile.encoding=UTF-8 -Duser.country=US -Duser.language=en -Duser.variant 
java_command: org.gradle.launcher.daemon.bootstrap.GradleDaemon 8.0
java_class_path (initial): D:\Projects\kotlinApp\gradle\wrapper\dists\gradle-8.0-bin\ca5e32bp14vu59qr306oxotwh\gradle-8.0\lib\gradle-launcher-8.0.jar
Launcher Type: SUN_STANDARD

[Global flags]
     intx CICompilerCount                          = 15                                        {product} {ergonomic}
     uint ConcGCThreads                            = 6                                         {product} {ergonomic}
     uint G1ConcRefinementThreads                  = 23                                        {product} {ergonomic}
   size_t G1HeapRegionSize                         = 1048576                                   {product} {ergonomic}
    uintx GCDrainStackTargetSize                   = 64                                        {product} {ergonomic}
   size_t InitialHeapSize                          = 264241152                                 {product} {ergonomic}
   size_t MarkStackSize                            = 4194304                                   {product} {ergonomic}
   size_t MaxHeapSize                              = 2147483648                                {product} {command line}
   size_t MaxNewSize                               = 1287651328                                {product} {ergonomic}
   size_t MinHeapDeltaBytes                        = 1048576                                   {product} {ergonomic}
   size_t MinHeapSize                              = 8388608                                   {product} {ergonomic}
    uintx NonNMethodCodeHeapSize                   = 8192380                                {pd product} {ergonomic}
    uintx NonProfiledCodeHeapSize                  = 121732930                              {pd product} {ergonomic}
    uintx ProfiledCodeHeapSize                     = 121732930                              {pd product} {ergonomic}
    uintx ReservedCodeCacheSize                    = 251658240                              {pd product} {ergonomic}
     bool SegmentedCodeCache                       = true                                      {product} {ergonomic}
   size_t SoftMaxHeapSize                          = 2147483648                             {manageable} {ergonomic}
     bool UseCompressedClassPointers               = true                           {product lp64_product} {ergonomic}
     bool UseCompressedOops                        = true                           {product lp64_product} {ergonomic}
     bool UseG1GC                                  = true                                      {product} {ergonomic}
     bool UseLargePagesIndividualAllocation        = false                                  {pd product} {ergonomic}

Logging:
Log output configuration:
 #0: stdout all=warning uptime,level,tags
 #1: stderr all=off uptime,level,tags

Environment Variables:
JAVA_HOME=D:\Java\java-se-8u44-ri
PATH=C:\Program Files\Common Files\Oracle\Java\javapath;C:\Windows\system32;C:\Windows;C:\Windows\System32\Wbem;C:\Windows\System32\WindowsPowerShell\v1.0\;C:\Windows\System32\OpenSSH\;C:\Program Files (x86)\NVIDIA Corporation\PhysX\Common;C:\Program Files\NVIDIA Corporation\NVIDIA NvDLISR;C:\Program Files\dotnet\;C:\Program Files\Git\cmd;C:\Program Files\nodejs\;C:\ProgramData\chocolatey\bin;C:\Program Files\Docker\Docker\resources\bin;D:\PuTTY\;C:\Users\theja\AppData\Local\Android\Sdk\platform-tools;D:\hadoop-3.3.6;D:\Topaz Labs LLC\Topaz Gigapixel AI\bin\;d:\cursor\resources\app\bin;C:\Users\theja\AppData\Local\Programs\Python\Launcher\;C:\Users\theja\AppData\Local\Microsoft\WindowsApps;C:\Users\theja\.dotnet\tools;C:\Users\theja\AppData\Roaming\npm;C:\Users\theja\AppData\Local\Programs\Ollama;C:\Users\theja\AppData\Local\Programs\Microsoft VS Code\bin;D:\Microsoft VS Code Insiders\bin;C:\Users\theja\AppData\Local\Android\Sdk\platform-tools;D:\hadoop-3.3.6;D:\hbase-1.4.9-bin\hbase-1.4.9;D:\Java\java-se-8u44-ri;D:\Java\java-se-8u44-ri\bin;D:\hadoop-3.3.6\bin;D:\cursor\resources\app\bin
USERNAME=theja
OS=Windows_NT
PROCESSOR_IDENTIFIER=Intel64 Family 6 Model 183 Stepping 1, GenuineIntel
TMP=C:\Users\theja\AppData\Local\Temp
TEMP=C:\Users\theja\AppData\Local\Temp



Periodic native trim disabled


---------------  S Y S T E M  ---------------

OS:
 Windows 11 , 64 bit Build 22621 (10.0.22621.5124)
OS uptime: 5 days 22:00 hours
Hyper-V role detected

CPU: total 32 (initial active 32) (16 cores per cpu, 2 threads per core) family 6 model 183 stepping 1 microcode 0x120, cx8, cmov, fxsr, ht, mmx, 3dnowpref, sse, sse2, sse3, ssse3, sse4.1, sse4.2, popcnt, lzcnt, tsc, tscinvbit, avx, avx2, aes, erms, clmul, bmi1, bmi2, adx, sha, fma, vzeroupper, clflush, clflushopt, clwb, hv
Processor Information for processor 0
  Max Mhz: 2200, Current Mhz: 2200, Mhz Limit: 2200
Processor Information for processor 1
  Max Mhz: 2200, Current Mhz: 2200, Mhz Limit: 2200
Processor Information for processor 2
  Max Mhz: 2200, Current Mhz: 2200, Mhz Limit: 2200
Processor Information for processor 3
  Max Mhz: 2200, Current Mhz: 2200, Mhz Limit: 2200
Processor Information for processor 4
  Max Mhz: 2200, Current Mhz: 2200, Mhz Limit: 2200
Processor Information for processor 5
  Max Mhz: 2200, Current Mhz: 2200, Mhz Limit: 2200
Processor Information for processor 6
  Max Mhz: 2200, Current Mhz: 2200, Mhz Limit: 2200
Processor Information for processor 7
  Max Mhz: 2200, Current Mhz: 2200, Mhz Limit: 2200
Processor Information for processor 8
  Max Mhz: 2200, Current Mhz: 2200, Mhz Limit: 2200
Processor Information for processor 9
  Max Mhz: 2200, Current Mhz: 2200, Mhz Limit: 2200
Processor Information for processor 10
  Max Mhz: 2200, Current Mhz: 2200, Mhz Limit: 2200
Processor Information for processor 11
  Max Mhz: 2200, Current Mhz: 2200, Mhz Limit: 2200
Processor Information for processor 12
  Max Mhz: 2200, Current Mhz: 2200, Mhz Limit: 2200
Processor Information for processor 13
  Max Mhz: 2200, Current Mhz: 2200, Mhz Limit: 2200
Processor Information for processor 14
  Max Mhz: 2200, Current Mhz: 2200, Mhz Limit: 2200
Processor Information for processor 15
  Max Mhz: 2200, Current Mhz: 2200, Mhz Limit: 2200
Processor Information for processor 16
  Max Mhz: 2200, Current Mhz: 2200, Mhz Limit: 2200
Processor Information for processor 17
  Max Mhz: 2200, Current Mhz: 2200, Mhz Limit: 2200
Processor Information for processor 18
  Max Mhz: 2200, Current Mhz: 2200, Mhz Limit: 2200
Processor Information for processor 19
  Max Mhz: 2200, Current Mhz: 2200, Mhz Limit: 2200
Processor Information for processor 20
  Max Mhz: 2200, Current Mhz: 1512, Mhz Limit: 2200
Processor Information for processor 21
  Max Mhz: 2200, Current Mhz: 2200, Mhz Limit: 2200
Processor Information for processor 22
  Max Mhz: 2200, Current Mhz: 2200, Mhz Limit: 2200
Processor Information for processor 23
  Max Mhz: 2200, Current Mhz: 2200, Mhz Limit: 2200
Processor Information for processor 24
  Max Mhz: 2200, Current Mhz: 2200, Mhz Limit: 2200
Processor Information for processor 25
  Max Mhz: 2200, Current Mhz: 2200, Mhz Limit: 2200
Processor Information for processor 26
  Max Mhz: 2200, Current Mhz: 2200, Mhz Limit: 2200
Processor Information for processor 27
  Max Mhz: 2200, Current Mhz: 2200, Mhz Limit: 2200
Processor Information for processor 28
  Max Mhz: 2200, Current Mhz: 1512, Mhz Limit: 2200
Processor Information for processor 29
  Max Mhz: 2200, Current Mhz: 2200, Mhz Limit: 2200
Processor Information for processor 30
  Max Mhz: 2200, Current Mhz: 2200, Mhz Limit: 2200
Processor Information for processor 31
  Max Mhz: 2200, Current Mhz: 2200, Mhz Limit: 2200

Memory: 4k page, system-wide physical 16088M (586M free)
TotalPageFile size 39640M (AvailPageFile size 10948M)
current process WorkingSet (physical memory assigned to process): 1002M, peak: 1437M
current process commit charge ("private bytes"): 1435M, peak: 1860M

vm_info: OpenJDK 64-Bit Server VM (17.0.15+6-LTS) for windows-amd64 JRE (17.0.15+6-LTS), built on Apr  9 2025 22:27:25 by "MicrosoftCorporation" with unknown MS VC++:1939

END.
